"Overlay","File","SizeBytes","Sha256"
"r3-x64-off","corerun","854384","C6B1701360C089265E96C24E08967DCE5F22B7F7A41D89B38A259F481AE0B7B8"
"r3-x64-off","createdump","97552","3FC568F140FBE9BD5122523B779F56EC372D49D0CE26842DC5DA61FADF7CABFF"
"r3-x64-off","libclrgc.so","725512","97DC8B017EE1E95012DE9E49D73A4F21E9337C231CE4F53F5387CACB7C19D5A0"
"r3-x64-off","libclrgcexp.so","817440","E1E23467703ED698B40D1CD9B7BA9A6D3E06F67EAB11051C39D70C32352BBF78"
"r3-x64-off","libclrjit.so","4402496","CDB94F9660ABA870C5F9244B549CFE1238AC216874AAE92E50019D080DA0B37C"
"r3-x64-off","libcoreclr.so","5486248","BDA57E1B4B18A2332899F7C3DE50CEF65256D581B155EDA2372F260604CA009D"
"r3-x64-off","libcoreclrtraceptprovider.so","537952","4B5AF62EEEE127CD61C2AD7C8E15E4D2A759F9FA8F63C7FB5F51B2F6781D04F5"
"r3-x64-off","libhostfxr.so","309272","7C8D1571A76FD201F30F8D1E1EBECA8683B5423298C1BD469A9C74F8456ABAC1"
"r3-x64-off","libhostpolicy.so","298584","6B12A3E883F2D08D56079951306CDD0BD2917E5BFF1CCB1808C2C215A17537C9"
"r3-x64-off","libmscordaccore.so","1753984","756E61D5941C33030BE8108FBB05F4080ED8441E5AC18447D572799247F4627D"
"r3-x64-off","libmscordbi.so","1267856","30DFB1693F380B7F4B3450D975F2511DF57AE2E01FB47360E06E23A2122777E9"
"r3-x64-off","libSystem.Globalization.Native.so","61048","C39124CB21EBE63F0D29A66386B56A83791AAFB65551ECECCEFF645DE5FD2DD2"
"r3-x64-off","libSystem.IO.Compression.Native.so","1612360","32BD442BC909C59BDC7A719D9C95EA859F6EE9521CEF50F5AD9A3BEB6DD1DC04"
"r3-x64-off","libSystem.IO.Ports.Native.so","15056","82C8B35F8555CF542B8842E2898FBA8317F7EBE5E00FB2328746D065468D9E2E"
"r3-x64-off","libSystem.Native.so","101984","9D2A6D1E8458AFC8D8274336958628EE6EE7258BC2883876A4DABFCA59F876A9"
"r3-x64-off","libSystem.Net.Security.Native.so","14032","059359B275ADE1A1928082AE212457486F6F266282A09F2AAB7C44965684F861"
"r3-x64-off","libSystem.Security.Cryptography.Native.OpenSsl.so","211416","1B41FCE13BB21F1F47D89B9ABD11F776AF473E1664219B868D1F9D1E0E8E44BA"
"r3-x64-off","Microsoft.AspNetCore.Antiforgery.dll","120320","4720025C4E8AD843F4D822E53E2A648EEBD86144293C7C4B55ABBC8AC965CF26"
"r3-x64-off","Microsoft.AspNetCore.App.deps.json","21246","90CF5E14124CF66CA9C481B1AE74F431C3CE7B0400AFD2B7590868D287D9B393"
"r3-x64-off","Microsoft.AspNetCore.App.runtimeconfig.json","190","D8519405CFAFBF7C715C0D8CD6B79C62C6C6AE21C5A7B3E1ABCA28757070F12E"
"r3-x64-off","Microsoft.AspNetCore.Authentication.Abstractions.dll","46592","A24B779DF7D2E89C5E9D4BC01B1051E2A3B6E7E88FBB9E0FCBBF411FCD8E31C4"
"r3-x64-off","Microsoft.AspNetCore.Authentication.BearerToken.dll","53248","736DC5126E92600B1E45B8B413BDFE1A2D1411D17A7DA6E41F3367B1D73A0442"
"r3-x64-off","Microsoft.AspNetCore.Authentication.Cookies.dll","96768","36CB5F62C4D7A10A2A1547E1E0E1DB3ABF264FC6DC595E936D53BA6C8C7B9B07"
"r3-x64-off","Microsoft.AspNetCore.Authentication.Core.dll","97280","19B141AF50C471D4B791BEF56103DE99DBE9A998D9EE22FA7BDFF3B1F52C70B4"
"r3-x64-off","Microsoft.AspNetCore.Authentication.dll","132608","DAAF04CE7FDE9BD7F7D0E8F1AC3E2C6A5259DF569AE1614789C66A0BDA9F6A56"
"r3-x64-off","Microsoft.AspNetCore.Authentication.OAuth.dll","81408","37C62C95FFAAD8EDD61C925AC4EA618C7157DA0CB67027561EEC0CF905591EC2"
"r3-x64-off","Microsoft.AspNetCore.Authorization.dll","102912","DAA28D8FF15B3ABA784B9A8C006DE4BD198C262309BABFD87DD41ECE549F68DA"
"r3-x64-off","Microsoft.AspNetCore.Authorization.Policy.dll","55296","AB0019E49A1D9528EA399DED6F87ABA6F939B474579126E051F00044D650A9AF"
"r3-x64-off","Microsoft.AspNetCore.Components.Authorization.dll","43008","B05ACBD081E77320AA131594D6C3660A4D1EF58ECC616A3FE5B23C61E9583891"
"r3-x64-off","Microsoft.AspNetCore.Components.dll","964096","64677C5C1AE942EC256F068893C4E80DD84394240216A981E2C758EE4455449F"
"r3-x64-off","Microsoft.AspNetCore.Components.Endpoints.dll","1155072","7EA343741A2680B66E27325797ABF7908A57F1D1474583572324F0E9B704613F"
"r3-x64-off","Microsoft.AspNetCore.Components.Forms.dll","111104","5031A6214ACD96493CA70FFBEB8DD5224D68684192F9861293CD2E73D315E4B2"
"r3-x64-off","Microsoft.AspNetCore.Components.Server.dll","969216","C6B8B5C495CCA743DEE40D9E9DFAFE5793C8A3D659088013B0F9651370968549"
"r3-x64-off","Microsoft.AspNetCore.Components.Web.dll","462336","9D3BBA0C56857B649A7E9D7FA899AB9933C2E86C1BDAB484C4DA83C015EDC53D"
"r3-x64-off","Microsoft.AspNetCore.Connections.Abstractions.dll","52736","19DF4394EAD7C3AFAA3E6D2F66A1B86CFB7C85C76AEC91EFC8F86CDEA536A0E8"
"r3-x64-off","Microsoft.AspNetCore.CookiePolicy.dll","35840","8135F48F8856924F98B6674ED57668C3DDAA8C03904F2D328A3034E48B773768"
"r3-x64-off","Microsoft.AspNetCore.Cors.dll","73216","AAD75F94DFE7826371A36DE615BF00A1AA8B7B4A8887594918270157CAB29D5E"
"r3-x64-off","Microsoft.AspNetCore.Cryptography.Internal.dll","85504","B5FB1658143D393FF29D7CD581ECCE743101B8D75B261E08E02634DBE5CD50A6"
"r3-x64-off","Microsoft.AspNetCore.Cryptography.KeyDerivation.dll","23552","E4B89AD0EC6D0FFD00A50A99A99FB28FFB2D2E62DA3EFC1B07E76ADDC7952D7A"
"r3-x64-off","Microsoft.AspNetCore.DataProtection.Abstractions.dll","29184","9721B515DC4E1E7102AB4AC7EAB0CC3A03F8DAD49A8F4185C2185EBB47CDB28C"
"r3-x64-off","Microsoft.AspNetCore.DataProtection.dll","494592","EF08B605AB0A628CF8BA318440CC6425BF969E77347DF61F2249951A0641E38F"
"r3-x64-off","Microsoft.AspNetCore.DataProtection.Extensions.dll","25600","EAA90C2208C4568A3FE15FA93A7B216C7FCC5E37C93FF82B2A082C632842596E"
"r3-x64-off","Microsoft.AspNetCore.Diagnostics.Abstractions.dll","12288","6D7924EF7867FC2B3B18FFDE763CB591174DE4B39001E899D131993B8AFD0CD3"
"r3-x64-off","Microsoft.AspNetCore.Diagnostics.dll","447488","C05ADC1A3DBAD696A4DEA6443C1A339ED78D7F9DBABFCA942778134E534BC1DC"
"r3-x64-off","Microsoft.AspNetCore.Diagnostics.HealthChecks.dll","31232","4AA392F2A5F4C6999620EBC2EB13D455A9A218A5E59A4E80B7A0B2930F7F81C4"
"r3-x64-off","Microsoft.AspNetCore.dll","119296","15A9A1D811D095658E34F29BC45A48FD5DC576E30F026A55A7D55C1FF8924918"
"r3-x64-off","Microsoft.AspNetCore.HostFiltering.dll","32256","C77E3EA59FFE6281DB9ED3D70DE34A855455B9442100AEEB9F740B1C952350F2"
"r3-x64-off","Microsoft.AspNetCore.Hosting.Abstractions.dll","24576","8D0CB3B8B06C00DB628C8B4A52DA9A1B4BA149E1B041C084CED647C92AB4DB06"
"r3-x64-off","Microsoft.AspNetCore.Hosting.dll","466944","85365E2198157C01E904F8038048FA2DFAC0517A801468788548908D3EB4813F"
"r3-x64-off","Microsoft.AspNetCore.Hosting.Server.Abstractions.dll","8192","7E2867A5210686490AC5B6F2545C51B152C22BE391696A2C755EA973572D78CC"
"r3-x64-off","Microsoft.AspNetCore.Html.Abstractions.dll","19456","2DE5B413EAE4EE25C8D02A0F6CDB1F1799542690A09328471BB2DD0A8808B3CC"
"r3-x64-off","Microsoft.AspNetCore.Http.Abstractions.dll","315392","FAB8C90D087457DE064C6C0B1DE3038E6FD5CAA44979F6D99CD52447D44CEAE3"
"r3-x64-off","Microsoft.AspNetCore.Http.Connections.Common.dll","34816","8FC15C23D099290CB200A684109022F455BA8450E3FA7A9D0CF17A3F1DB809E3"
"r3-x64-off","Microsoft.AspNetCore.Http.Connections.dll","349184","EE02E4BFE73AFED7A45395522D3A88D1FF185CE6CD57B304DDFF2F2F49A6ABC2"
"r3-x64-off","Microsoft.AspNetCore.Http.dll","286208","28FD764D8404B7310664194A52CA84D34A39F493030752E392F26D62CDF6B3ED"
"r3-x64-off","Microsoft.AspNetCore.Http.Extensions.dll","749056","09C006C2CFC1D14922E8C1495B1F4D65E3093CC9288217DB89E4AC82F2CC965A"
"r3-x64-off","Microsoft.AspNetCore.Http.Features.dll","52736","6BEFAB20CEA08CEB7CD0F7D9129A3201F042DAF046D85293072CF55ED3FD1B56"
"r3-x64-off","Microsoft.AspNetCore.Http.Results.dll","263168","2CC473A3EFE6A32B703C0E9261D0B7AB156188F50CB0B0896CCD73852B3E66B0"
"r3-x64-off","Microsoft.AspNetCore.HttpLogging.dll","187904","2160F9E91BDC4AE58EC99B3ACCF98DC10628BD933B7FE4F91E8DEB1AB5DFCACE"
"r3-x64-off","Microsoft.AspNetCore.HttpOverrides.dll","67072","3C2AE0D0CC43F6F4C75CFF84ABD9CEFE4D73ED738C27DCC2171ED26038803CEA"
"r3-x64-off","Microsoft.AspNetCore.HttpsPolicy.dll","29184","27F6E1A0BFE22C227AD6C0CFCF28D8E0E0CB8B27F57FEDFDEE137C6A92009473"
"r3-x64-off","Microsoft.AspNetCore.Identity.dll","1018880","53F3293B00A7913CF2A64E77AD7CFF2A504933A4DFF4A5E1DCC647E80643702D"
"r3-x64-off","Microsoft.AspNetCore.Localization.dll","45568","6569CD41F60D3F357D5FA9D925DC46D7C35CB3E1652664C05032660BF852199D"
"r3-x64-off","Microsoft.AspNetCore.Localization.Routing.dll","9728","BB15CF43ABF41C7EAAE31E9A2FC9E901566FF30BE4277F86E1728DA6C9FAD1F1"
"r3-x64-off","Microsoft.AspNetCore.Metadata.dll","5632","DF93BE77F5920040464E88AE5B663BC5D673F53AF68460E71911C9770844E794"
"r3-x64-off","Microsoft.AspNetCore.Mvc.Abstractions.dll","247808","3259C92BC2DAE42A9CBF6CE7999F9CFCEC69E427D7D822B4D7EFBF4A5489E9CD"
"r3-x64-off","Microsoft.AspNetCore.Mvc.ApiExplorer.dll","136192","710A962D8C2BB54F19A675BDFD6FA8EC25C0CE4F2B7D5320339D463F65580B41"
"r3-x64-off","Microsoft.AspNetCore.Mvc.Core.dll","1929728","6C1F5FBC5FCF97ADC6B65626380A97D0CA8D3AC105C91EEE4DB98E306C4ADC82"
"r3-x64-off","Microsoft.AspNetCore.Mvc.Cors.dll","30720","6D37A9F89B1F3C9C29EE7E9C45BB7FA2798F4AA1CC8165917A51DBC40BDB80B7"
"r3-x64-off","Microsoft.AspNetCore.Mvc.DataAnnotations.dll","83968","E41A95D62CD1882F5C36996271F644ACBDED19A3D3A4ADB7DEEAEE525965DB6C"
"r3-x64-off","Microsoft.AspNetCore.Mvc.dll","20992","6BDC154B947DCA8A3609CE19E247CC3C7A0D23C91C32447064AA0333F5CBC30E"
"r3-x64-off","Microsoft.AspNetCore.Mvc.Formatters.Json.dll","5632","B52914A59367537CD2C1582197622D3C6C197EBC1C38050E835A484E268F65AB"
"r3-x64-off","Microsoft.AspNetCore.Mvc.Formatters.Xml.dll","97792","B659270399ADB24D4272221266FF2C3E839845C6FFA8995EFBE6718FF7D17AA1"
"r3-x64-off","Microsoft.AspNetCore.Mvc.Localization.dll","29696","E3E629A1DDF069286F0FD38109A541E09C728DE6BB7782CB68CDCFF020A91B6B"
"r3-x64-off","Microsoft.AspNetCore.Mvc.Razor.dll","221184","D87D5613AC8FE8A3292CF8AF464E0850AC0A1328DCE7938B2D4A08EDB20F5CC8"
"r3-x64-off","Microsoft.AspNetCore.Mvc.RazorPages.dll","433152","1ECC90387967C3436AF9ED027716611C531E399BD489228CB8B8FE8D1BC53B75"
"r3-x64-off","Microsoft.AspNetCore.Mvc.TagHelpers.dll","267264","46B59E009764CBC1485E1C518441CF98A25719D3A33BA7610E1641E9C60B46FC"
"r3-x64-off","Microsoft.AspNetCore.Mvc.ViewFeatures.dll","716800","C640648044160856BD56F259DB2454C14D9991E63196F975C2F727B3EACEC866"
"r3-x64-off","Microsoft.AspNetCore.OutputCaching.dll","240640","11F7C7C7BAA5863576FD84E04CB87E3EB94B188DFCAD33EF6B251F1400005077"
"r3-x64-off","Microsoft.AspNetCore.RateLimiting.dll","86016","D2FBDFAFBFCE39B8C95EB47C08D5E956E64E3E4E40E382BCDABCEE463742A2E2"
"r3-x64-off","Microsoft.AspNetCore.Razor.dll","48128","22D288F0BADE4F8EBD9A46252AFDD00DE561D940DB00097780F123EDB9A7A835"
"r3-x64-off","Microsoft.AspNetCore.Razor.Runtime.dll","52736","D757B8546FD8FA45E5A09508EC34D3E0D696C7B6BBD89B8FECB427FFBE6D9E80"
"r3-x64-off","Microsoft.AspNetCore.RequestDecompression.dll","31744","4DD4BEAC931B35D7E063EDDA7F21421E26BAB8284AAD065DED7210310174E3C3"
"r3-x64-off","Microsoft.AspNetCore.ResponseCaching.Abstractions.dll","6144","3846C5844FDDDC7898E0EE1200A5BA1F70506DB4313D1489485D0F2772ECF5F9"
"r3-x64-off","Microsoft.AspNetCore.ResponseCaching.dll","129024","CB3C957B57C0454B402D8419F8658D443241ADFBCD62AAB43F9343D242E96A7D"
"r3-x64-off","Microsoft.AspNetCore.ResponseCompression.dll","61440","98388878CD46B149C2B74F8B0F81FBB5F05FF9E9675566960CEA3E7461F27D79"
"r3-x64-off","Microsoft.AspNetCore.Rewrite.dll","196096","B49FD3C271888451ABF500452A883F7C2141C49A721E269E7613E14E2E9E192A"
"r3-x64-off","Microsoft.AspNetCore.Routing.Abstractions.dll","39424","EA32B7774B777318B306FD4D9B36E4FD3EA14B5B3D07888D0ABD22C309A54B54"
"r3-x64-off","Microsoft.AspNetCore.Routing.dll","863232","34BA30984F13EA8C6499284103182ADE352615D53385E2DD225D1B054B2A8290"
"r3-x64-off","Microsoft.AspNetCore.Server.HttpSys.dll","837120","E7B469F9A46989A35C4FE1C58807D2A102B751D852C4B95B8E44F573EE9524F8"
"r3-x64-off","Microsoft.AspNetCore.Server.IIS.dll","666624","71B7B041359709901A85B26CFDE4DC3631DA667CB088BC878974FAA4C067E3AE"
"r3-x64-off","Microsoft.AspNetCore.Server.IISIntegration.dll","32256","7F92B69CB0F52685488D4D5F46756937BAC51960267325067F4C52D9753EFF32"
"r3-x64-off","Microsoft.AspNetCore.Server.Kestrel.Core.dll","2378752","E6A2FCDF7B487F809570F123A55480DF422A957AFADB2E689BF209E97989CABF"
"r3-x64-off","Microsoft.AspNetCore.Server.Kestrel.dll","14848","EB67524083656A43975F58803DA1226F5D4C2A25E123CCE4833C1E082BA87D8E"
"r3-x64-off","Microsoft.AspNetCore.Server.Kestrel.Transport.NamedPipes.dll","139264","9F319D23EB0E56463F5A53CBFB9E080DDA90D90C02CFB608A0C18E855625E078"
"r3-x64-off","Microsoft.AspNetCore.Server.Kestrel.Transport.Quic.dll","228864","F6FCEA3A7865B291EAFCBD9F56BFCDCCAE8447707308662F6DF820094E5CB4F4"
"r3-x64-off","Microsoft.AspNetCore.Server.Kestrel.Transport.Sockets.dll","117760","282CE436CE93BF8DB7627B3A688C19B002A33D63E437F8FA3930E5CDA8020344"
"r3-x64-off","Microsoft.AspNetCore.Session.dll","68096","76D27790A78EDAAD94A2B06C1000AA1B07A7E500415577BF6C7DC3D8A5F2267A"
"r3-x64-off","Microsoft.AspNetCore.SignalR.Common.dll","66048","BB8A056D20528831EA5D84DDEA271DF404BCE60EB2580110131920008AD9F50B"
"r3-x64-off","Microsoft.AspNetCore.SignalR.Core.dll","542208","1BCF98A2E3904984822145578BD36220889CE172FDD018AB64BF3EEE8621EC4D"
"r3-x64-off","Microsoft.AspNetCore.SignalR.dll","16384","B1090F59A34C9BEA8CA94ECA5439C3620DD01393D224974C685CAEA712A83E72"
"r3-x64-off","Microsoft.AspNetCore.SignalR.Protocols.Json.dll","60928","F64639D62D59921E82630E2E5E110D34733DF3713BECDA1BE9813BB606AEBB05"
"r3-x64-off","Microsoft.AspNetCore.StaticAssets.dll","182784","F3F7A5AB72326738B5D4C8B4F1CEB87729B08FDFEB40602D4CA6ECF7C4190D75"
"r3-x64-off","Microsoft.AspNetCore.StaticFiles.dll","142848","94923F83AA0023DC30E32276191BA137D31BA5D1F283898222D1A28E885F81D9"
"r3-x64-off","Microsoft.AspNetCore.WebSockets.dll","56832","873363F34D8B3A4D73A752048C9A0B71B9654457DF298EE3ED024C94DD579466"
"r3-x64-off","Microsoft.AspNetCore.WebUtilities.dll","237568","5690D349DED81BE38D6A28FA0B1E8288E0F94641D1AEB3C2422209479BEBE32A"
"r3-x64-off","Microsoft.CSharp.dll","301056","6197DD9AD2BEBF1FF185743E986F4FE448F32E406E3E013F9C5FFE8FF0FB0996"
"r3-x64-off","Microsoft.CSharp.xml","18050","B712D12C5DE74926122A368DC92329AB3215555E44BCB46F2DAEF146EC0986AC"
"r3-x64-off","Microsoft.Extensions.Caching.Abstractions.dll","33280","02025A7EDCA9A2CB64AA91230391D70E58391276C6C8EE4775BD8E16DE14F26D"
"r3-x64-off","Microsoft.Extensions.Caching.Abstractions.xml","90809","20FE0F821F2DB08D353F669E172EBE4D3C7075422CC06D7C4C83C5592B35CE8A"
"r3-x64-off","Microsoft.Extensions.Caching.Memory.dll","98816","8635E3E276156F5B435DEBF88207994BD111DEBBEE6E064C7E0A95D293D3EBF0"
"r3-x64-off","Microsoft.Extensions.Configuration.Abstractions.dll","16896","DAD96A61D95F3A41BBA2CB3278057A778B0AEDF85F429E15138F0A3B1B1936DB"
"r3-x64-off","Microsoft.Extensions.Configuration.Abstractions.xml","20253","9AD60D91D34A8E347306843DD1A4AB74CEAFF7682500DE1A9EF327F16A7B9930"
"r3-x64-off","Microsoft.Extensions.Configuration.Binder.dll","66560","861E5A1A5749D3762933859F41AA0E4AF95C63EDEDAF71C2681067D4F02D2DDA"
"r3-x64-off","Microsoft.Extensions.Configuration.CommandLine.dll","25600","35225AA7CB6A812A54E3713ABEE0448889EF9B66ED1B52B3B74C477631569080"
"r3-x64-off","Microsoft.Extensions.Configuration.dll","74240","9D0E0FA2CD340B30B77E0CA0171A3BB92B3B90C126FDE57BFC9835687D5FA47F"
"r3-x64-off","Microsoft.Extensions.Configuration.EnvironmentVariables.dll","31744","3058D52585900221731CFDA4702D76033FCE42970F768A21058371CAE491C9AA"
"r3-x64-off","Microsoft.Extensions.Configuration.FileExtensions.dll","33792","1283177F3AA13F79F0E1CC84171FC6DF5412A70F1CB6AF833D8CB16375BB353D"
"r3-x64-off","Microsoft.Extensions.Configuration.Ini.dll","25088","45087E3DD448F7863F93C423DB360D30147650D411239F323000A983A9775FC7"
"r3-x64-off","Microsoft.Extensions.Configuration.Json.dll","31232","417ED1F364F20CD78309E15F671180AB2722878299A99AAABB3C7FBF8633BB80"
"r3-x64-off","Microsoft.Extensions.Configuration.KeyPerFile.dll","18944","BCCA0A62B85D595C57BD386F90EB18EAE30C3A7FFDA1BBB1C957450FB500CBF8"
"r3-x64-off","Microsoft.Extensions.Configuration.UserSecrets.dll","26624","6368778CC95387AC4ADA621EC02188DE6899C1BF30CDC92B69FA1EFE48C35DBF"
"r3-x64-off","Microsoft.Extensions.Configuration.Xml.dll","46592","71520A04C2D666C1DDE7BC3C5742FF314995F51B0856A41D050EC5EB1E0629F4"
"r3-x64-off","Microsoft.Extensions.DependencyInjection.Abstractions.dll","57344","8FCFA4B11B35CB1820E743A671C6B010FF9DB3A3F81F93F40F49F47FDF14F397"
"r3-x64-off","Microsoft.Extensions.DependencyInjection.Abstractions.xml","223851","1C1704E8DC6BB991C9E8E88C311FB680402CCEF3501D5BAC1A0478EC3FBDBA83"
"r3-x64-off","Microsoft.Extensions.DependencyInjection.dll","213504","C5D45F1AECE691C08A567951DACFAADBD14BDC5C0341DF1625FDB4A5D804F888"
"r3-x64-off","Microsoft.Extensions.Diagnostics.Abstractions.dll","17920","FCFEA596FE63ABAEF144F94C231489069C73E45E169BD2E5A0AD969DBD6F40E7"
"r3-x64-off","Microsoft.Extensions.Diagnostics.Abstractions.xml","49415","CC0797F4B1F9873D0DD8956546827F6CABA263E32E8508730D9BA9CF86041286"
"r3-x64-off","Microsoft.Extensions.Diagnostics.dll","70656","F32D211D5F8F9F77A0B021D6B0F66288DB26B2EA362C9F57E11AE2EC7F8DED97"
"r3-x64-off","Microsoft.Extensions.Diagnostics.HealthChecks.Abstractions.dll","19968","513937DE91855200F9A8F2E14B2CD8C6E9106EC9DAF3A0B6E91586062CC854E1"
"r3-x64-off","Microsoft.Extensions.Diagnostics.HealthChecks.dll","91136","5BACDE62E51C50BE2F14BC8409AD97D71F77D0AC4D23742452D2A4558C48D553"
"r3-x64-off","Microsoft.Extensions.Features.dll","24576","8555E8329D6186B84F8AAC21B887E6CF6C804A3679E88F7A8B736403968AEB65"
"r3-x64-off","Microsoft.Extensions.FileProviders.Abstractions.dll","11776","6C6A6974AFE4ED7717A79EA034C9435C2E37BFBA1CC6011B5D91F069A2C420C5"
"r3-x64-off","Microsoft.Extensions.FileProviders.Abstractions.xml","11148","A020ECF6B78BEA9C527325E8076EC57F9774F629C147F75B2F710CF4C0B6998B"
"r3-x64-off","Microsoft.Extensions.FileProviders.Composite.dll","12800","C3A9B6A3408A4866D87B84BF08D7763863FE879B9AFEC2E3D468F259BC49D691"
"r3-x64-off","Microsoft.Extensions.FileProviders.Embedded.dll","50176","1EF08EFA7761532A8AFCCB83AE1289D0C72D7E146A1DE73CA9A57322E746FB5B"
"r3-x64-off","Microsoft.Extensions.FileProviders.Physical.dll","89088","2FF85A52E8D3F81ACB9509D5B043A3D67F6ECFA2B228033E23033248FA279CA6"
"r3-x64-off","Microsoft.Extensions.FileSystemGlobbing.dll","83968","2E34A4159731BEC8DEF9787ECAFD1B6CA9647D4F10EDC6C53E1824B02454ACD1"
"r3-x64-off","Microsoft.Extensions.Hosting.Abstractions.dll","22016","32A485ADD57457A1F0C6EDD72A2BCD9A7E89B4DEAE0909038DB841E288CEBA64"
"r3-x64-off","Microsoft.Extensions.Hosting.Abstractions.xml","46893","E6956E144370860D2384AB0F6DAECC2CB0FEC9B1EAE7C9EEACCC1E1D9EA71AB9"
"r3-x64-off","Microsoft.Extensions.Hosting.dll","136704","79390D89524959816A5FB01E1AD629BF3197A8D35AA4C442DC37D8F511778037"
"r3-x64-off","Microsoft.Extensions.Http.dll","180736","08D90389982561CAFAED5799106AE71990DBF57DA0035AB6B127B9E67288017C"
"r3-x64-off","Microsoft.Extensions.Identity.Core.dll","531456","51DBF672CD7986FA31EBF19481939BF3EB8095B4632749763FC41EF99903E1AF"
"r3-x64-off","Microsoft.Extensions.Identity.Stores.dll","71680","F21BC30FAFF84D752716E2BC5AE5BE1C311292F97D962EB672E9B0F72B84E3CA"
"r3-x64-off","Microsoft.Extensions.Localization.Abstractions.dll","11776","3AE4C49D68E9A6AB3572E81F6FDB0CB19D8EF8CD88704545AB40805F5DEC5255"
"r3-x64-off","Microsoft.Extensions.Localization.dll","38400","5321365D4DF0EB9C7EF641B242723D22819BFD34AB049DA51D86192DC7EDABB0"
"r3-x64-off","Microsoft.Extensions.Logging.Abstractions.dll","56832","15876E96D7A36BA0A4CBF029B443E69A7400520B47AB058B88D3C4C6155CD7F1"
"r3-x64-off","Microsoft.Extensions.Logging.Abstractions.xml","91635","F46E30588566ACCD2C530D9B126A4A3D4D6E2021266E54B305F79586367E742C"
"r3-x64-off","Microsoft.Extensions.Logging.Configuration.dll","28160","98530F2D9FBE54E10B25A945D2A332F9B002DC82F6CC516AC58A5476F4DC8F89"
"r3-x64-off","Microsoft.Extensions.Logging.Console.dll","155136","5227F13C53F9F4B1B147827B4946CEDE0F37221106BC23EB8D3F56EB420F13FC"
"r3-x64-off","Microsoft.Extensions.Logging.Debug.dll","12800","8E0942A8FEE6D493988203E680B128585088CF69F8F4D23D8F88F5A3B06C0E77"
"r3-x64-off","Microsoft.Extensions.Logging.dll","80896","982FB6C4378E3AEF2F69B6D7F9E7094177757383CE66AB0B2C8341B2F84DB876"
"r3-x64-off","Microsoft.Extensions.Logging.EventLog.dll","33280","B7C7C4EFC37A36C751F94232D4B048683A92B9F1B8C96118F96EF3675751D679"
"r3-x64-off","Microsoft.Extensions.Logging.EventSource.dll","45056","B4C0895140436306A76EA84802E6EBD5454A630F45BF3FF0272EF0714F19766E"
"r3-x64-off","Microsoft.Extensions.Logging.TraceSource.dll","18944","383391F7E7338E20F1450E74D18473E27219A796CB400328226A95C8D5A724C9"
"r3-x64-off","Microsoft.Extensions.ObjectPool.dll","19968","1F233C35416A36D4F8C69D2277AFF5FD26E790F1F91DE8BC0BF14D92542AC4D5"
"r3-x64-off","Microsoft.Extensions.Options.ConfigurationExtensions.dll","18944","12FBF44170E08EF4BA765DED95D4222F245D02024C43309FCC952E7F9D86C1B0"
"r3-x64-off","Microsoft.Extensions.Options.DataAnnotations.dll","29696","7E72A09A5EA664229F8AD75970C46EAF13A3910E9A7B8252946235045BC9448E"
"r3-x64-off","Microsoft.Extensions.Options.dll","71680","58F658395505E957EF15CACDCD4F40C5529E4A77CFB4E7A4E25AD0D3B3B20FF7"
"r3-x64-off","Microsoft.Extensions.Options.xml","152783","3A6AC7F6B8FB2F5390E2E0389D634541F72523FE84E2385C08C8ADAC760D9803"
"r3-x64-off","Microsoft.Extensions.Primitives.dll","35840","744F9E1EBCB20D724C5AE8D23661F712D7198761F8F1D6D852BFBEC6C0661EA6"
"r3-x64-off","Microsoft.Extensions.Primitives.xml","86329","5FFD0C15EE1892CE003D64BE0EF4808D2824469C03D1B3465569275958AF83C7"
"r3-x64-off","Microsoft.Extensions.Validation.dll","19456","701BAC665462B7E247D15E85EBADA6AA03A01890BEA3EC67E70D518C7060F369"
"r3-x64-off","Microsoft.Extensions.WebEncoders.dll","18432","37497DDE948ECF3EAA6EF82A7E94695F1423C378F476FC146C76D427BC41A394"
"r3-x64-off","Microsoft.JSInterop.dll","148992","24BFEBD62F4890FE1ED7FC4D9B92CF53D1B76F4E907E68CAAEA50B669F4DE406"
"r3-x64-off","Microsoft.Net.Http.Headers.dll","201216","2F795B47178D4B43CA616AC7BFC5F867A4F38522606E47AAC3F86184C03260C5"
"r3-x64-off","Microsoft.VisualBasic.Core.dll","418816","82CB5167820C09B44A79C1EFBB6BB89AB4976AEBCA319232721DEADD75B26A97"
"r3-x64-off","Microsoft.VisualBasic.dll","7168","24BB4AF277505EE625B5BC05219FEAF386A06E4D832B0576C8C61E5A265915B3"
"r3-x64-off","Microsoft.Win32.Primitives.dll","5120","E97CD85727C4CE74A569EE9B38582A89DD07D4A3E745DCB63B52A3BD40D76CB3"
"r3-x64-off","Microsoft.Win32.Primitives.xml","4229","1FA658FA646F6CB221F0839B84386B569B68C920756C266357C427E024B0C735"
"r3-x64-off","Microsoft.Win32.Registry.dll","23040","6A4319770F9CF421EE799611A2F1EB83E186214049329D0C3D51DCB23EBBE740"
"r3-x64-off","Microsoft.Win32.Registry.xml","94259","B4992C339974E430417C5464764547506D4AEEC15B02122E9333A0742B0EBACE"
"r3-x64-off","mscorlib.dll","49152","7EAA0238E71BE5077BE92DCE1A59FB162C5F83774A9A9BF61236013044792F4D"
"r3-x64-off","netstandard.dll","90624","14FA46D230F4619C5EC810B109AC710DF85B0542ED345F9B80E3B38F649BB143"
"r3-x64-off","System.AppContext.dll","5120","182B8F3AA67BB442C6C6C43E49C19214B7295B3D89F4728E96F4C1F717B65B19"
"r3-x64-off","System.Buffers.dll","5120","93CA1BDC853289E5E4B35C2C58C48DBEE7AE89B8CE2DDCB086BD505343608B61"
"r3-x64-off","System.Collections.Concurrent.dll","53760","705156B4D6CEC94919571DDFCC8292393A79C0811E81CBA9B701E6D2ADCCB4B1"
"r3-x64-off","System.Collections.Concurrent.xml","147974","5BEB3BD3B4C9C50BB059FCD2CF6160C04FD31B549306E4AF42B11E6BEC01D0F6"
"r3-x64-off","System.Collections.dll","102912","F7AE8D977F68789CE1699417B77884AA127484F5FE77F5E3D7C0B136CF7542A2"
"r3-x64-off","System.Collections.Immutable.dll","242688","BEABB1E613324952F32CFBFEF31F1658BE6DF56491C1EE9C23C517F2CBB362FF"
"r3-x64-off","System.Collections.Immutable.xml","541757","1F1D2FCC16F3531BE0A86031E5FBC8935A5413813EA20A854CDBB6D1AC2CAEE9"
"r3-x64-off","System.Collections.NonGeneric.dll","37888","74E8D400B32E2C86BF63BC3D39B6F2668BC68020D965B8B76091A0E9A6A93F69"
"r3-x64-off","System.Collections.NonGeneric.xml","82749","81438BD06CB245D45B715FDADDE5C2D58D997908DDEB1727B316DB2F792B7D77"
"r3-x64-off","System.Collections.Specialized.dll","37888","75FD5BEFC8E54EA7BA6638845EE7E11A556DCCD361AB9857E1026D939BD5F945"
"r3-x64-off","System.Collections.Specialized.xml","121871","F11E2713EFEB9E22C6A7FF4B4288D123FD4E6F7C9237731FAB28D9102A8DED52"
"r3-x64-off","System.Collections.xml","458955","BFCB5E403B2DF5F09F419CBA46DEF611E22DF17C085CAB9D1B9FB2D7D7CD172E"
"r3-x64-off","System.ComponentModel.Annotations.dll","109056","BB1844BD3BD831D0AD0088F1544D6E5788FD9660AC193901FABEEE74C9799CC5"
"r3-x64-off","System.ComponentModel.Annotations.xml","113650","B6487F33963B70E0EB68D7CF1EB51AC71F3E562EF3638BAAFF8FA7C16DA387A2"
"r3-x64-off","System.ComponentModel.DataAnnotations.dll","6656","6D113E23CD73184B73B83EEEA001820D6AD76A854A7B0FC3FC923522D556A02B"
"r3-x64-off","System.ComponentModel.dll","6144","7F6F278902E1C029F538236D9B33F7FB4B404F154A383A722B52372D315B8589"
"r3-x64-off","System.ComponentModel.EventBasedAsync.dll","16384","44F5404574E15013FD2C18910EA8E6AB380ED9C9C151901DB40D30C41FB232FA"
"r3-x64-off","System.ComponentModel.EventBasedAsync.xml","19646","02ADFA65AB856BA7A575868B8DE72BFA33FB6357E1D830F9868D824989CC7623"
"r3-x64-off","System.ComponentModel.Primitives.dll","32256","6DFA0C2BD02527346DA9F5EA01F38B83C5EBD14CDF795CA1D751B69A4E933377"
"r3-x64-off","System.ComponentModel.Primitives.xml","79999","06CBEA0F6057CC866390D16AFF6C9CB5321833E782B569EE9B350FFE30E25925"
"r3-x64-off","System.ComponentModel.TypeConverter.dll","307712","F5CFFF5064B8943237EAD81A0979F3FBA419340358525CBD564BBD3D23515BF3"
"r3-x64-off","System.ComponentModel.TypeConverter.xml","790869","CCDD0ABAAFC7E3518DD2CF5B915D66E3039C6C3465B55CF1A49A4130B1009502"
"r3-x64-off","System.ComponentModel.xml","4003","05914C2A98265E0191D160F7EF57511203AADA87A7DA9BEE91DE8503900F9BA4"
"r3-x64-off","System.Configuration.dll","9216","94F2588540D4D3F5A2DF880C3975456F933B807D5BB48E2392006B38CBE44519"
"r3-x64-off","System.Console.dll","87552","CADC10F27302BC8C6CADEE9CDAD12C7F1ED5A2C80A960E5691031D551665F822"
"r3-x64-off","System.Console.xml","80114","7EFD6A78D233FFD7EE29BD52C3E8807130A980A6BE83AC8CE346A48AC228E0C5"
"r3-x64-off","System.Core.dll","12800","E571D7ECA6F682F1D7459361FA664D61E4D3FFC7F56B177716FA69143ED7413E"
"r3-x64-off","System.Data.Common.dll","1007616","34174098FADD2916158C8EDDCC83D7E6726EAD8CFD73F2699B7D86697D9575AD"
"r3-x64-off","System.Data.Common.xml","1440763","13E07E558F15386211E58EB577AB93EDD2DF4F5F497030FA8EFE8E17EEE7CB0C"
"r3-x64-off","System.Data.DataSetExtensions.dll","5632","62C97914D49EB717208D5818C1B84A3AED8F497A07059B25E752A21CE877FDF1"
"r3-x64-off","System.Data.dll","14848","E4BEFC7D9B033D9B693A79ABEA204539B79CF929E77C44876C789A63A768F2FF"
"r3-x64-off","System.Diagnostics.Contracts.dll","6144","7FCE4B0947B4EEA55AB8AA48CEE3A255281D8FE373AB55C3F44C2B2AD2FFAE36"
"r3-x64-off","System.Diagnostics.Contracts.xml","27963","61F547D73B704523A08BBAB7438DB9599C038E9274BEB88CE7ED83CB5A920949"
"r3-x64-off","System.Diagnostics.Debug.dll","5632","7538F5E68DADEFC171F9F9FE54AAAFD90451878486727222289D810A03429D39"
"r3-x64-off","System.Diagnostics.DiagnosticSource.dll","198656","23C038D5F9A2C061A0C12F62942A84B37FCCF681DF7D31F08E3A53BD0EDBE7AB"
"r3-x64-off","System.Diagnostics.DiagnosticSource.xml","181376","4938299E197222ED21BBE7FB548ECC27123B651C3E3BAB633AB71793E34A7D0C"
"r3-x64-off","System.Diagnostics.EventLog.dll","42496","0DE6B1AA1253CF1C375515B6D304DDA98271D44A7B79F36A9274251EEF9717BD"
"r3-x64-off","System.Diagnostics.FileVersionInfo.dll","18944","A772D91840C515F58755FF16704586E85C5D509562EA81525D23FAEDD45A9307"
"r3-x64-off","System.Diagnostics.FileVersionInfo.xml","16024","5A39893C42DF2ED08ED4736D6F419A70775148F9B31EFA7E26F1C51BC172F012"
"r3-x64-off","System.Diagnostics.Process.dll","167424","BFDD14B329852BE88995EEC25EF322BA2765FA984A35BD05419AA27345208A25"
"r3-x64-off","System.Diagnostics.Process.xml","109696","425D5AE9719ED3C87745DF50AD5AF5D7CE9AEBCF453CB72D284DC5FFEA311338"
"r3-x64-off","System.Diagnostics.StackTrace.dll","15872","A2E6A74A7663DE5B0AC74E12079CA14893C8471055BC57E088C1C6268A483202"
"r3-x64-off","System.Diagnostics.StackTrace.xml","61179","719F24ADCB4BFDE10267C4E1C35B5B6B9A307502CDE7FACF5F732B2AAA541708"
"r3-x64-off","System.Diagnostics.TextWriterTraceListener.dll","21504","1C7CEA40F06BE750DEB7775659BBBB4BBB25C64F49B10DD7C7A51C21C22559B4"
"r3-x64-off","System.Diagnostics.TextWriterTraceListener.xml","25408","DCB73301E0D2A9B1831847D09CFF1CA39B038035495693A63E2140AD22425E81"
"r3-x64-off","System.Diagnostics.Tools.dll","5120","F718CC3245A1F221987E14046E0BF872DC1FA6ED76F52F5DD7455BF795944102"
"r3-x64-off","System.Diagnostics.TraceSource.dll","48640","B93A6D1AF7B5BA1A21AD9975BB9B9E01AF3DEBCE464F1412E4418ED6F08E42DA"
"r3-x64-off","System.Diagnostics.TraceSource.xml","90333","E74001900F1DBBDC381EE2AA1515C7BB9F772741BCDC2A30F49162B121D27793"
"r3-x64-off","System.Diagnostics.Tracing.dll","6144","6E696D8306E829696E7F81C4DCB42143FEE380FE885D5E12474CC01877B2CB13"
"r3-x64-off","System.Diagnostics.Tracing.xml","78743","B4249522DE5A335B48CD23EE47F4521FA258F1983324BFC905211BE18454A679"
"r3-x64-off","System.dll","39936","4C932A9353EC4F68EE31DF974E4F2AA9F8FD7B1678E79DF599676A080D5385F9"
"r3-x64-off","System.Drawing.dll","10240","9BA9D73689BE6651E9E74869C97EC704F37BEC2F79B5641DEEAE4AE009248CA1"
"r3-x64-off","System.Drawing.Primitives.dll","54784","84B9DF8FFEEAD8B9AC3D731CA64A38B7572AB53F8B69C2D63E821A74232E7AA6"
"r3-x64-off","System.Drawing.Primitives.xml","174882","C82B05FBCBB984340ECEF1DDB5D303F4A97D3C8E6042AA7EDF56FD68A6AD35FF"
"r3-x64-off","System.Dynamic.Runtime.dll","6144","C0BF04A8D6ADDEA875E68C38B0AF8072E80AFEBC44622D67C66FB2441B92EB5F"
"r3-x64-off","System.Formats.Asn1.dll","97280","8F4DB63A4AA1BE6E9F26907BD055587E63EC5D359A508ABD4260BF5BDA95A0CC"
"r3-x64-off","System.Formats.Asn1.xml","310733","500C7ABD4115A58EB12423B1196E468E1EA0FE1A634FB6AB93087A0C3BCB0048"
"r3-x64-off","System.Formats.Cbor.dll","157696","1445AAFB4F89BC1FDE267A3D541F400458E60CCFF88ECF8CA0C233A06ECBED5E"
"r3-x64-off","System.Formats.Tar.dll","133120","DD84CC5A4DDE0D69C811745F255B26D7C3B896D423D5E10CBDDD5EA62C959511"
"r3-x64-off","System.Formats.Tar.xml","53231","E9E8C8FF29BACAC05349B45381C30A6582A75328A244738839E138DDCA25EB4A"
"r3-x64-off","System.Globalization.Calendars.dll","5632","D96175C8210396ED7B779A7AC4C624ACBF50F75620DB6040A6E8235C7475AFA1"
"r3-x64-off","System.Globalization.dll","5632","C3EB8E2107EFEAC2AEB38DACE8CD59AEE79F24CBBFF99086078756830AEEC60A"
"r3-x64-off","System.Globalization.Extensions.dll","5120","96CEA59F32F4444371E990973BB4D66F9E391D5150EDA87F8DA42A2606D5E9CD"
"r3-x64-off","System.IO.Compression.Brotli.dll","31232","09DBFE5A7BBD949CE87332CB5988470861BDEB94179AB32704156868D8958B2C"
"r3-x64-off","System.IO.Compression.Brotli.xml","32597","7B255844182838074F6EFC833B2EBDDE80C547EF9D0AB4C8D739EE3619C9FBAE"
"r3-x64-off","System.IO.Compression.dll","253440","0E4DDD4BC1508201C74E2D7720E4711C1E67D4D6A1C7CEDCE58277C86C4A8428"
"r3-x64-off","System.IO.Compression.FileSystem.dll","5120","42725F7C51485CC069133186E9B9DC119E00F4B986F42DD260BB04A1E7C8BD89"
"r3-x64-off","System.IO.Compression.xml","96204","FEE9234763C6607B53496F73165FC1555BED03AD6C85BFE6F43CB351829986EF"
"r3-x64-off","System.IO.Compression.ZipFile.dll","56832","D1C8B049B210EDF78A5B680EF7C1FEB3AEF59C23DC0949560D91C38729AAB9A6"
"r3-x64-off","System.IO.Compression.ZipFile.xml","142048","83D688A2123E050FF91BA9C7D018773B9E5BF7D4595DF3B3F0419D5CD633D272"
"r3-x64-off","System.IO.dll","5120","D9F19C63D0564FF693355EF36586B299DACC873FF502C0C67412C840F60FBC4C"
"r3-x64-off","System.IO.FileSystem.AccessControl.dll","22016","D1CC1EB6FC61D14A804D59E41FE410D4F2BA914FA20F6C5B80DE0C60A73F1A50"
"r3-x64-off","System.IO.FileSystem.AccessControl.xml","65019","F06ED2388699ACC2FDBCAEA198B373BC5043702BC1A788E155D1757D48B33BBC"
"r3-x64-off","System.IO.FileSystem.dll","5632","73345C9F6E137BA6F083B077DBA36717C2FFB38437D62C025D1B2D13381DB543"
"r3-x64-off","System.IO.FileSystem.DriveInfo.dll","38912","B862934A6909F9EE6DEFBCCB9A82674357AE927F20BA5605C2276AA081B29C80"
"r3-x64-off","System.IO.FileSystem.DriveInfo.xml","9690","D9AA6CEEB09AA5A6A8B859A67B9A713626002DB856EB9CD43C13E64B325D7272"
"r3-x64-off","System.IO.FileSystem.Primitives.dll","5120","532E050FFBBDC06914989C2301B1F8977E635BB51D8AE791F638A6DE8AAD342F"
"r3-x64-off","System.IO.FileSystem.Watcher.dll","54784","D3BD77048470B2EDC9B4B7495136E19D062AB301523D52D0ECA5B526A20763D8"
"r3-x64-off","System.IO.FileSystem.Watcher.xml","22664","B5011A042D75579F658BB77EA887CF1092320C0443B2C749FE9D03740FD4C3B4"
"r3-x64-off","System.IO.IsolatedStorage.dll","33792","47DFF4D37572AE5AAEFD2BB62C2A3F5BB948F4F7A6C7DFBD4FC1BF9D93D2B44C"
"r3-x64-off","System.IO.IsolatedStorage.xml","91932","E2054E13A23EC290F1716B6F521480406C40926E5E6AE605FA2905FB0223B734"
"r3-x64-off","System.IO.MemoryMappedFiles.dll","38912","D4C5687B22B97DF16CAD44A6978F57A39723D598D2AA92DED900B0426BBD5080"
"r3-x64-off","System.IO.MemoryMappedFiles.xml","48005","117C9472EB9CC3D737B49C0CFC3B63F967DB43FCADD03F957145B1B3429F98BB"
"r3-x64-off","System.IO.Pipelines.dll","73728","CF7B39538D10C1C0A6E81F1AD80C97E992CD1196E39BFDE160DA54033674F5FD"
"r3-x64-off","System.IO.Pipelines.xml","41108","286D0C502D68A000453F6BE39347AE6C4CC63F7A2C73B1B941C2E25BE365E9AB"
"r3-x64-off","System.IO.Pipes.AccessControl.dll","13312","AC5D377E8780C7BD5BC99F5DACDCA7243877813574D220F3F2D28947A9681C68"
"r3-x64-off","System.IO.Pipes.AccessControl.xml","23844","10D54A171C29838C613C7C33B76DB9CFF539114FE919F9712FE1954B22629913"
"r3-x64-off","System.IO.Pipes.dll","58368","C839EB3511BF06F8C582383ABB7B11BD6232D04B7CE5CE0C61A2793D19D715C0"
"r3-x64-off","System.IO.Pipes.xml","92651","758A3F29D0199E0F02361ACB33B37C149378E8989F57067B7A9714FA5A119985"
"r3-x64-off","System.IO.UnmanagedMemoryStream.dll","5120","E1E1F7AB476B7E119575ED1A19A2CF74C1557A0820A281E29BC3FC621EA0B137"
"r3-x64-off","System.Linq.AsyncEnumerable.dll","504320","1CAF6141C9186B08C2CE348B6A3F48BF3109AE6A6FF2AD002AA45D2ECF57DA61"
"r3-x64-off","System.Linq.AsyncEnumerable.xml","319347","CC58175820D25C200D4EA0C321093A9F1BFB44D4BAA532374450CF28E6DAA621"
"r3-x64-off","System.Linq.dll","202752","B1869B8E6DA4E6319A1A883790CE041A132E415325FC40936DA9209D0B2B6975"
"r3-x64-off","System.Linq.Expressions.dll","565760","92D8197EBFF0A42F19AF0DDEE6622EB6641160148940FF20CC41E447B6BDE40E"
"r3-x64-off","System.Linq.Expressions.xml","684199","1DE17B9BE915FDED08AFCB580047C0C824E0570D9967BB9C328B14370B7561B4"
"r3-x64-off","System.Linq.Parallel.dll","215040","7CF9E1C23D764A26539F9547B8B4044BEF73C507DC8022623AFEE76B953C852E"
"r3-x64-off","System.Linq.Parallel.xml","270782","749602953CAB79AC24ED01D5429933BD3F649DB782B558FE588C7532463D62CD"
"r3-x64-off","System.Linq.Queryable.dll","71680","D927A9688CEB639B34FED03B43A2D6376D74C6418211A4AAB951B00E4F95DB3D"
"r3-x64-off","System.Linq.Queryable.xml","180185","DC3BFEE67442FBA05E99A314C9A8B7E44F6EF3CE46C9761495849034F50DF899"
"r3-x64-off","System.Linq.xml","233275","22509117A4330EBED493689111EC4276AEB1E8C25303ACF6A377646975015C28"
"r3-x64-off","System.Memory.dll","50688","B7CEDE61F0C168FC4205069006CD882C040B1441D3742F53A68E99120C927418"
"r3-x64-off","System.Memory.xml","381205","2B641B64EB0DCD9AF499FE302EEC00BE26D103FEE66B821620428827FF16FE72"
"r3-x64-off","System.Net.dll","6656","BA44313506B657667E8DF9F0A2408CFFDBD6AEF4654BE29D1E17894E80774302"
"r3-x64-off","System.Net.Http.dll","679936","99228836E97700398A4223C32681424F0B9266685087BC1B5B83C3D53DB3677F"
"r3-x64-off","System.Net.Http.Json.dll","46080","7D33065D0EE421EDBA005D29E37F317B0DFFFF86764A6B0D0C1B2F4377BF2D41"
"r3-x64-off","System.Net.Http.Json.xml","71073","070988161138D7A186D086D3E660BAB24CC231F5F3E96B7A309C2A791D32680A"
"r3-x64-off","System.Net.Http.xml","346625","9223B9DC2BF47D1DCBACDE42B355F075B2E3F5FEF8E927EC0789FD3238355799"
"r3-x64-off","System.Net.HttpListener.dll","121856","CE78D50298BE4EDEFDE3093E873D7AE69A4982D5A9F06EA02C8025CCF32374C0"
"r3-x64-off","System.Net.HttpListener.xml","64620","BB4C642CF06210AB81BECF867B537CE4E496FFED778ED57D1FF8DB01F1CB89E8"
"r3-x64-off","System.Net.Mail.dll","197120","7BF0A3F3EC335CA5E4841581A1B8D488168BDB14E8F8A984101A7F585AFEC4FA"
"r3-x64-off","System.Net.Mail.xml","135871","CEB8EF1EB073DFE7946D4DCA52F14723073830FBB96E8561AABEB3DB5E66D3AA"
"r3-x64-off","System.Net.NameResolution.dll","64000","AC9799E7A5004DA70DC62BAA75B294D01E2988A5E38E5A90C6A4936734A07644"
"r3-x64-off","System.Net.NameResolution.xml","26150","903462EFF8EAFCB2470E983870AE874691B031DC2DA0E95696BCD89C92F296AF"
"r3-x64-off","System.Net.NetworkInformation.dll","81920","883FE799CD3FD18815D531B2FE6DFAA885964117A634ABC138CB8953417B03A0"
"r3-x64-off","System.Net.NetworkInformation.xml","142724","8F1FBA3A0FF2C564B1C856F51392EBA46E9D5D7CF87C5FC44C05E177959625E3"
"r3-x64-off","System.Net.Ping.dll","46080","ABA72C6B9F0779BB079A4F189CD68496C93DB7E4353AA7CCF2D0FC0229AB3BE7"
"r3-x64-off","System.Net.Ping.xml","76887","1002A3EC0D5FE8EEBCC1C6ECE0D4CF33D4DFB744F1EDD99A26A94BD5C92A016A"
"r3-x64-off","System.Net.Primitives.dll","101376","91EB198B8CE051CAABBBA8B2FEDA8BB74ED407F2E01FA668FD786B97D80F1611"
"r3-x64-off","System.Net.Primitives.xml","177211","02C0D5754D205C6E4847E9BFEF18019A164ABF95FF64E5998FFCD0E6945CF18D"
"r3-x64-off","System.Net.Quic.dll","162304","31BD0FB23CB023F8CFCF5817DD8A37B2D2F60B3DE9EEA2CE9C888E230C10A594"
"r3-x64-off","System.Net.Quic.xml","41079","9CF311E280E74FBCE4DF026BC82EC932A8D6F5BA3E0ACC5E39CEC5B0133FA82B"
"r3-x64-off","System.Net.Requests.dll","151040","B50CB51542846A1B4046F233C7B35D2616676B2DC875B827A8EBA84A5E4C4421"
"r3-x64-off","System.Net.Requests.xml","198738","8F5E670561DD3D8EA659A2359B3B59BE0833799D904DF6C55C5AE699F33D98FB"
"r3-x64-off","System.Net.Security.dll","377856","EEE4CF87AE720E7807F2CB293A8C166FF6418358ECD7A94C4470278B90CBD6FD"
"r3-x64-off","System.Net.Security.xml","306155","760F0BBCF3EFCD3B337011BDC6F8953B5745CA4D300B873FB2F88C619B70EB44"
"r3-x64-off","System.Net.ServerSentEvents.dll","31744","A56EFBC7BA270B036E7A8184D4D7BB2D19F8E85FB61C94E9A1E04885074FB149"
"r3-x64-off","System.Net.ServerSentEvents.xml","17759","ADB739A2B47D5595AC971B00EC5802D17BEB80DD28816605DA61133D1BF625FF"
"r3-x64-off","System.Net.ServicePoint.dll","5120","F40865C4D42BC6AD416B5658CC8D41168EB80A59CBC7A167171CFFA3584427A2"
"r3-x64-off","System.Net.Sockets.dll","229888","59F126C3D2D96505EEFB3AF54DB562CB4BA39AE17DB0152177F6B1FBB0D778D5"
"r3-x64-off","System.Net.Sockets.xml","496478","46C56CD22FA6DAB3B455EDB3F183C869910F66087405EF8C42BFD4D636F47174"
"r3-x64-off","System.Net.WebClient.dll","60416","98BA4740ACC5D595E202C1E0CF603CE7FABCD2316228BCE64E91300FF3D1C7F2"
"r3-x64-off","System.Net.WebClient.xml","116592","BAA84F5ECE0FDB0182F4BFE73469A30F4A895209895DE327D1C7C6617AC335BE"
"r3-x64-off","System.Net.WebHeaderCollection.dll","23040","965BE3CF5B95B44543FDB76022C58C5CA0C7B27342341BD6E16892065DDA3FE0"
"r3-x64-off","System.Net.WebHeaderCollection.xml","34669","3821F853FBEFC5D8343E25B6D757C21B68C59D319F4B51929BB0F3C344736D64"
"r3-x64-off","System.Net.WebProxy.dll","13824","618EE761B58B2922DFC92C755D98270791C1008F82C6F9125E90355D0BB19D7A"
"r3-x64-off","System.Net.WebProxy.xml","18329","ACE6C272FC590F5A155F6FCD6821B835B2ECDF90D49FF588528BEFF1B2652A28"
"r3-x64-off","System.Net.WebSockets.Client.dll","41472","9CF8721D4DD6D295184B35C040AAE6380BDEF5ED34DABF2B443CD123E0EFFE1A"
"r3-x64-off","System.Net.WebSockets.Client.xml","18390","871746486454DAF125812F038071A9B78024E4855105C07028EC26708F4DEE52"
"r3-x64-off","System.Net.WebSockets.dll","100352","5F23D4334FF000CD6FA9C45E82BA92BB3B0CE9E68AE4913161976FFBC70B13E3"
"r3-x64-off","System.Net.WebSockets.xml","59977","3467926895C207DBFC9B7947527AB113CA6C13802DB61ADC8BD73019FB7A5E35"
"r3-x64-off","System.Numerics.dll","5120","5630BF60674D1C3608E1938D65F832C997700CAEDA4CC6674E91CFA177C630C8"
"r3-x64-off","System.Numerics.Vectors.dll","6144","F77416C8D3B3800ACB1E6AA0A39A34518EFCFE6B55201FFB835D0C53C472E426"
"r3-x64-off","System.Numerics.Vectors.xml","425515","15C97ACBB2DF26037AC4BCDD80FD05F3B5BCE6F46FDC95EFDF5E8FBE6535E874"
"r3-x64-off","System.ObjectModel.dll","31232","3917DBD0E52BA0EDFD54DEE838F61131B5BFD04731BD3E0499A375F736301FF7"
"r3-x64-off","System.ObjectModel.xml","46918","99E5DCD740CF87AC3E40BEE23CB03CB644506D7A203C1E46228695EFB3758B8D"
"r3-x64-off","System.Private.CoreLib.dll","18265088","DCDE45124A3CE84CB4A888D1E0C1B5E45100F83245D5F546A32DA83DFE03773C"
"r3-x64-off","System.Private.DataContractSerialization.dll","849408","483CDD57002A274348C5D32DE430205AF51D5F67BC66DD53ADC9AE5AA81021D6"
"r3-x64-off","System.Private.DataContractSerialization.xml","133873","ABF9A9862335F39CAD71BA94DD310EE0AB808D6068560739D02E3ED96025F364"
"r3-x64-off","System.Private.Uri.dll","93184","C97D919AE199F2AC3B0A0F3B330685CEF7401B98CA7AB73EDFD9156D00150773"
"r3-x64-off","System.Private.Uri.xml","21110","4B3FF3010755337B82B544A45EC0511C1721F6B9F9F8198E09DAE1F30835B602"
"r3-x64-off","System.Private.Xml.dll","3104256","923F2B6CBA4D0AC021A45D59334063168E2BA581A02438FC338272657A8BECF7"
"r3-x64-off","System.Private.Xml.Linq.dll","144896","98426273AF9D14EDE33898568EC7EDAE98D66E9DBA5453FC2715D3276EF9B648"
"r3-x64-off","System.Private.Xml.Linq.xml","249795","6867A8B63F473D459F5B7F709B08490BB8A2A157EB7B753241C9A67624692353"
"r3-x64-off","System.Private.Xml.xml","838446","712FCB2010599107C1A2A8A22997A3E913A8DAB5A7D06EC732C84413D4754E8F"
"r3-x64-off","System.Reflection.DispatchProxy.dll","28160","6B490F3FD5C5B3E095FC35083F82A1B68B237464F2D2077CCB7C1ED17A06692E"
"r3-x64-off","System.Reflection.DispatchProxy.xml","5119","0AA9646013D859BCF7215CCA7B95575E2B7CA339424CE3BEFAB39BF1732E68EC"
"r3-x64-off","System.Reflection.dll","6144","13AF644C04E524081798591DD773218EEA50FE14ED133C0526B12B195BF30A9C"
"r3-x64-off","System.Reflection.Emit.dll","124416","2D028CB05D49EF61858DDB952769C74AB20F96CABF87F6C0E7DCFE1BFA51D26F"
"r3-x64-off","System.Reflection.Emit.ILGeneration.dll","5632","904858E380B802CF88E8C0382D9855A562A0440F029944848B998EDEA4AA19DD"
"r3-x64-off","System.Reflection.Emit.ILGeneration.xml","62681","93DEA1853E3CDCA95DDB06E391914E8C98C6262EB8FAE036FCBE21997FF11578"
"r3-x64-off","System.Reflection.Emit.Lightweight.dll","5632","9749C9F14A934004A18226CEB2A8F942A504C0989A6568CF6899FB752DE8440B"
"r3-x64-off","System.Reflection.Emit.Lightweight.xml","42507","9E5BFA12B4AADB8693DB8CFBF4EA24C2996AD25878929C124B2DAB0CCB4031F8"
"r3-x64-off","System.Reflection.Emit.xml","367224","4DD82B9F80A689991B99390F8E19D4B3623FBA473141D64F41F0A43B3627CB61"
"r3-x64-off","System.Reflection.Extensions.dll","5120","CD386803533FC39DFC0B72D66D8FDD4DA01AD2F09B5B44A675670258731F0FDD"
"r3-x64-off","System.Reflection.Metadata.dll","494080","E706AADBFB6E2779A3DD0C7C4384410126176E828E05BE3BB44FEF91C8BBE49A"
"r3-x64-off","System.Reflection.Metadata.xml","674415","70A05B8BD993FC92CC6C0EC9DB623BCD82009806773C559EC5506CB3CFDFCFA8"
"r3-x64-off","System.Reflection.Primitives.dll","5632","D26A71D35118AF79D338AD3F94B54A07F010953435F48CF339CEF7B0F27111D3"
"r3-x64-off","System.Reflection.Primitives.xml","69057","DE04BE9D60B83D1F8A863972A9A93ED1BC7EB70CAE902122FADA223EED159B12"
"r3-x64-off","System.Reflection.TypeExtensions.dll","14336","63B2D278BEA8F67412BFA19E39FEF3C110BD08FD20E48C0342B235F01F5E4D9F"
"r3-x64-off","System.Reflection.TypeExtensions.xml","10599","F478ECFBC025108225AA90703A0CE9D34AAFB992CB1A384FC1667F1263A3BA53"
"r3-x64-off","System.Resources.Reader.dll","5120","48EBDFCC0671A38B0BFB6BB2575D5B40448E7A9F36A45070E9E67A3AF219B5D9"
"r3-x64-off","System.Resources.ResourceManager.dll","5632","BFBB88AEF4859E05AD4BAB28977C3A69535CF46A74B16D6FFD9F5EADF00A952A"
"r3-x64-off","System.Resources.Writer.dll","16384","18443BA8F4CA0D0B9B0E9B39D396C0BE0D90DC3C45DF847F7B80DB38CD76F386"
"r3-x64-off","System.Resources.Writer.xml","11657","48EBB24760B6F97446CE634F065E0B715638E71D6AEDEDB4450BEEE5D0E394A8"
"r3-x64-off","System.Runtime.CompilerServices.Unsafe.dll","5120","1E95C0AB29B6BDCD4B441F21CA14789CB6825A47E5231C01AA8C619560ABDC95"
"r3-x64-off","System.Runtime.CompilerServices.VisualC.dll","7168","52ACA3AF12D4759EDB45B9E472993CF27A788E6E94A890B870472BDF4DB0EB8C"
"r3-x64-off","System.Runtime.CompilerServices.VisualC.xml","5680","151608EE0478149CEAB63A53FCF97FC2A43EB54764E47AA2274E7820260E555D"
"r3-x64-off","System.Runtime.dll","35840","00A3775A72D31D613739BC91FA72424F5B1A837BED3D8F8FF9F95A9037876198"
"r3-x64-off","System.Runtime.Extensions.dll","7680","5B5BF1A9B1AAFBC3B20648CCCA9B2FDF100A5330B72CBB86125D4EDD9556E5D3"
"r3-x64-off","System.Runtime.Handles.dll","5120","D50C722BFEB28A4B27A067C021DC478431D62839466B31637EA1A57470BA8322"
"r3-x64-off","System.Runtime.InteropServices.dll","54272","DA1F46E12CFD9D570AE5824249F863A2DAA12BC9DF2BF6B511E525E920E1A299"
"r3-x64-off","System.Runtime.InteropServices.JavaScript.dll","28160","028745B6AE708BF55AFB1C19AFD840B29CCD53E0D9FCAA96AEA191DDDAE9B903"
"r3-x64-off","System.Runtime.InteropServices.JavaScript.xml","17849","B770AD96806E0D27979E0AB1D536246BD46D0AA896524EA83E557C6C72B7CF05"
"r3-x64-off","System.Runtime.InteropServices.RuntimeInformation.dll","5120","C4A9F36FF4529D9977F1D32B1692A935744428266DD556B4FF95FC5F78E432AD"
"r3-x64-off","System.Runtime.InteropServices.xml","717459","F790C90EC98DC12421B2F3B5419F26A0DCAD50C145D066F5B7DBD8F76D9F3DA2"
"r3-x64-off","System.Runtime.Intrinsics.dll","8704","43C6EA5B7A5D3D26A42737A7CDC7CF7A0E142D59D11DA78D220D0E318E20AB66"
"r3-x64-off","System.Runtime.Intrinsics.xml","4719531","98A4EF05430C2A18BB2DA316D081D98BED0B63E8646024B2F3FC074EC803F538"
"r3-x64-off","System.Runtime.Loader.dll","5632","8EE452C199400BCEF865CAB6C3897E15F8380A6E0ED6FBD600660D5554B5CD0C"
"r3-x64-off","System.Runtime.Loader.xml","23047","1BBEE7EAE1304C3FB086883B8372C0159C25FA952172F0793647F6E28B8229FB"
"r3-x64-off","System.Runtime.Numerics.dll","176640","1085C43B5D20DA88605391AE18E66BF08330DC495BEDD5E60EB5D428331B4226"
"r3-x64-off","System.Runtime.Numerics.xml","174198","9F44524F953893FCC8E743FAF0114D572B536FD3D9617A6D5D0910678CAC1FAA"
"r3-x64-off","System.Runtime.Serialization.dll","6656","0A63ED3DE42B835B14940C583D2A0A73D55F9D8494054EA4EA1E741E0AA7B7D5"
"r3-x64-off","System.Runtime.Serialization.Formatters.dll","55808","67EFFA28660666B78E04EAC1F5E833621206ACCAFB2D3139C9D1DB5F6149860A"
"r3-x64-off","System.Runtime.Serialization.Formatters.xml","68932","781440B3EC71334FC02A2A35DEE97757BD9164C18795F10862EE9CB9ABCFAFF6"
"r3-x64-off","System.Runtime.Serialization.Json.dll","5632","FBE5BD5B190AA1B58B870C9A703703375CA3C3D6248AE289486B7F30B6F1D1D1"
"r3-x64-off","System.Runtime.Serialization.Json.xml","40889","B9559342C00136FCF56AAF77090466FE742DEDFE742173AAB2A9C6C3CEAD6D51"
"r3-x64-off","System.Runtime.Serialization.Primitives.dll","13312","F83E62519478DF4E2734F6ECDE1CC62BF6C395469618E60FA93BF23E21DDE162"
"r3-x64-off","System.Runtime.Serialization.Primitives.xml","21598","7E5C5CD9C6786D4CFDC74A6F7BD13AD84664F14FA400971C320BE6F959679B08"
"r3-x64-off","System.Runtime.Serialization.Xml.dll","6656","3DCAFF3CE7B2A4B670710FEC8DD1BF539CADFA0274A396FFDD4C0CC8E01508E5"
"r3-x64-off","System.Runtime.Serialization.Xml.xml","223076","CD7F37B8415ACB2E780A373E83F8609DD524139471A974D267CC6124349B27E1"
"r3-x64-off","System.Runtime.xml","7651301","A6708171773D23000BF45673B97CF0DAAA8D34566C6581DF6833C3A4A14D411A"
"r3-x64-off","System.Security.AccessControl.dll","47616","3CB3C4BD26D1D688E6CA55F71603C0C26BA40033D348139E2E85A05677FB7DC8"
"r3-x64-off","System.Security.AccessControl.xml","231410","AA2D7D459FFDE379F3D04CECDE2D24DC31B0FFC822604EC2F49601ABDD4DC23C"
"r3-x64-off","System.Security.Claims.dll","44544","9189FCDD41B516363BA55BE8B15CF98F9EFAA1B5EE4F2E1FF22AB349200F2C25"
"r3-x64-off","System.Security.Claims.xml","69298","7691AE8E47F3BD890DF0836A8A6A958B60A7A517DB7432B8490866A0A30B3927"
"r3-x64-off","System.Security.Cryptography.Algorithms.dll","7168","EF4B3DDBC52C5DECB48E625F15EB6338E51061A2536C235A2168C3358376496A"
"r3-x64-off","System.Security.Cryptography.Cng.dll","6144","99A4A609CC3BF3BE1FE833B2108D5200FB8A91554CEEFB2FF7BAE913B34D9A93"
"r3-x64-off","System.Security.Cryptography.Csp.dll","5632","902AAB0A06C805D406C886D2EDF3DBE75F108F687F9BB4A4FBE88B2C0B5BF2B4"
"r3-x64-off","System.Security.Cryptography.dll","1069056","7A8D0AD2A6A86F31BEE90F41876E494C1DEA8DEC867515C6F070DE1870001205"
"r3-x64-off","System.Security.Cryptography.Encoding.dll","5632","B68F6C1C61DD93D3D93B0AF6F4A4DEB9A6029BFCFFAA4A137A3AC95B4B604EA8"
"r3-x64-off","System.Security.Cryptography.OpenSsl.dll","5632","F7539D1DBBB29F6A4992189B54FAD621FA716F2CE3FAB54DA5D00C6FA908B0C0"
"r3-x64-off","System.Security.Cryptography.Pkcs.dll","653824","EE7018D40014977048FB3E3AECCD51091853C7E3DBCAD5ED2B9DDEF950C1C307"
"r3-x64-off","System.Security.Cryptography.Primitives.dll","5632","60AC15226F3A075A6FA7980681031F090F47D340F1822344D005B0EBD383B625"
"r3-x64-off","System.Security.Cryptography.X509Certificates.dll","6656","556F287EE20876074938DE9711EE5206727B8CDD60A3D13BF5BFCD828042D42E"
"r3-x64-off","System.Security.Cryptography.xml","1959515","D5BD5FFBD61E6EB370D89E06721EF3F3029E2E2D75A8E4FCB45DB66B1157078D"
"r3-x64-off","System.Security.Cryptography.Xml.dll","438784","9C75EFCF116A3161028FD00F979852B6F236CAC3A91A44D64E84A59903FEE88A"
"r3-x64-off","System.Security.dll","8192","5FB00978416CF59141776FA63E8FB91D4E189E5EA182859C184B69D27757112F"
"r3-x64-off","System.Security.Principal.dll","5120","9D30BFC4A42EADFA1877330AF73E12521701FF1EB40C81ADCC3B6EC454CCFB0C"
"r3-x64-off","System.Security.Principal.Windows.dll","27648","5BA2364E6DBD85FD0D710285A645BBF0DE40C94912CCBF2C9DE8739A6EDA62E7"
"r3-x64-off","System.Security.Principal.Windows.xml","91022","FD8D26D4DD73481A0BE08A89C4986B7AF80C050C8D493C1D7D9708FC64C398FA"
"r3-x64-off","System.Security.SecureString.dll","5120","3B4CD0F304CEC1925B93AA92EF1ABF7DF9EC265C60515A686F0F8FB61A7C6533"
"r3-x64-off","System.ServiceModel.Web.dll","6656","3538577C47C9AA0E77656F7FC398DD4A40D643CF7077928C4B5733C238DDB790"
"r3-x64-off","System.ServiceProcess.dll","5632","4F6CE3B51E095EB09DFA40FF8FAAF5BB6846F758586128A4859397AA47BC4570"
"r3-x64-off","System.Text.Encoding.CodePages.dll","732160","8C02499DB2118CF8608BA55DDEB7E93B5F32A0E9066AE5673106AE897928E063"
"r3-x64-off","System.Text.Encoding.CodePages.xml","2077","C9352B14FBD3CFC80D8CB467E635A5324D903A7056C779856A2C9C846E3DB13B"
"r3-x64-off","System.Text.Encoding.dll","5632","2B64B0D8AE46C81A34EE013673E1596576B5E371F5F1E8C3D979AA725D197396"
"r3-x64-off","System.Text.Encoding.Extensions.dll","5632","E53AFBA90C5D4FD7E6DC74F716AF48A791484545B53D940FBA165987BE782764"
"r3-x64-off","System.Text.Encoding.Extensions.xml","120315","AC7FF9A4705EB4A04B00A9129A7CB36C9AE0EC2382780DF7BE4CAE5FC2F94538"
"r3-x64-off","System.Text.Encodings.Web.dll","56320","AAD4C2AA0194320432F2937B51A9ABEC65D34E7F56D17A4BCB6BB2BD31F490A5"
"r3-x64-off","System.Text.Encodings.Web.xml","63180","1E5AB354F4AB73CDFACFE347FADFED7399E7B7733C6B0C35A875B0B1A9486FD9"
"r3-x64-off","System.Text.Json.dll","715264","493F81898FEBD325609C47FC3B45B5BE8BEC56B9A5B4D574180C7529F2A4F334"
"r3-x64-off","System.Text.Json.xml","599660","63342E258274D49EA205580A1F9D526AC41189B8E741314C625A6989CF350BDE"
"r3-x64-off","System.Text.RegularExpressions.dll","385024","03B5CC1D92BDFF24374F9361674A3DCED33774D587EAE2F0966C636F866BA1CA"
"r3-x64-off","System.Text.RegularExpressions.xml","681150","25F88633B40FB85B917764E4C81050C4E191EC2F1A5B04A86E8E6BFBC2A62CBE"
"r3-x64-off","System.Threading.AccessControl.dll","23040","6BEC94A6DAFEFF27B11688695E09419351C2AE41DE6B0502DEB5EFC7E7D99CBE"
"r3-x64-off","System.Threading.AccessControl.xml","92495","DF56F567ED4C5349A89AF8C727AAD9FA8DFEF8F75EF2875C6F9F4DEDDB1D4510"
"r3-x64-off","System.Threading.Channels.dll","56320","15886EC6898AABED382307C4B638053857BBE77E64961B431644F868473FE93E"
"r3-x64-off","System.Threading.Channels.xml","21430","17C37B99B1FD8763806C183FEFEC1E753487FC14C7C2D28B1012F8FDA831086A"
"r3-x64-off","System.Threading.dll","34816","F89F8D668D26BBD91C7536A5C35A12E57214AD24E35833E8F68275F9121810AC"
"r3-x64-off","System.Threading.Overlapped.dll","5632","4C64A52663616164587BC93B0E7A740AFA7359104F7A01AD766FFEB5BE61B1C0"
"r3-x64-off","System.Threading.Overlapped.xml","22818","31F3A826BD7DF74A6450DA87076B152E991A67C9B109895FD4F9D6CAEEC561F8"
"r3-x64-off","System.Threading.RateLimiting.dll","155648","19A15D1CEF4B19BF2D4D8871D10E132B540A2AB6F5281399DC33C725B92F8C80"
"r3-x64-off","System.Threading.Tasks.Dataflow.dll","176128","A56C32A6AE80D446173211E044AC47D5EC1CDAFCAE62BD4EB47C9761EDC9B3D4"
"r3-x64-off","System.Threading.Tasks.Dataflow.xml","202749","548FC3272B0788BE8FE1B245B9CD3480671F310D9E8D3BB6836C423931802A07"
"r3-x64-off","System.Threading.Tasks.dll","6656","FA32A34321350E7413A6D4C6CB67F5EE1336DA151C61D8F526BD77ECE43EAE80"
"r3-x64-off","System.Threading.Tasks.Extensions.dll","5632","F5733280E86A8A2FDA7FF18FC799287EC1B155D2637E780C57D08179D91ED368"
"r3-x64-off","System.Threading.Tasks.Parallel.dll","51712","F155DC952F9891D5DD1F746073BC5D1520463873AA9385EA1A9B2E5EF53BDB90"
"r3-x64-off","System.Threading.Tasks.Parallel.xml","75131","74D003938F6307153E1C94063D402BE1962CEC44F3DA05D9056A9D9B0F9A2E86"
"r3-x64-off","System.Threading.Thread.dll","5632","C18E02477E058BECE934658D7A294F7499279375D4FC5BB44F0122FC1223E0C5"
"r3-x64-off","System.Threading.Thread.xml","58913","B8B4305D35285F0EADAD5C2E3D614F2A71D4484B05D0A6B51172CADB46B587C4"
"r3-x64-off","System.Threading.ThreadPool.dll","5632","69BD99EB375E24E7105684107A9765CA5356BE298F343C56D3812C2B301DC5DE"
"r3-x64-off","System.Threading.ThreadPool.xml","29900","2C9FAEE415DE6B96F33BF98B6C9A760825FE268C7748C8743AFAC0A51D123FFA"
"r3-x64-off","System.Threading.Timer.dll","5120","C6228F8291DB7E4DE0FC6C1899C2182473130902C1986D041B708ADB11EE89B7"
"r3-x64-off","System.Threading.xml","299902","80E8C637A8C376C09A567A7E273AFEAB4E7D69E87A16EEE6F25A52D3BB78AF73"
"r3-x64-off","System.Transactions.dll","6656","18789AAC653B0E8A5AE6F20E0FD42BEDB716ADF0F728F4F3D909C081BD09B419"
"r3-x64-off","System.Transactions.Local.dll","164864","5E73789158F5FE2DCDF0C07C4FF2FA3F6A167335A3C400C6CD3983A70899BC5D"
"r3-x64-off","System.Transactions.Local.xml","77920","165C45B1AC2B6EA668633D1F38483D0A8801FAD23BD97CED3B651FD7B21F47DD"
"r3-x64-off","System.ValueTuple.dll","5632","9AA259740134D02DF79C824ED53EFDFC15EADA2A49D699A0BF1FAEC32D2D1441"
"r3-x64-off","System.Web.dll","4608","9F15BD13919947BFF42707CC6D2B79DFC2756A10A2FE1D45001E14234B178150"
"r3-x64-off","System.Web.HttpUtility.dll","19968","0BBD99459DB6EA9D7CE3A5D889E1712E2972AD3289EC98921BD86479683AC735"
"r3-x64-off","System.Web.HttpUtility.xml","14645","797835159C86A4CCF7047B208983D4469867FA60809A4EB12FEB2D6387A08B14"
"r3-x64-off","System.Windows.dll","5632","BA1FB8463A40ECA5BA290A3A4D744F98219D87D9E36D6297D43CDF85AEDB852D"
"r3-x64-off","System.Xml.dll","12800","E4C4422FDE789C156BD56C17D7D197A15B495B6ECDED7E742C286635A073D292"
"r3-x64-off","System.Xml.Linq.dll","5632","7008AAFD54F0790AF96224FF7B33104C97C80768588B9E9C9812787D900D5A0C"
"r3-x64-off","System.Xml.ReaderWriter.dll","11776","AC2D31811822205D687A08F7574F614B6FC26D3C21E6B1E6D1C3E87ADF9E82D1"
"r3-x64-off","System.Xml.ReaderWriter.xml","1092355","3D2F7F25BE1B2D175B8BB37B428D15ADCE9455408DC7C5982455C754FD1066E9"
"r3-x64-off","System.Xml.Serialization.dll","6144","24AE9F3C609EC5414E885165CA17597B487C8C9F0BD465D24811404796762617"
"r3-x64-off","System.Xml.XDocument.dll","5632","97F882008F420309F2629DB59F4AA2E406F06CA1D6EFA1FB2FD800D5A4B81108"
"r3-x64-off","System.Xml.XDocument.xml","188008","41153E3F07D0370AAC54404E7ED4F7B0E31FF5671A39018554C0F1DAD469CB7B"
"r3-x64-off","System.Xml.XmlDocument.dll","5632","2DB3E85919EFE8773FBEDF0ABC1DBD4E6B79588D22AD7E4BA074C47651AF4E5D"
"r3-x64-off","System.Xml.XmlSerializer.dll","7680","5739AE1228FF0DED1CA4F8D4F17ACB800D4579425321715FCC9150F3D72793F5"
"r3-x64-off","System.Xml.XmlSerializer.xml","265080","7729C9D65973E61491CFDC7D6A08724A1BFF7774EF3342E0904BD1577BAE31F1"
"r3-x64-off","System.Xml.XPath.dll","5632","9F746AAE54BF362E84AF698088A18CDF5424D406F40FA0E15B57A234BE2296D9"
"r3-x64-off","System.Xml.XPath.XDocument.dll","5632","F052721548D7CCD1479B3744E5C2AE284958B118CFE8B9256C175799A09B7EB6"
"r3-x64-off","System.Xml.XPath.XDocument.xml","6570","32C8F5D9205424080D010B2E87D8B0166EF68E63CD963BBDBACD626F3901D6E3"
"r3-x64-off","System.Xml.XPath.xml","8348","7CDD0F0366082EAC989E89D95D5A0C3C38A9C7A00E67CB2836C65394F93A58F2"
"r3-x64-off","WindowsBase.dll","5632","5AC958F47285FE5BF4C3A07BCAB7327E768F3BEB11D51341284C4946D72BC6E1"
"r3-x64-on","corerun","854344","FACAE635784096A03CE7A84D1206248C632232103589137CD05C52EE1B4DC5AE"
"r3-x64-on","createdump","97552","95844A41715B85BC14BD83035231A5352EE16571F64388ED1BB7409CDFC9AE98"
"r3-x64-on","libclrgc.so","725512","255BA68DD80C1C35FC96BABC9670EE4CDE54F95728815E716379D3DD99375599"
"r3-x64-on","libclrgcexp.so","817440","2593006D76F1A6FBB2BBF218873A4F9B66F908BE2E5B9D71592623CA52FADDE4"
"r3-x64-on","libclrjit.so","4402496","38B16EECAFD9E7CCB66B4C68D99AE593AB1C54D5DDB1FA042727ED127365DAFD"
"r3-x64-on","libcoreclr.so","5486248","FB9142ECF36F6EF1D8A2575D17F00FFB5CA0C87D718C4E2D2E335D67341923BA"
"r3-x64-on","libcoreclrtraceptprovider.so","537952","044E5292A4349A80D886A8E3458B77393EFAA40776FE6C10B14DA58185DC66C5"
"r3-x64-on","libhostfxr.so","309272","6D82410220F80DACDAE3B0B06675511D804A7219E551526DAEB42811331CDB17"
"r3-x64-on","libhostpolicy.so","298584","9E06B0F6AE3B0027EA8F614027D70AF4734619F9DD5903B2A9F878E338AE3C06"
"r3-x64-on","libmscordaccore.so","1753968","7B8786AFF76C70AB096980885AC9A4131D1475593D989F7C9CA9FFD3817A3803"
"r3-x64-on","libmscordbi.so","1267856","8BA0DBA63EBF53BC9C9F2BB47BED9F122FCAB88BE31C420B5667353C4CC03D97"
"r3-x64-on","libSystem.Globalization.Native.so","61048","50A34C795A9A7C1E0FF9ABD4CEF26DF50BEC5665FDA1F06895B7FD41F7F146C6"
"r3-x64-on","libSystem.IO.Compression.Native.so","1612360","0011FCE2C56B50CB196E7F644C5AD7D4B000AF78F2D7B149A0F3F13EA46F73A6"
"r3-x64-on","libSystem.IO.Ports.Native.so","15056","D69D72F3CAB269ED37C32B717E82BDF77B5863AE164CD7AF428D3CD0EF2D0280"
"r3-x64-on","libSystem.Native.so","101984","117B1F306E2A96E19C1A72CA548696F547FF4CEFC26F3E38368278571DF7D393"
"r3-x64-on","libSystem.Net.Security.Native.so","14032","9654091F4B9C6CFF470842373CEABD47AFDDFDFBCC14F69B62BF4E95E35090AA"
"r3-x64-on","libSystem.Security.Cryptography.Native.OpenSsl.so","211400","6CF724980CE41064BB80A1957BD85EB3DB1020371DBD9E57F8DE715190322F6B"
"r3-x64-on","Microsoft.AspNetCore.Antiforgery.dll","118784","B5A080CB98EAA95DE58C0559EF81D4FC50DC5BF97FDDDF5553416FD498FA6F9C"
"r3-x64-on","Microsoft.AspNetCore.App.deps.json","21246","90CF5E14124CF66CA9C481B1AE74F431C3CE7B0400AFD2B7590868D287D9B393"
"r3-x64-on","Microsoft.AspNetCore.App.runtimeconfig.json","190","D8519405CFAFBF7C715C0D8CD6B79C62C6C6AE21C5A7B3E1ABCA28757070F12E"
"r3-x64-on","Microsoft.AspNetCore.Authentication.Abstractions.dll","46592","4240220FBE4216F15BF3DF816ED3A6D8C370323F37D28B28A21FEE60C00B799F"
"r3-x64-on","Microsoft.AspNetCore.Authentication.BearerToken.dll","53248","4484DA59A6396ED462D11D22384290FA352EB7EF0690073550FCF9CD1BA0BB1E"
"r3-x64-on","Microsoft.AspNetCore.Authentication.Cookies.dll","90112","F4E34A9DB93FC9147C79DCC211BDFA7373B04A31D1412829245C929924891EAA"
"r3-x64-on","Microsoft.AspNetCore.Authentication.Core.dll","80384","EA63F5710F48184845149073CD2299E927E72F8718689F3379B4AFFEAC56381A"
"r3-x64-on","Microsoft.AspNetCore.Authentication.dll","123904","C993A1DC440B7A84CD495CB14DD832AD64E16A92216F95B144AC45DB42ACE103"
"r3-x64-on","Microsoft.AspNetCore.Authentication.OAuth.dll","77312","108AE0D9C114534AA272FC6AA1FAAD688359F3887BFDA8B7C9239A4F5CBD0A2A"
"r3-x64-on","Microsoft.AspNetCore.Authorization.dll","94208","ADF8C1522AB4897222644F8C1822625D85BC342B0CD4010B9F1586202FA0CC4E"
"r3-x64-on","Microsoft.AspNetCore.Authorization.Policy.dll","52736","38D3D33AA40F6994CDDDDD8653A79DCF1EB8DDBCABAC468829CFDCBC77E0C9E4"
"r3-x64-on","Microsoft.AspNetCore.Components.Authorization.dll","41472","BD924C1609E7ADA5CEEFAEAF46B8189E227CB45F824AEBC0925C5DB0B5512E21"
"r3-x64-on","Microsoft.AspNetCore.Components.dll","944640","3230C57E5BD82220D2B14F796167EE77A7F259F18A42E15AA36EEA797BE1640D"
"r3-x64-on","Microsoft.AspNetCore.Components.Endpoints.dll","1132544","B6F56C13F74BBE216FC9443393DFB064FFD314E55057F85A19D42DA796AFB8E7"
"r3-x64-on","Microsoft.AspNetCore.Components.Forms.dll","107520","F2D44C0CFF013A55FA227E6314948CC4189EF3D03FF38FDAD86C442B029C95BC"
"r3-x64-on","Microsoft.AspNetCore.Components.Server.dll","922112","B87220E0AFE2117F6B687160140F9B6F86DC6443E452240EAB25DF53993187F6"
"r3-x64-on","Microsoft.AspNetCore.Components.Web.dll","440832","38ED7CADAE28A3CB5153B88D5FE9981F636FB4D6088364B6D9E29B621BBF6D37"
"r3-x64-on","Microsoft.AspNetCore.Connections.Abstractions.dll","52736","5E674A45EB59DEB0664EE917741898272130D5F4376B20625F038B1B3046A778"
"r3-x64-on","Microsoft.AspNetCore.CookiePolicy.dll","35840","16538E3373FAA06B62223973A419219DD7C9438CC610F7F82CA49216386C3685"
"r3-x64-on","Microsoft.AspNetCore.Cors.dll","73728","B815D719841F800F88B1ADF50610B22E2C06C6BFC3EC12FBCCD3785EFA7D5A0D"
"r3-x64-on","Microsoft.AspNetCore.Cryptography.Internal.dll","85504","DD6AF36AB9AFDD9382FA21F6EC4260A55C66CAFB32821DF4C870ADBCC132AA78"
"r3-x64-on","Microsoft.AspNetCore.Cryptography.KeyDerivation.dll","23552","55769FDF61454440C2E809DF967B4B0F2D029025EC1528A869963FC498DB294F"
"r3-x64-on","Microsoft.AspNetCore.DataProtection.Abstractions.dll","29184","CC28C62F474EAD064958D42090B1B8F8EDC9D9EFC7A35CA1AADF0D2D7162C676"
"r3-x64-on","Microsoft.AspNetCore.DataProtection.dll","494592","B697B6BBDA81E5001D8402C18B6C80E99DD3F8C02E961D3573E163E802A3F9C7"
"r3-x64-on","Microsoft.AspNetCore.DataProtection.Extensions.dll","25600","396497AE06A5B34E0064F94A6A40D8281D93D958955DCFC144F07CF7994CB6AD"
"r3-x64-on","Microsoft.AspNetCore.Diagnostics.Abstractions.dll","12288","6949DBA86D6C542FF18A7CA79C4DE7CE6BC8F26E5221AD5E41DAABEA4F83611B"
"r3-x64-on","Microsoft.AspNetCore.Diagnostics.dll","438272","AAFBA8C2B503DA4A01AD9FBE6C3433F3F3B7C262BC6CBF2E8F2792C6EE0B1BFC"
"r3-x64-on","Microsoft.AspNetCore.Diagnostics.HealthChecks.dll","31232","37CBEFC13D97B4A2BD078B4FDDB3E92064B62A4D8ACD7C964956289E29A1458B"
"r3-x64-on","Microsoft.AspNetCore.dll","116736","3A15F586EC53E81FEA0EB95C6C9596D9BA334075A39D603203DCDB41B6D5B022"
"r3-x64-on","Microsoft.AspNetCore.HostFiltering.dll","32256","27F9D8B90737A33AD3BE8C3459EFB14ED570E2CA615338762448DDD0C6AFC962"
"r3-x64-on","Microsoft.AspNetCore.Hosting.Abstractions.dll","24576","61DE9CC5DFF04CF4556B8FEA60876CDD9583031945F461F12FE882EF3FC140FF"
"r3-x64-on","Microsoft.AspNetCore.Hosting.dll","456704","334682C1E620CECBD6082CA4F6ABD53C80A94DC8806B778A4C8884F2259DA743"
"r3-x64-on","Microsoft.AspNetCore.Hosting.Server.Abstractions.dll","8192","6CFAF3F8476CD7C4514D256A6CF17BC90E207453853D65FC0D696B91423421FC"
"r3-x64-on","Microsoft.AspNetCore.Html.Abstractions.dll","19456","A3188F9C17DD5CFEEBBCE8EDA8F848FDEBFB45E2EBE2610476D913BF37A62E83"
"r3-x64-on","Microsoft.AspNetCore.Http.Abstractions.dll","312320","B40E33E2B75457064CDEAD107B1ECFE6859E9D4219729434D581D7B409863B40"
"r3-x64-on","Microsoft.AspNetCore.Http.Connections.Common.dll","34816","84CEC6B8B444CAC254FABCF96DDB3ADA0B94F27D9206A02CA3B5AD5D32C49A07"
"r3-x64-on","Microsoft.AspNetCore.Http.Connections.dll","316416","7537B471D55C35A116D358E5D492BAAC91A5BB518E404761DF419DC4B491FC1B"
"r3-x64-on","Microsoft.AspNetCore.Http.dll","280576","8EA4D2B1A1AF8F70D3350A7DB5FA75E9EC732CC1373A460E845CF07E85CA0413"
"r3-x64-on","Microsoft.AspNetCore.Http.Extensions.dll","719360","FDE165B67934A8CB08736ED85410D0D8117D8B7DAC51E18E04020FC3EE595BFD"
"r3-x64-on","Microsoft.AspNetCore.Http.Features.dll","52736","24D20FED08221FA3885E5717AFD8B0573F1760FF02106C097F7E8BFAB7C390F2"
"r3-x64-on","Microsoft.AspNetCore.Http.Results.dll","257536","C2E0F1E0C8F94FAF2C171BAC02F6EF13FEC64C5B9222E7FE75A4A0BD7CCF1AFB"
"r3-x64-on","Microsoft.AspNetCore.HttpLogging.dll","178688","25EAE2312C247E528F7654F5144DB3749C3556C907CD2FDE3D60FED5CC2792FA"
"r3-x64-on","Microsoft.AspNetCore.HttpOverrides.dll","67584","A49AA04D91099CC41BE79182FEB5464BD4F68615592390B89AB4B97BF79DAFF9"
"r3-x64-on","Microsoft.AspNetCore.HttpsPolicy.dll","29184","A8BDBE746208166919023FC9570CFB9DDB87AD2F106B777498D559D4DFBBCAC8"
"r3-x64-on","Microsoft.AspNetCore.Identity.dll","877056","A594857E8FC97F04F2519F6EE5FA167D12CE960C6D0A90D42E42545741878A24"
"r3-x64-on","Microsoft.AspNetCore.Localization.dll","45568","E34D0119C62BF434BF8E6E11C98B2B947C51471FEB2A60A294AB901123799F42"
"r3-x64-on","Microsoft.AspNetCore.Localization.Routing.dll","9728","00A44F1635CC3C9F149FD0A9AA43386F14CD6456DDE2F17953A0FBAD8C97E7E2"
"r3-x64-on","Microsoft.AspNetCore.Metadata.dll","5632","901DF22070DD34574A6DADD53A0F018517AAA3B68C69A6EBCF75B028ECE29A6D"
"r3-x64-on","Microsoft.AspNetCore.Mvc.Abstractions.dll","247296","C04C28FF902CBC8AAD8A06F9CE3E78A9650D1C9FBBF28216076BBF770D9123EF"
"r3-x64-on","Microsoft.AspNetCore.Mvc.ApiExplorer.dll","136192","DD2D5D1CE101A470A76ED204D1EB18065E9B0F34167636B2A29314598C8B1B2F"
"r3-x64-on","Microsoft.AspNetCore.Mvc.Core.dll","1882624","B220483E16FB8795A4646D2A4C59C3C7C5EE901EDFC9C0A21EC9A591DEDB130D"
"r3-x64-on","Microsoft.AspNetCore.Mvc.Cors.dll","30720","AE36F7A89A6CD558F3D3A3B98077321120C4E7C0C54D847C874113F72BF39B9E"
"r3-x64-on","Microsoft.AspNetCore.Mvc.DataAnnotations.dll","83968","BCBD3B145F4C1C8C6BA9C235F30D9E10FA0C498681E60E721CE0CB16A42BF0E8"
"r3-x64-on","Microsoft.AspNetCore.Mvc.dll","20992","BA15BFB6FB31444C7B96812804B426D3275E8DE2E7402F8BF3FA2720D48D6759"
"r3-x64-on","Microsoft.AspNetCore.Mvc.Formatters.Json.dll","5632","59DB0D028B61AD591FA68AB5FE1E3F442446C8B88E33F510A69E15DD8A65E8D4"
"r3-x64-on","Microsoft.AspNetCore.Mvc.Formatters.Xml.dll","94208","6BE15C0A4A998C119CD377435A8F2A99B6BAF715047B02B98127CDA82A297E53"
"r3-x64-on","Microsoft.AspNetCore.Mvc.Localization.dll","29696","E9598054491248F4FC0EBB4006BCECA47898652336AA2FCCB7E18A6082BD92AE"
"r3-x64-on","Microsoft.AspNetCore.Mvc.Razor.dll","217600","C629B5FF845DFE6134C0EA3FF1A631FAFC5891F38BF0B0132678A99EDAC275EC"
"r3-x64-on","Microsoft.AspNetCore.Mvc.RazorPages.dll","419840","435771C7D31F8BE194DA0DABF63BF44A25A6D829A335032EBC7810582BF67AB1"
"r3-x64-on","Microsoft.AspNetCore.Mvc.TagHelpers.dll","258560","E50AF18D5DEBA90C770CA0C4A4F8831C7BFC229D10C5AC5DE97A04E1D191E770"
"r3-x64-on","Microsoft.AspNetCore.Mvc.ViewFeatures.dll","704512","6E710974AC5D69F0ED7997970740F9B5B9C444514612605D94C5DF2CA56FF5F5"
"r3-x64-on","Microsoft.AspNetCore.OutputCaching.dll","229888","7F356C76C112BCEBD8DE19A40EAFA52D3B149778C7FC32390FB8FC0B338BB18A"
"r3-x64-on","Microsoft.AspNetCore.RateLimiting.dll","82944","CFB49660C763C4D221D14D7E832A936219A1759B2509B5DAC1CABFC76C599725"
"r3-x64-on","Microsoft.AspNetCore.Razor.dll","48128","DD81DDA324B09124AED8B5C0C6B9F78F5C615DC99E90C77F6EF5A752062AB77B"
"r3-x64-on","Microsoft.AspNetCore.Razor.Runtime.dll","52224","731A2920A0F80EF1446B232A89C4E983995BABF2CB5B651643B7272FDD25D91C"
"r3-x64-on","Microsoft.AspNetCore.RequestDecompression.dll","31232","29D4BCD3B951341C76E6C28DB9E149518961EA45DE816A41E1F71F626E8B3119"
"r3-x64-on","Microsoft.AspNetCore.ResponseCaching.Abstractions.dll","6144","F9D6E344DE3013A6C8AD72F1D6458EBA398267464672BE7002CBD5AF062E9CDD"
"r3-x64-on","Microsoft.AspNetCore.ResponseCaching.dll","125952","99B1878D3E54C2A0CB5CE2CF5F4E99E4522AFB3C51ABF6AD013A95E5357BB3A7"
"r3-x64-on","Microsoft.AspNetCore.ResponseCompression.dll","58880","983F55D0781B2779CC86FBAE45D16D1EFD20909BE88CD64035492542F91BD33C"
"r3-x64-on","Microsoft.AspNetCore.Rewrite.dll","196096","F09C14BE5AC01B9716FB20AFB25233F6EF1CD8EBF7FA80D4FC6E340068829D1D"
"r3-x64-on","Microsoft.AspNetCore.Routing.Abstractions.dll","39424","E1E42CA202C6909653F59CB366BCA620D2BB42097270D9508F97D98A9BDB566D"
"r3-x64-on","Microsoft.AspNetCore.Routing.dll","865280","3A642EEB711B68082998B8EF8CB9CF7816EA1E73C0D2B12E1AAD6342566F71FB"
"r3-x64-on","Microsoft.AspNetCore.Server.HttpSys.dll","829440","514FD2492C106BB5AB556AA9F41F0A14B1AB0828831A7EB4F0FE66C081B50552"
"r3-x64-on","Microsoft.AspNetCore.Server.IIS.dll","653824","51ADD16C408E2E7362A25D2DDE744DC29991DEB4E072D4C71A008D79AC9ECDC7"
"r3-x64-on","Microsoft.AspNetCore.Server.IISIntegration.dll","32256","ED247AB66FBF94FDAF39E1CC2057844005231D0C03CA182C85A239F56BD8D3E5"
"r3-x64-on","Microsoft.AspNetCore.Server.Kestrel.Core.dll","2324480","582E189BCE0D0DECA83931F71AFB80FED4A699B17D3A46A815125D8016632FD4"
"r3-x64-on","Microsoft.AspNetCore.Server.Kestrel.dll","14848","32DDA25A5D14BC837E1CA71E68019DB54011667B74F9FAE04AC8E2987E12FD93"
"r3-x64-on","Microsoft.AspNetCore.Server.Kestrel.Transport.NamedPipes.dll","133120","F308AB336B090FBD83A91075F75A43908EF10067E2EEA165B625B0D3AE48B301"
"r3-x64-on","Microsoft.AspNetCore.Server.Kestrel.Transport.Quic.dll","221696","7C8F587DB3A34DBB0A828871F16E44E60200FE5FF7CCDB1B1559C56CE66FCE89"
"r3-x64-on","Microsoft.AspNetCore.Server.Kestrel.Transport.Sockets.dll","116224","F8B5C5AC895BF8E021AA8FD255089951F9A38D2207D204204E95ED39C31BB6C4"
"r3-x64-on","Microsoft.AspNetCore.Session.dll","66560","7E6040FA6532CF737BF999E46C74D09E62914285959D536E64EAB39AA82A34D5"
"r3-x64-on","Microsoft.AspNetCore.SignalR.Common.dll","66048","9F9F86CDF87C166AA0D72DBD3257706C24EB36282AF319D58FACA6B78D2F1701"
"r3-x64-on","Microsoft.AspNetCore.SignalR.Core.dll","512512","68B9BDA0D211D00AEC2F9BEF8FD9460E3BBECF98141AF8EFFDA32F0CC9C6176D"
"r3-x64-on","Microsoft.AspNetCore.SignalR.dll","16384","FC364F18228D4FCFACEF2A952048E408B65673BC1A727BDC9810DE11299BB498"
"r3-x64-on","Microsoft.AspNetCore.SignalR.Protocols.Json.dll","60928","14781D8A3FC87EE387CA5F853C3382B8780EC12D225BD9F4174A98B85340865F"
"r3-x64-on","Microsoft.AspNetCore.StaticAssets.dll","180736","4167614DED5669AD63422AC512C78FAFB1F3BBEEB040D949F71BE2B5AC800262"
"r3-x64-on","Microsoft.AspNetCore.StaticFiles.dll","143360","28FE92939C37048831C2025737B8020CF244CBFD654A25BF66B42D462F3BC272"
"r3-x64-on","Microsoft.AspNetCore.WebSockets.dll","55808","0BD8B5B51225566416B6FC3E0491CA7CEB27CFDDEE8147330DBCE97D8FA1B1F2"
"r3-x64-on","Microsoft.AspNetCore.WebUtilities.dll","214016","FBDDEEB4643810EC5DA721E0B1B3E7BA1EBF443715918620C9A8A49DA4401D01"
"r3-x64-on","Microsoft.CSharp.dll","301056","CEF5B5D699A8C5B8F511CA6A2ABDAB8BCDB20DEA93D84CDB187331D45E0716A0"
"r3-x64-on","Microsoft.CSharp.xml","18050","B712D12C5DE74926122A368DC92329AB3215555E44BCB46F2DAEF146EC0986AC"
"r3-x64-on","Microsoft.Extensions.Caching.Abstractions.dll","33280","AE1837B04B5968EE153F78870AED4EA2321AA30E2824D92A9B74B0CB99E601E5"
"r3-x64-on","Microsoft.Extensions.Caching.Abstractions.xml","90809","20FE0F821F2DB08D353F669E172EBE4D3C7075422CC06D7C4C83C5592B35CE8A"
"r3-x64-on","Microsoft.Extensions.Caching.Memory.dll","98816","8635E3E276156F5B435DEBF88207994BD111DEBBEE6E064C7E0A95D293D3EBF0"
"r3-x64-on","Microsoft.Extensions.Configuration.Abstractions.dll","16896","48EF93995E27EF47C7E972252DF928E303EFAED7819F4E276352E618680DBA7C"
"r3-x64-on","Microsoft.Extensions.Configuration.Abstractions.xml","20253","9AD60D91D34A8E347306843DD1A4AB74CEAFF7682500DE1A9EF327F16A7B9930"
"r3-x64-on","Microsoft.Extensions.Configuration.Binder.dll","66560","861E5A1A5749D3762933859F41AA0E4AF95C63EDEDAF71C2681067D4F02D2DDA"
"r3-x64-on","Microsoft.Extensions.Configuration.CommandLine.dll","25600","35225AA7CB6A812A54E3713ABEE0448889EF9B66ED1B52B3B74C477631569080"
"r3-x64-on","Microsoft.Extensions.Configuration.dll","74240","9D0E0FA2CD340B30B77E0CA0171A3BB92B3B90C126FDE57BFC9835687D5FA47F"
"r3-x64-on","Microsoft.Extensions.Configuration.EnvironmentVariables.dll","31744","3058D52585900221731CFDA4702D76033FCE42970F768A21058371CAE491C9AA"
"r3-x64-on","Microsoft.Extensions.Configuration.FileExtensions.dll","33792","1283177F3AA13F79F0E1CC84171FC6DF5412A70F1CB6AF833D8CB16375BB353D"
"r3-x64-on","Microsoft.Extensions.Configuration.Ini.dll","25088","45087E3DD448F7863F93C423DB360D30147650D411239F323000A983A9775FC7"
"r3-x64-on","Microsoft.Extensions.Configuration.Json.dll","31232","417ED1F364F20CD78309E15F671180AB2722878299A99AAABB3C7FBF8633BB80"
"r3-x64-on","Microsoft.Extensions.Configuration.KeyPerFile.dll","18944","DA6329D7802877F90E4A37C6BA13699B801F18BBE22BABC33C3F1FC83D1CF259"
"r3-x64-on","Microsoft.Extensions.Configuration.UserSecrets.dll","26624","6368778CC95387AC4ADA621EC02188DE6899C1BF30CDC92B69FA1EFE48C35DBF"
"r3-x64-on","Microsoft.Extensions.Configuration.Xml.dll","46592","71520A04C2D666C1DDE7BC3C5742FF314995F51B0856A41D050EC5EB1E0629F4"
"r3-x64-on","Microsoft.Extensions.DependencyInjection.Abstractions.dll","57344","12B3C57AE72CCBCF91585BF69D57C406CF6F06EF6FBA00E49A6E4B2A91250740"
"r3-x64-on","Microsoft.Extensions.DependencyInjection.Abstractions.xml","223851","1C1704E8DC6BB991C9E8E88C311FB680402CCEF3501D5BAC1A0478EC3FBDBA83"
"r3-x64-on","Microsoft.Extensions.DependencyInjection.dll","213504","C5D45F1AECE691C08A567951DACFAADBD14BDC5C0341DF1625FDB4A5D804F888"
"r3-x64-on","Microsoft.Extensions.Diagnostics.Abstractions.dll","17920","7E302708E3ADF717E4CC84929A2DC201A2F7A495F6195B3E4CA4162177F74741"
"r3-x64-on","Microsoft.Extensions.Diagnostics.Abstractions.xml","49415","CC0797F4B1F9873D0DD8956546827F6CABA263E32E8508730D9BA9CF86041286"
"r3-x64-on","Microsoft.Extensions.Diagnostics.dll","70656","F32D211D5F8F9F77A0B021D6B0F66288DB26B2EA362C9F57E11AE2EC7F8DED97"
"r3-x64-on","Microsoft.Extensions.Diagnostics.HealthChecks.Abstractions.dll","19968","8AB79F1BB00224B973BA6AABDBC1F40FCB797FBEECBB1808B6B81B2173AB8E84"
"r3-x64-on","Microsoft.Extensions.Diagnostics.HealthChecks.dll","87040","675D4CF3C9180048C7AFA3CF733B34F43327D732C4265A7BA233118A9C1A3D23"
"r3-x64-on","Microsoft.Extensions.Features.dll","24576","7E46601E2D2BA6140DAF0E7AEB2E5093B7FC2FBFA063C4E70A8833BB856D742A"
"r3-x64-on","Microsoft.Extensions.FileProviders.Abstractions.dll","11776","D961CD7F2F8644F3BDF3E555C5796A3DB2105EB9764BEC5D8C3F75AB25CC400B"
"r3-x64-on","Microsoft.Extensions.FileProviders.Abstractions.xml","11148","A020ECF6B78BEA9C527325E8076EC57F9774F629C147F75B2F710CF4C0B6998B"
"r3-x64-on","Microsoft.Extensions.FileProviders.Composite.dll","12800","C3A9B6A3408A4866D87B84BF08D7763863FE879B9AFEC2E3D468F259BC49D691"
"r3-x64-on","Microsoft.Extensions.FileProviders.Embedded.dll","50176","24A4E10DDDC9B205F9023BBB3449E9AE88D345A9A90670991764E09F7ED95A4D"
"r3-x64-on","Microsoft.Extensions.FileProviders.Physical.dll","89088","2FF85A52E8D3F81ACB9509D5B043A3D67F6ECFA2B228033E23033248FA279CA6"
"r3-x64-on","Microsoft.Extensions.FileSystemGlobbing.dll","83968","2E34A4159731BEC8DEF9787ECAFD1B6CA9647D4F10EDC6C53E1824B02454ACD1"
"r3-x64-on","Microsoft.Extensions.Hosting.Abstractions.dll","22016","153BD526684041420FCCF8AB5731CFD2AF913E28D793F851B929D5E55642A9D1"
"r3-x64-on","Microsoft.Extensions.Hosting.Abstractions.xml","46893","E6956E144370860D2384AB0F6DAECC2CB0FEC9B1EAE7C9EEACCC1E1D9EA71AB9"
"r3-x64-on","Microsoft.Extensions.Hosting.dll","136704","79390D89524959816A5FB01E1AD629BF3197A8D35AA4C442DC37D8F511778037"
"r3-x64-on","Microsoft.Extensions.Http.dll","180736","08D90389982561CAFAED5799106AE71990DBF57DA0035AB6B127B9E67288017C"
"r3-x64-on","Microsoft.Extensions.Identity.Core.dll","398848","D20ADE4C60BAEC0B7D2DE7E70AB39DC845C024AE09B58B8B114AC7FFF8969D09"
"r3-x64-on","Microsoft.Extensions.Identity.Stores.dll","63488","6ADDC501A1727B68CD262CF008367D49D72D89BA0C06E75E00E907411ADE4EB6"
"r3-x64-on","Microsoft.Extensions.Localization.Abstractions.dll","11776","16C33C97A70FB50FB0BBF67401B9FDAE2533AC361A2BFDEB49A909F0EDE380B5"
"r3-x64-on","Microsoft.Extensions.Localization.dll","38400","9F3DFDFDBB0C86D7E71A5C9EA2B44F8A10DE09988F6D8ED97144311D63D32A9D"
"r3-x64-on","Microsoft.Extensions.Logging.Abstractions.dll","56832","194C080E7CC89F3C8D499C6CD4758BE611A9EA202C40FD24F39F69D13645E7F9"
"r3-x64-on","Microsoft.Extensions.Logging.Abstractions.xml","91635","F46E30588566ACCD2C530D9B126A4A3D4D6E2021266E54B305F79586367E742C"
"r3-x64-on","Microsoft.Extensions.Logging.Configuration.dll","28160","98530F2D9FBE54E10B25A945D2A332F9B002DC82F6CC516AC58A5476F4DC8F89"
"r3-x64-on","Microsoft.Extensions.Logging.Console.dll","155136","5227F13C53F9F4B1B147827B4946CEDE0F37221106BC23EB8D3F56EB420F13FC"
"r3-x64-on","Microsoft.Extensions.Logging.Debug.dll","12800","8E0942A8FEE6D493988203E680B128585088CF69F8F4D23D8F88F5A3B06C0E77"
"r3-x64-on","Microsoft.Extensions.Logging.dll","80896","982FB6C4378E3AEF2F69B6D7F9E7094177757383CE66AB0B2C8341B2F84DB876"
"r3-x64-on","Microsoft.Extensions.Logging.EventLog.dll","33280","B7C7C4EFC37A36C751F94232D4B048683A92B9F1B8C96118F96EF3675751D679"
"r3-x64-on","Microsoft.Extensions.Logging.EventSource.dll","45056","B4C0895140436306A76EA84802E6EBD5454A630F45BF3FF0272EF0714F19766E"
"r3-x64-on","Microsoft.Extensions.Logging.TraceSource.dll","18944","383391F7E7338E20F1450E74D18473E27219A796CB400328226A95C8D5A724C9"
"r3-x64-on","Microsoft.Extensions.ObjectPool.dll","19968","8A537A4FAF8555B82BCE378D454B74178A8B4A378727E7B5DA97AFE3B353B83F"
"r3-x64-on","Microsoft.Extensions.Options.ConfigurationExtensions.dll","18944","12FBF44170E08EF4BA765DED95D4222F245D02024C43309FCC952E7F9D86C1B0"
"r3-x64-on","Microsoft.Extensions.Options.DataAnnotations.dll","29696","7E72A09A5EA664229F8AD75970C46EAF13A3910E9A7B8252946235045BC9448E"
"r3-x64-on","Microsoft.Extensions.Options.dll","71680","73AA9460D122BF2A9809CC1893EA16A0264A0AC17E964E983AA375DAC6158DF1"
"r3-x64-on","Microsoft.Extensions.Options.xml","152783","3A6AC7F6B8FB2F5390E2E0389D634541F72523FE84E2385C08C8ADAC760D9803"
"r3-x64-on","Microsoft.Extensions.Primitives.dll","35840","D17E5947F6432384E581C923BB70A1069BDB58AB1014461024D2B8B5E60275CD"
"r3-x64-on","Microsoft.Extensions.Primitives.xml","86329","5FFD0C15EE1892CE003D64BE0EF4808D2824469C03D1B3465569275958AF83C7"
"r3-x64-on","Microsoft.Extensions.Validation.dll","19456","1361F038B25876AAD716119A0029D9093F75A694C84B57B4562111A775DEA59C"
"r3-x64-on","Microsoft.Extensions.WebEncoders.dll","18432","20696EA4BD59F1650FED1950CB783D1E5384521607E60DD2ADC9D0FACE0856D3"
"r3-x64-on","Microsoft.JSInterop.dll","136704","4E844F08E392DE7F2CE7F243F885ED034A669A4373D5D178C9C7E70B9C963A4D"
"r3-x64-on","Microsoft.Net.Http.Headers.dll","201216","3662B0B6028214C9BDF33AE52EE7160D6DF55DF55B1F5EC1078D7418995C87E9"
"r3-x64-on","Microsoft.VisualBasic.Core.dll","418816","EEEECEF4EFE9EB73BE3C1A6A2B0926DC8CEBF8739DAB2A1DF8ED0493B97365BD"
"r3-x64-on","Microsoft.VisualBasic.dll","7168","44218CA6C6E15E04E765C386D3AD306E16444069D176C37CBF7D1D83C1D59074"
"r3-x64-on","Microsoft.Win32.Primitives.dll","5120","6DC7E7915577F5B461981BB9F83465A72B604156FB8BC4D57F2BCDC4C7CEDD1A"
"r3-x64-on","Microsoft.Win32.Primitives.xml","4229","1FA658FA646F6CB221F0839B84386B569B68C920756C266357C427E024B0C735"
"r3-x64-on","Microsoft.Win32.Registry.dll","23040","C618DECB908E266458B657102065E02F8A5DD5448CB44267BCB7A1EF81C8B90A"
"r3-x64-on","Microsoft.Win32.Registry.xml","94259","B4992C339974E430417C5464764547506D4AEEC15B02122E9333A0742B0EBACE"
"r3-x64-on","mscorlib.dll","49152","AB7A332D1DEF130431EFA3964F388923F33CDA6D41D9DB6DEB31B37F7F0AC435"
"r3-x64-on","netstandard.dll","90624","70357BD0A13B4406515042A2B416AF5828EB1FBBAE45E1A7E61705B531234677"
"r3-x64-on","System.AppContext.dll","5120","901FA303AC804A714C6F8C3D87BC5D66310F1E69556B7C97510349C315AF47B5"
"r3-x64-on","System.Buffers.dll","5120","098D767A0D028F7FE2906993BA2FD1B074079BAF9A8208A54A5588E596CBF4DC"
"r3-x64-on","System.Collections.Concurrent.dll","53760","9210EC0C5682D7AC898DD15C25EDA5ACF7B0409E34DAED821DD4A47C957863CE"
"r3-x64-on","System.Collections.Concurrent.xml","147974","5BEB3BD3B4C9C50BB059FCD2CF6160C04FD31B549306E4AF42B11E6BEC01D0F6"
"r3-x64-on","System.Collections.dll","102912","D9002A66AE787CD4A75E569D7DA0DC5B74CC046C1AD1336CC151B409093DE480"
"r3-x64-on","System.Collections.Immutable.dll","242688","864361CDD21D934FF54D55DCDDAEC11AF7D993B0C2FEBB7F57D9E95A51A1329C"
"r3-x64-on","System.Collections.Immutable.xml","541757","1F1D2FCC16F3531BE0A86031E5FBC8935A5413813EA20A854CDBB6D1AC2CAEE9"
"r3-x64-on","System.Collections.NonGeneric.dll","37888","2E6D92891C8BBC117B3E659F45BFA1FAC321871F003E05F81D07320A855B9196"
"r3-x64-on","System.Collections.NonGeneric.xml","82749","81438BD06CB245D45B715FDADDE5C2D58D997908DDEB1727B316DB2F792B7D77"
"r3-x64-on","System.Collections.Specialized.dll","37888","299810F51DF92A2CEA59ABDD8E99E8979B744D06F2871C1D81086DF319A7D596"
"r3-x64-on","System.Collections.Specialized.xml","121871","F11E2713EFEB9E22C6A7FF4B4288D123FD4E6F7C9237731FAB28D9102A8DED52"
"r3-x64-on","System.Collections.xml","458955","BFCB5E403B2DF5F09F419CBA46DEF611E22DF17C085CAB9D1B9FB2D7D7CD172E"
"r3-x64-on","System.ComponentModel.Annotations.dll","98816","2A663898C22FE2DC5CCB677610F72F63C8336DF7E34FB80E71567D31583299BA"
"r3-x64-on","System.ComponentModel.Annotations.xml","113650","B6487F33963B70E0EB68D7CF1EB51AC71F3E562EF3638BAAFF8FA7C16DA387A2"
"r3-x64-on","System.ComponentModel.DataAnnotations.dll","6656","155B2B41AB2B0BA969C7ED5F5A7719167BC121AD29700674363E3934A048B4D4"
"r3-x64-on","System.ComponentModel.dll","6144","62466D2A50FAAE9972E440D5D2D50E500E34DB9866354EBE838A80A0BB6DF503"
"r3-x64-on","System.ComponentModel.EventBasedAsync.dll","16384","AB950A2910ECB46AE8D3833A634D925F226344C05199503068C577B069DAC221"
"r3-x64-on","System.ComponentModel.EventBasedAsync.xml","19646","02ADFA65AB856BA7A575868B8DE72BFA33FB6357E1D830F9868D824989CC7623"
"r3-x64-on","System.ComponentModel.Primitives.dll","32256","EF0E543FF622AF47F73A44CB2AE2D4404A1C483CFD6CBB41D01EB39B1365881F"
"r3-x64-on","System.ComponentModel.Primitives.xml","79999","06CBEA0F6057CC866390D16AFF6C9CB5321833E782B569EE9B350FFE30E25925"
"r3-x64-on","System.ComponentModel.TypeConverter.dll","307712","006ADB6E92673C32E62D165B791C369972AA03F45B60115A9713EC44366CC746"
"r3-x64-on","System.ComponentModel.TypeConverter.xml","790869","CCDD0ABAAFC7E3518DD2CF5B915D66E3039C6C3465B55CF1A49A4130B1009502"
"r3-x64-on","System.ComponentModel.xml","4003","05914C2A98265E0191D160F7EF57511203AADA87A7DA9BEE91DE8503900F9BA4"
"r3-x64-on","System.Configuration.dll","9216","AF4CC1A7E54817124C9DB5DED2523475BB66BD166A08AE576DE698904CE49A8C"
"r3-x64-on","System.Console.dll","87552","294D163D1DC628770189C28C5210A7494E896459F1A00E7F64DA6EC919E75B48"
"r3-x64-on","System.Console.xml","80114","7EFD6A78D233FFD7EE29BD52C3E8807130A980A6BE83AC8CE346A48AC228E0C5"
"r3-x64-on","System.Core.dll","12800","B25857F8751502E6938DE329EDF63FAC57DAD4C7A94E5E52E6359025EE0FB45F"
"r3-x64-on","System.Data.Common.dll","998912","0B7ABC637AECFA97DDB81D8FD2F4A0A939906B86F6FCD6A6F29E60833BF09916"
"r3-x64-on","System.Data.Common.xml","1440763","13E07E558F15386211E58EB577AB93EDD2DF4F5F497030FA8EFE8E17EEE7CB0C"
"r3-x64-on","System.Data.DataSetExtensions.dll","5632","C0AF59D25051201FA6D0E4E887BDF5571233C915304A8B30B299FC54E6A5D55A"
"r3-x64-on","System.Data.dll","14848","937F9D5C6773054B2C6EAED8BBD123D783C8F3CE3875D77A4513B9CED6F98CC0"
"r3-x64-on","System.Diagnostics.Contracts.dll","6144","795F05F3E8AF566230B7EBC6AD5509C6AC3C96CB38828B28EA273463EFB07441"
"r3-x64-on","System.Diagnostics.Contracts.xml","27963","61F547D73B704523A08BBAB7438DB9599C038E9274BEB88CE7ED83CB5A920949"
"r3-x64-on","System.Diagnostics.Debug.dll","5632","99244A53AE45E92B212BB50A5DCBB9A82CC4ABC01B1FC0A57BD90622527ADC1C"
"r3-x64-on","System.Diagnostics.DiagnosticSource.dll","198656","0A5328AD33B9D5B8738F43DCE4FBF157374330BB8E8F982CBE2B52CD8CEB3CC1"
"r3-x64-on","System.Diagnostics.DiagnosticSource.xml","181376","4938299E197222ED21BBE7FB548ECC27123B651C3E3BAB633AB71793E34A7D0C"
"r3-x64-on","System.Diagnostics.EventLog.dll","42496","0DE6B1AA1253CF1C375515B6D304DDA98271D44A7B79F36A9274251EEF9717BD"
"r3-x64-on","System.Diagnostics.FileVersionInfo.dll","18944","57B59391FE88E72FEDD994E043B3DA47C242F2228E73E6845E39B811CC3EA1D6"
"r3-x64-on","System.Diagnostics.FileVersionInfo.xml","16024","5A39893C42DF2ED08ED4736D6F419A70775148F9B31EFA7E26F1C51BC172F012"
"r3-x64-on","System.Diagnostics.Process.dll","156160","055AFDC76145C31ACF0D8C9368589B3ECACD107044C0A3256C9667D4E3F2A395"
"r3-x64-on","System.Diagnostics.Process.xml","109696","425D5AE9719ED3C87745DF50AD5AF5D7CE9AEBCF453CB72D284DC5FFEA311338"
"r3-x64-on","System.Diagnostics.StackTrace.dll","15872","8123CDEFF8FF5B86D2ABF0C7E3A36A50725C47DF03423A4F3057BDD4EDC48A3E"
"r3-x64-on","System.Diagnostics.StackTrace.xml","61179","719F24ADCB4BFDE10267C4E1C35B5B6B9A307502CDE7FACF5F732B2AAA541708"
"r3-x64-on","System.Diagnostics.TextWriterTraceListener.dll","21504","AA93F74DF670BD0E071F45B645EC8BD113236ECD39AD94DEDF68CBB5C26D7303"
"r3-x64-on","System.Diagnostics.TextWriterTraceListener.xml","25408","DCB73301E0D2A9B1831847D09CFF1CA39B038035495693A63E2140AD22425E81"
"r3-x64-on","System.Diagnostics.Tools.dll","5120","BABE2CE7F754C8768F6306E39D69FB5B53B5011DAFB26F79022B854130D7F436"
"r3-x64-on","System.Diagnostics.TraceSource.dll","48640","171C79F12C6AA074341A81C54485BC7433357416C15D6EFB81F94308AAD8DA90"
"r3-x64-on","System.Diagnostics.TraceSource.xml","90333","E74001900F1DBBDC381EE2AA1515C7BB9F772741BCDC2A30F49162B121D27793"
"r3-x64-on","System.Diagnostics.Tracing.dll","6144","1CB53BB1BC69ADA17FA46DFFFF7BEF9E437F95992AF2C83FF8CD98D3DB4D5325"
"r3-x64-on","System.Diagnostics.Tracing.xml","78743","B4249522DE5A335B48CD23EE47F4521FA258F1983324BFC905211BE18454A679"
"r3-x64-on","System.dll","39936","D3AB0F5B6CC3674C58006A55396BC1DA68CCDADE0E460285644AD97DB22E712F"
"r3-x64-on","System.Drawing.dll","10240","06D23312969D467C8A7030B45903C6E0BD099C54A65A427B7048B3CE3A9A9570"
"r3-x64-on","System.Drawing.Primitives.dll","54784","D8F6F2288649609AEAF6CAC594235EF07FFB21C6E09EAE9286035AC9782478DE"
"r3-x64-on","System.Drawing.Primitives.xml","174882","C82B05FBCBB984340ECEF1DDB5D303F4A97D3C8E6042AA7EDF56FD68A6AD35FF"
"r3-x64-on","System.Dynamic.Runtime.dll","6144","464606F19CE19FC9F7D2B3E9BACFB2F4421ACCBC4612AB98C6C7EB13D4EDBC83"
"r3-x64-on","System.Formats.Asn1.dll","97280","017DD059C3463CA30504A6A26F77673851D8B88AFBBA763A11A8E46C26B21FEC"
"r3-x64-on","System.Formats.Asn1.xml","310733","500C7ABD4115A58EB12423B1196E468E1EA0FE1A634FB6AB93087A0C3BCB0048"
"r3-x64-on","System.Formats.Cbor.dll","157696","1445AAFB4F89BC1FDE267A3D541F400458E60CCFF88ECF8CA0C233A06ECBED5E"
"r3-x64-on","System.Formats.Tar.dll","97792","4608B7D6D3FB56BC3655A50FB1425611CF756259F98031347DAEDFD78856FE0C"
"r3-x64-on","System.Formats.Tar.xml","53231","E9E8C8FF29BACAC05349B45381C30A6582A75328A244738839E138DDCA25EB4A"
"r3-x64-on","System.Globalization.Calendars.dll","5632","4BEE800D8215D5AB20E59FBC166913004E092E26817910476DABEB61ABDF142F"
"r3-x64-on","System.Globalization.dll","5632","D588F18396FDAD9DEC27E60BD9577D104DC8A88D25B29B9AA7CB287E5ECBEE60"
"r3-x64-on","System.Globalization.Extensions.dll","5120","9E27E42C70AE9A238225BA1B8A5DE6BFAAEB227B77F2D89ECDE2D21C8E5DD0FF"
"r3-x64-on","System.IO.Compression.Brotli.dll","28160","9B5322B7722BB14BA7A8C6A90BD234C63376EFEAB842C6A0FB79626D2CB17862"
"r3-x64-on","System.IO.Compression.Brotli.xml","32597","7B255844182838074F6EFC833B2EBDDE80C547EF9D0AB4C8D739EE3619C9FBAE"
"r3-x64-on","System.IO.Compression.dll","185856","E566A22B11EB63BCD07B603231A1FB6CAE40F0F561456D333253CF639832945C"
"r3-x64-on","System.IO.Compression.FileSystem.dll","5120","71D4143B24B3F34C3E7052841EB8E919B9E4FF77FDA7619C5B077788EF66F49C"
"r3-x64-on","System.IO.Compression.xml","96204","FEE9234763C6607B53496F73165FC1555BED03AD6C85BFE6F43CB351829986EF"
"r3-x64-on","System.IO.Compression.ZipFile.dll","40960","FE84657B406828146D810D039950D2C49B3ED5351CF9F2DF3DDC93A654297A37"
"r3-x64-on","System.IO.Compression.ZipFile.xml","142048","83D688A2123E050FF91BA9C7D018773B9E5BF7D4595DF3B3F0419D5CD633D272"
"r3-x64-on","System.IO.dll","5120","A02778809EF894C111E7410EC43D0A74401CAF2B25F395716FF50FD112B5B0D6"
"r3-x64-on","System.IO.FileSystem.AccessControl.dll","22016","A2E2911F22BCC27EC12DA8BEB409B0236514B621C7ED6E9753028C0748BFE85C"
"r3-x64-on","System.IO.FileSystem.AccessControl.xml","65019","F06ED2388699ACC2FDBCAEA198B373BC5043702BC1A788E155D1757D48B33BBC"
"r3-x64-on","System.IO.FileSystem.dll","5632","8E133B0CD03F9718B42A1F6C6A631F7744D00766CB14F167AC94DD6A738AA471"
"r3-x64-on","System.IO.FileSystem.DriveInfo.dll","38912","764D9E1D7A63366261D178D1123E4776AF35A022648F53CE7F91C6878933C020"
"r3-x64-on","System.IO.FileSystem.DriveInfo.xml","9690","D9AA6CEEB09AA5A6A8B859A67B9A713626002DB856EB9CD43C13E64B325D7272"
"r3-x64-on","System.IO.FileSystem.Primitives.dll","5120","B5E52BB8FF71D84D85E0AF9FE21D3892C664C94ABDF64E3777ECAD0B568669B7"
"r3-x64-on","System.IO.FileSystem.Watcher.dll","53248","BE94145864CAC7EAA965C330993647FFAE1C3C2989CD475022F5DF1FD0170C20"
"r3-x64-on","System.IO.FileSystem.Watcher.xml","22664","B5011A042D75579F658BB77EA887CF1092320C0443B2C749FE9D03740FD4C3B4"
"r3-x64-on","System.IO.IsolatedStorage.dll","33792","4570FBF9F25C59F03E154511D76BE477F8CC7B778CD2CC892A0C16217622DF2A"
"r3-x64-on","System.IO.IsolatedStorage.xml","91932","E2054E13A23EC290F1716B6F521480406C40926E5E6AE605FA2905FB0223B734"
"r3-x64-on","System.IO.MemoryMappedFiles.dll","38912","32A200CD652C39FE1B0DA871AB812A44ECE9A2F8F96ED7756FA3D0028BC67B2F"
"r3-x64-on","System.IO.MemoryMappedFiles.xml","48005","117C9472EB9CC3D737B49C0CFC3B63F967DB43FCADD03F957145B1B3429F98BB"
"r3-x64-on","System.IO.Pipelines.dll","73728","15B3C513D335BCC49445B51DBB16AEBC71B63091206EFFBAF30A87FF8C26F24B"
"r3-x64-on","System.IO.Pipelines.xml","41108","286D0C502D68A000453F6BE39347AE6C4CC63F7A2C73B1B941C2E25BE365E9AB"
"r3-x64-on","System.IO.Pipes.AccessControl.dll","13312","5200F443EB3B0654453166CA2D0BDD8FA03990A607A60BDB31C3C160F80A6D33"
"r3-x64-on","System.IO.Pipes.AccessControl.xml","23844","10D54A171C29838C613C7C33B76DB9CFF539114FE919F9712FE1954B22629913"
"r3-x64-on","System.IO.Pipes.dll","56320","F0A4C7DB4F02FC6B00F7D47E6393D02C71518802EFB92A91217FF2B027700590"
"r3-x64-on","System.IO.Pipes.xml","92651","758A3F29D0199E0F02361ACB33B37C149378E8989F57067B7A9714FA5A119985"
"r3-x64-on","System.IO.UnmanagedMemoryStream.dll","5120","F01117973D89C7093B12B21A12B44B3E6510B34292F4ED7A20068BFEAB1E8099"
"r3-x64-on","System.Linq.AsyncEnumerable.dll","504320","130F12EF22D9881394E0C793FE2C9E99E439ACB995C780A259E26EF9F533DB6D"
"r3-x64-on","System.Linq.AsyncEnumerable.xml","319347","CC58175820D25C200D4EA0C321093A9F1BFB44D4BAA532374450CF28E6DAA621"
"r3-x64-on","System.Linq.dll","202752","587E14814527E0D9B9F3A8DD540D0284835E383378A2DB90E3D6FC49348A9994"
"r3-x64-on","System.Linq.Expressions.dll","565760","16573E3799B71D30236E36283577A1B3AE61A9BA221F7D4CB257F2EB27BA63F8"
"r3-x64-on","System.Linq.Expressions.xml","684199","1DE17B9BE915FDED08AFCB580047C0C824E0570D9967BB9C328B14370B7561B4"
"r3-x64-on","System.Linq.Parallel.dll","215040","290B8CC539E7F5B979C6B2AC366EDA0FF2094F2F6BF1B1818D83BC030F21ABB9"
"r3-x64-on","System.Linq.Parallel.xml","270782","749602953CAB79AC24ED01D5429933BD3F649DB782B558FE588C7532463D62CD"
"r3-x64-on","System.Linq.Queryable.dll","71680","79EDAE7C322568BC69362610CCBD049F7FCC3F9F9258793273739DD2C99EABB4"
"r3-x64-on","System.Linq.Queryable.xml","180185","DC3BFEE67442FBA05E99A314C9A8B7E44F6EF3CE46C9761495849034F50DF899"
"r3-x64-on","System.Linq.xml","233275","22509117A4330EBED493689111EC4276AEB1E8C25303ACF6A377646975015C28"
"r3-x64-on","System.Memory.dll","49664","C3F756153D33739F14DFCFED2C69AFB2F4AC4C47682BC8A0E7509EC99A3F3176"
"r3-x64-on","System.Memory.xml","381205","2B641B64EB0DCD9AF499FE302EEC00BE26D103FEE66B821620428827FF16FE72"
"r3-x64-on","System.Net.dll","6656","3A020341F36C690A744BAD56A918D0E6AD97A49E93075E38C25B10FB79484249"
"r3-x64-on","System.Net.Http.dll","574464","4B05F0759FE6687BF340DAEC6A9880A8DAA8A143F2BEC84E12F8243A67133FE3"
"r3-x64-on","System.Net.Http.Json.dll","46080","F2AF56B7D6B7D20634A3C91D515D65C725C4FD8EC52315F878A5FDEF9B703CED"
"r3-x64-on","System.Net.Http.Json.xml","71073","070988161138D7A186D086D3E660BAB24CC231F5F3E96B7A309C2A791D32680A"
"r3-x64-on","System.Net.Http.xml","346625","9223B9DC2BF47D1DCBACDE42B355F075B2E3F5FEF8E927EC0789FD3238355799"
"r3-x64-on","System.Net.HttpListener.dll","119296","091E67F0DF4746826F3BEB29CB855AC327C34625F6310D32CBF48C76091A8152"
"r3-x64-on","System.Net.HttpListener.xml","64620","BB4C642CF06210AB81BECF867B537CE4E496FFED778ED57D1FF8DB01F1CB89E8"
"r3-x64-on","System.Net.Mail.dll","169984","024DE4B0CC5B4F44C62E04942652B261CBA23E37C706EC919D95A9369E5F35FB"
"r3-x64-on","System.Net.Mail.xml","135871","CEB8EF1EB073DFE7946D4DCA52F14723073830FBB96E8561AABEB3DB5E66D3AA"
"r3-x64-on","System.Net.NameResolution.dll","61440","B9A9D754B8CF3B2FFC17234BB1A25A019CFD2853EA6F3E5EBFAE8A64A28C3A82"
"r3-x64-on","System.Net.NameResolution.xml","26150","903462EFF8EAFCB2470E983870AE874691B031DC2DA0E95696BCD89C92F296AF"
"r3-x64-on","System.Net.NetworkInformation.dll","80896","DA840ABD33D1DA5ED3A5FD3D197E9D825966A2CFD4127E829C6E8B9A18330DBE"
"r3-x64-on","System.Net.NetworkInformation.xml","142724","8F1FBA3A0FF2C564B1C856F51392EBA46E9D5D7CF87C5FC44C05E177959625E3"
"r3-x64-on","System.Net.Ping.dll","41984","31462B0DED09E0A275B01C9BAC0B27C6D1B86AB6DE76179D5FA32E3885D2AC65"
"r3-x64-on","System.Net.Ping.xml","76887","1002A3EC0D5FE8EEBCC1C6ECE0D4CF33D4DFB744F1EDD99A26A94BD5C92A016A"
"r3-x64-on","System.Net.Primitives.dll","101376","1949171E6F56395E21DFE5C401CA6B0666BF1DE4644F66CC921531C049B30F79"
"r3-x64-on","System.Net.Primitives.xml","177211","02C0D5754D205C6E4847E9BFEF18019A164ABF95FF64E5998FFCD0E6945CF18D"
"r3-x64-on","System.Net.Quic.dll","154624","101A1E52AC198BE173F13172E0E7C151366984334208682119D74CBCE0D3B967"
"r3-x64-on","System.Net.Quic.xml","41079","9CF311E280E74FBCE4DF026BC82EC932A8D6F5BA3E0ACC5E39CEC5B0133FA82B"
"r3-x64-on","System.Net.Requests.dll","145408","5F74FFC35688CEBAA38763F71A21528E5D64FCDBEDE33384A6CE32565F0D1DDF"
"r3-x64-on","System.Net.Requests.xml","198738","8F5E670561DD3D8EA659A2359B3B59BE0833799D904DF6C55C5AE699F33D98FB"
"r3-x64-on","System.Net.Security.dll","357888","DB0780618BEC548C4B483A94641A985B667A2FB60D740F1BE812780EEAB6AE3D"
"r3-x64-on","System.Net.Security.xml","306155","760F0BBCF3EFCD3B337011BDC6F8953B5745CA4D300B873FB2F88C619B70EB44"
"r3-x64-on","System.Net.ServerSentEvents.dll","31744","536A9717EC2E52AD4FAD33BDF47743D55162080C9A1DD85A94808E36814863DD"
"r3-x64-on","System.Net.ServerSentEvents.xml","17759","ADB739A2B47D5595AC971B00EC5802D17BEB80DD28816605DA61133D1BF625FF"
"r3-x64-on","System.Net.ServicePoint.dll","5120","3F13A714895DA1407636E18449AC10873C011CEA77CB47A0A1ABE0D0CB417766"
"r3-x64-on","System.Net.Sockets.dll","222208","D35F7B16AB2BE9A1B47389F73E5F94709648187303190B3FB65B507E85745FD5"
"r3-x64-on","System.Net.Sockets.xml","496478","46C56CD22FA6DAB3B455EDB3F183C869910F66087405EF8C42BFD4D636F47174"
"r3-x64-on","System.Net.WebClient.dll","59904","7160F09522699A2F1CAE125EE64A9812A25AE2D3B49F4E9D651909350F61FE68"
"r3-x64-on","System.Net.WebClient.xml","116592","BAA84F5ECE0FDB0182F4BFE73469A30F4A895209895DE327D1C7C6617AC335BE"
"r3-x64-on","System.Net.WebHeaderCollection.dll","23040","4918308DA9E2E364A078F26FE6840DCB30B13915588D35693828D7177971D617"
"r3-x64-on","System.Net.WebHeaderCollection.xml","34669","3821F853FBEFC5D8343E25B6D757C21B68C59D319F4B51929BB0F3C344736D64"
"r3-x64-on","System.Net.WebProxy.dll","13824","0E59D2151A9FEA105A89D21941DE30345E259EF36EC9B9E9EBBA74F9D90DB60D"
"r3-x64-on","System.Net.WebProxy.xml","18329","ACE6C272FC590F5A155F6FCD6821B835B2ECDF90D49FF588528BEFF1B2652A28"
"r3-x64-on","System.Net.WebSockets.Client.dll","39424","6D7F48A75582043B09F510090648FB1F82133456AAD87C82C9F68EBA45610ECB"
"r3-x64-on","System.Net.WebSockets.Client.xml","18390","871746486454DAF125812F038071A9B78024E4855105C07028EC26708F4DEE52"
"r3-x64-on","System.Net.WebSockets.dll","89088","3AD0E4932B39C5B413500B22F77C3BF0483092E0C9BAB4CDFF51FFF2950862AD"
"r3-x64-on","System.Net.WebSockets.xml","59977","3467926895C207DBFC9B7947527AB113CA6C13802DB61ADC8BD73019FB7A5E35"
"r3-x64-on","System.Numerics.dll","5120","197BA2D467B353A9696E20ADD9E67128677CF548823093C5C36495A9C4C28E96"
"r3-x64-on","System.Numerics.Vectors.dll","6144","4164906ADFAFAE3B41F4198CC975B7989705AA870D0658B8CAB477C8EFA1527A"
"r3-x64-on","System.Numerics.Vectors.xml","425515","15C97ACBB2DF26037AC4BCDD80FD05F3B5BCE6F46FDC95EFDF5E8FBE6535E874"
"r3-x64-on","System.ObjectModel.dll","31232","BC0DC7EAE71FDE9DDA5B0293C86BFE0CD5CA01078F2878466335C9A97DA11836"
"r3-x64-on","System.ObjectModel.xml","46918","99E5DCD740CF87AC3E40BEE23CB03CB644506D7A203C1E46228695EFB3758B8D"
"r3-x64-on","System.Private.CoreLib.dll","17750016","DCC3A8B63FB7F56C6A1067AE7634C2F244F0CE6D4551D01B687E21CC80952694"
"r3-x64-on","System.Private.DataContractSerialization.dll","837120","46ED76A6D26A4BB8965D7F472CB5E5D64F418E148349557453FD5779BBA504C1"
"r3-x64-on","System.Private.DataContractSerialization.xml","133873","ABF9A9862335F39CAD71BA94DD310EE0AB808D6068560739D02E3ED96025F364"
"r3-x64-on","System.Private.Uri.dll","93184","189234B6A10F247F391AD7BBCA1ED6C436C503D44BDFCAED456FDD212B90CA1A"
"r3-x64-on","System.Private.Uri.xml","21110","4B3FF3010755337B82B544A45EC0511C1721F6B9F9F8198E09DAE1F30835B602"
"r3-x64-on","System.Private.Xml.dll","2844672","03E398AA17FE6320356975A6EF49C44A92647366CB98B67100AF360418BF0B27"
"r3-x64-on","System.Private.Xml.Linq.dll","123904","6F4384152B4C7EC7122613C09FAC5FE36994CBDB517ACC53B2275DBC86F75540"
"r3-x64-on","System.Private.Xml.Linq.xml","249795","6867A8B63F473D459F5B7F709B08490BB8A2A157EB7B753241C9A67624692353"
"r3-x64-on","System.Private.Xml.xml","838446","712FCB2010599107C1A2A8A22997A3E913A8DAB5A7D06EC732C84413D4754E8F"
"r3-x64-on","System.Reflection.DispatchProxy.dll","28160","4C85D8DBC888BD5BA7058BCD6F32820E08C4224214FDDEEEA43AA2D329F1308B"
"r3-x64-on","System.Reflection.DispatchProxy.xml","5119","0AA9646013D859BCF7215CCA7B95575E2B7CA339424CE3BEFAB39BF1732E68EC"
"r3-x64-on","System.Reflection.dll","6144","7EF204D9D12D6B08FD1FB82262662BB5ABFD349EB9BB0AC7CF897E53033E6CF5"
"r3-x64-on","System.Reflection.Emit.dll","124416","794450370C2B7D773612795B3B2C9056F7660A2F08572ED56F5067A02C04B527"
"r3-x64-on","System.Reflection.Emit.ILGeneration.dll","5632","1750F5791F5518AFBEBC122013E06AE4EA7D266FC9ECD4BEF3974E5478E5E82E"
"r3-x64-on","System.Reflection.Emit.ILGeneration.xml","62681","93DEA1853E3CDCA95DDB06E391914E8C98C6262EB8FAE036FCBE21997FF11578"
"r3-x64-on","System.Reflection.Emit.Lightweight.dll","5632","0D032CD6537D9A33BB4BF0A9E8F555EBC8BC2E424C9BE4B73C0E5A06AB8B9465"
"r3-x64-on","System.Reflection.Emit.Lightweight.xml","42507","9E5BFA12B4AADB8693DB8CFBF4EA24C2996AD25878929C124B2DAB0CCB4031F8"
"r3-x64-on","System.Reflection.Emit.xml","367224","4DD82B9F80A689991B99390F8E19D4B3623FBA473141D64F41F0A43B3627CB61"
"r3-x64-on","System.Reflection.Extensions.dll","5120","1423786A1D80AFCFEC76BA2AED9B82F366D4BA4BC2D17DC12F0B2496B4D64071"
"r3-x64-on","System.Reflection.Metadata.dll","494080","21D7B4B937D6CA543C56DBE230DE9AA2AE1F7D7C61EDF0391000E3E055C58905"
"r3-x64-on","System.Reflection.Metadata.xml","674415","70A05B8BD993FC92CC6C0EC9DB623BCD82009806773C559EC5506CB3CFDFCFA8"
"r3-x64-on","System.Reflection.Primitives.dll","5632","2584ABDFB4A527E2EBE2470999541F7EFABCDF1501320308C1516D2D9F50230C"
"r3-x64-on","System.Reflection.Primitives.xml","69057","DE04BE9D60B83D1F8A863972A9A93ED1BC7EB70CAE902122FADA223EED159B12"
"r3-x64-on","System.Reflection.TypeExtensions.dll","14336","DF25349E2994A126958DDB78F9316A08F7D7D9B99D094654F14C4D0EBE0FFF6B"
"r3-x64-on","System.Reflection.TypeExtensions.xml","10599","F478ECFBC025108225AA90703A0CE9D34AAFB992CB1A384FC1667F1263A3BA53"
"r3-x64-on","System.Resources.Reader.dll","5120","39ABF5555CE79989AED9CB3F40F55922519AD321065B5E10A7EFC10AEFC4A80E"
"r3-x64-on","System.Resources.ResourceManager.dll","5632","AAFF6D4A111C75AE92AF306898B58714CC49DC310A72E6EC9007A70A76B9B288"
"r3-x64-on","System.Resources.Writer.dll","16384","FBDF839BC19A914C2BD014434B6693D6D430EAA6E18F926B2BA586F437976056"
"r3-x64-on","System.Resources.Writer.xml","11657","48EBB24760B6F97446CE634F065E0B715638E71D6AEDEDB4450BEEE5D0E394A8"
"r3-x64-on","System.Runtime.CompilerServices.Unsafe.dll","5120","A4236E1178B4815991B74C81D45C64FC3ECC00E8DFDD9D8FF8710B49F718864E"
"r3-x64-on","System.Runtime.CompilerServices.VisualC.dll","7168","959104015882BF0A838185A8A4CD750A6631A8B298D89CC661A6B4394BD6BA60"
"r3-x64-on","System.Runtime.CompilerServices.VisualC.xml","5680","151608EE0478149CEAB63A53FCF97FC2A43EB54764E47AA2274E7820260E555D"
"r3-x64-on","System.Runtime.dll","35840","E7231877715325C96F43DC2B9A33418D54A7B886D2AFC846162E5A984989D633"
"r3-x64-on","System.Runtime.Extensions.dll","7680","629E96A14185DDC8655F36000728F4D4A22E87D0A31341BEC1DFB786AD8E701D"
"r3-x64-on","System.Runtime.Handles.dll","5120","034B43B6931F08104D98DACB30B5F0AF0FE4E49B085F29F6C4007FCF61D8B732"
"r3-x64-on","System.Runtime.InteropServices.dll","54272","CBDDAA2B35792193429E8DCEE0CA3D0E6FFEEBA6E4E68D11992FD85FED634456"
"r3-x64-on","System.Runtime.InteropServices.JavaScript.dll","28160","88E4D4DC91FCC2758CFF20D28FDBB6A61EE927DFB177366A16D1BD8052902A57"
"r3-x64-on","System.Runtime.InteropServices.JavaScript.xml","17849","B770AD96806E0D27979E0AB1D536246BD46D0AA896524EA83E557C6C72B7CF05"
"r3-x64-on","System.Runtime.InteropServices.RuntimeInformation.dll","5120","7A67612279EEDD2A19F261D1EAD39CE9B0FCC6A19ED0132C60AEF2156E756176"
"r3-x64-on","System.Runtime.InteropServices.xml","717459","F790C90EC98DC12421B2F3B5419F26A0DCAD50C145D066F5B7DBD8F76D9F3DA2"
"r3-x64-on","System.Runtime.Intrinsics.dll","8704","BE8F76B36E01EE02FC0F02946A173F569B8BB9E76C1691F6A74176A052F10DBD"
"r3-x64-on","System.Runtime.Intrinsics.xml","4719531","98A4EF05430C2A18BB2DA316D081D98BED0B63E8646024B2F3FC074EC803F538"
"r3-x64-on","System.Runtime.Loader.dll","5632","488F08E0492656D4D19B10A9C59565568112786506B8ED39340972CD4529B73E"
"r3-x64-on","System.Runtime.Loader.xml","23047","1BBEE7EAE1304C3FB086883B8372C0159C25FA952172F0793647F6E28B8229FB"
"r3-x64-on","System.Runtime.Numerics.dll","176640","748CCC43FBC77D44306774DF35D47614B1807F0B078A352CF0A388216F55AB75"
"r3-x64-on","System.Runtime.Numerics.xml","174198","9F44524F953893FCC8E743FAF0114D572B536FD3D9617A6D5D0910678CAC1FAA"
"r3-x64-on","System.Runtime.Serialization.dll","6656","2C64E70B40B7A23FBAC8CDAE2F1A942EC2E6E67E23B53B4015B3A460CB02E75F"
"r3-x64-on","System.Runtime.Serialization.Formatters.dll","55808","C486EB79270D1CFF1295D48C700BF42607C7BCAB0E8D21B0870143D128F6A0CA"
"r3-x64-on","System.Runtime.Serialization.Formatters.xml","68932","781440B3EC71334FC02A2A35DEE97757BD9164C18795F10862EE9CB9ABCFAFF6"
"r3-x64-on","System.Runtime.Serialization.Json.dll","5632","D5FADA58514B5CD6A1E4D684AE5A8204DB3A68D58411AF8FD63B798646EC55E0"
"r3-x64-on","System.Runtime.Serialization.Json.xml","40889","B9559342C00136FCF56AAF77090466FE742DEDFE742173AAB2A9C6C3CEAD6D51"
"r3-x64-on","System.Runtime.Serialization.Primitives.dll","13312","5509174B0FE12D22F4EE78773598E29166CD845DB94959CD128788C350422D63"
"r3-x64-on","System.Runtime.Serialization.Primitives.xml","21598","7E5C5CD9C6786D4CFDC74A6F7BD13AD84664F14FA400971C320BE6F959679B08"
"r3-x64-on","System.Runtime.Serialization.Xml.dll","6656","684357C0E7BB5FA81EDA536D3481269A31EE8391D55BB6A6E0E60DECFA429ED9"
"r3-x64-on","System.Runtime.Serialization.Xml.xml","223076","CD7F37B8415ACB2E780A373E83F8609DD524139471A974D267CC6124349B27E1"
"r3-x64-on","System.Runtime.xml","7651301","A6708171773D23000BF45673B97CF0DAAA8D34566C6581DF6833C3A4A14D411A"
"r3-x64-on","System.Security.AccessControl.dll","47616","8F7FE38BB5C63C85F29AB21C68B775E7901E9CEC32A91EF76424823E145EFF0D"
"r3-x64-on","System.Security.AccessControl.xml","231410","AA2D7D459FFDE379F3D04CECDE2D24DC31B0FFC822604EC2F49601ABDD4DC23C"
"r3-x64-on","System.Security.Claims.dll","44544","854F35A67A5FE7F2C7488FCCE86274B5BD084EC845D56A48E69111C6447ECC4A"
"r3-x64-on","System.Security.Claims.xml","69298","7691AE8E47F3BD890DF0836A8A6A958B60A7A517DB7432B8490866A0A30B3927"
"r3-x64-on","System.Security.Cryptography.Algorithms.dll","7168","26FA38FAC01F50DD9D7AFFDD71EA719A9D49FAD0832C6A433DDBE27A1C7A9E97"
"r3-x64-on","System.Security.Cryptography.Cng.dll","6144","60A96422BA6566F3B7F4259486E7BE9C49E2E471A3A178081B07075DDB5CC9D6"
"r3-x64-on","System.Security.Cryptography.Csp.dll","5632","CA4171EDB0D940CA385B551CAFD4E8F0301C57BA700BB34CC9AB1144B619CD95"
"r3-x64-on","System.Security.Cryptography.dll","1052672","32207AEB90663D1361791D5F7BD60BF72231E33D9CAAC40FC66FB05E1ABD97E5"
"r3-x64-on","System.Security.Cryptography.Encoding.dll","5632","BB853D9C99D1A5C03A86357AC878123D52A331388F805F0113F7EF901F9091C8"
"r3-x64-on","System.Security.Cryptography.OpenSsl.dll","5632","87B8BA0FEE7A9080F53B62F80DC7299831C954137921B9EFD5C3A5A340FE9865"
"r3-x64-on","System.Security.Cryptography.Pkcs.dll","653824","EE7018D40014977048FB3E3AECCD51091853C7E3DBCAD5ED2B9DDEF950C1C307"
"r3-x64-on","System.Security.Cryptography.Primitives.dll","5632","41E1A5DA1527F07720C058B3101BEF2442DA802B2E5559EA8745CA633EA27D80"
"r3-x64-on","System.Security.Cryptography.X509Certificates.dll","6656","9E21609929A49A945C10C1C7F2E55F14A490B7EA287ABD0EEB73DE1D6022EDE1"
"r3-x64-on","System.Security.Cryptography.xml","1959515","D5BD5FFBD61E6EB370D89E06721EF3F3029E2E2D75A8E4FCB45DB66B1157078D"
"r3-x64-on","System.Security.Cryptography.Xml.dll","438784","9C75EFCF116A3161028FD00F979852B6F236CAC3A91A44D64E84A59903FEE88A"
"r3-x64-on","System.Security.dll","8192","474C6E63CBD1095BA519C68DE9CC0EC519D248F8282BB66FC9B000CBFBCECEB1"
"r3-x64-on","System.Security.Principal.dll","5120","20AD1368ACFE02E7769C477C00B8E33FF036BB3C5D32706C72BAD4CE3C5757C5"
"r3-x64-on","System.Security.Principal.Windows.dll","27648","68E8782B83D331CC0B5197A40024CAF21290D2A702C2950DDDAFE520619B8895"
"r3-x64-on","System.Security.Principal.Windows.xml","91022","FD8D26D4DD73481A0BE08A89C4986B7AF80C050C8D493C1D7D9708FC64C398FA"
"r3-x64-on","System.Security.SecureString.dll","5120","EDAF93DCA7EF7CDAB9C5FD885BFA6AF5B128A0BFAC94D0C23492E97F99FB66D0"
"r3-x64-on","System.ServiceModel.Web.dll","6656","E8818F1E95878C4F9C4AC33BD5485D1FD5ABFD45F0FDC03731548766EA1CAE92"
"r3-x64-on","System.ServiceProcess.dll","5632","A0E6E1F8EFBC5AD69FFB95813DC7517F30E65538DA55CF299861D05C33E79829"
"r3-x64-on","System.Text.Encoding.CodePages.dll","732160","BEDB023B090D6DE302F7DE55A8C1C82C754302DC5659C5F84DED02F267BED5B4"
"r3-x64-on","System.Text.Encoding.CodePages.xml","2077","C9352B14FBD3CFC80D8CB467E635A5324D903A7056C779856A2C9C846E3DB13B"
"r3-x64-on","System.Text.Encoding.dll","5632","7BF7938F78CCFD64200FB30D54952DDE1AF4694AFD4B67DE17203619EF1EE7C0"
"r3-x64-on","System.Text.Encoding.Extensions.dll","5632","7A16E5923F3887A548D62A0A3C8E58D1C5619A94E1887AA6CC4281452223EEA0"
"r3-x64-on","System.Text.Encoding.Extensions.xml","120315","AC7FF9A4705EB4A04B00A9129A7CB36C9AE0EC2382780DF7BE4CAE5FC2F94538"
"r3-x64-on","System.Text.Encodings.Web.dll","56320","E003F1BCE4132C9C447273B22BE568995F55DD53F488D7405FBD997E5A926FCB"
"r3-x64-on","System.Text.Encodings.Web.xml","63180","1E5AB354F4AB73CDFACFE347FADFED7399E7B7733C6B0C35A875B0B1A9486FD9"
"r3-x64-on","System.Text.Json.dll","715264","CEF9BE095E35BD1461A614E741128124F4E184321502D963932800AF71BC0F3E"
"r3-x64-on","System.Text.Json.xml","599660","63342E258274D49EA205580A1F9D526AC41189B8E741314C625A6989CF350BDE"
"r3-x64-on","System.Text.RegularExpressions.dll","385024","B89D22AAF4961808D836AD1FCCFC9E5BE1A6DC61C7F774011BEC5BC71B8973F2"
"r3-x64-on","System.Text.RegularExpressions.xml","681150","25F88633B40FB85B917764E4C81050C4E191EC2F1A5B04A86E8E6BFBC2A62CBE"
"r3-x64-on","System.Threading.AccessControl.dll","23040","C90D3D3325F01E657037614058ED5C7FE08618B8BBDF21D89837C959DA1B0BB7"
"r3-x64-on","System.Threading.AccessControl.xml","92495","DF56F567ED4C5349A89AF8C727AAD9FA8DFEF8F75EF2875C6F9F4DEDDB1D4510"
"r3-x64-on","System.Threading.Channels.dll","56320","F506E42EAE65D476A8A02C55DFD802D9DD90403680FD7703C4AB34E42646020A"
"r3-x64-on","System.Threading.Channels.xml","21430","17C37B99B1FD8763806C183FEFEC1E753487FC14C7C2D28B1012F8FDA831086A"
"r3-x64-on","System.Threading.dll","34816","B01909666CDE9F356673034DD72C159C2408A6E0D4E481AB2AC4E31199D21E79"
"r3-x64-on","System.Threading.Overlapped.dll","5632","76E001E4B863107CDF8F3AEE5294D56ECA3B311F9773D65C9EF3BC3E4740BD85"
"r3-x64-on","System.Threading.Overlapped.xml","22818","31F3A826BD7DF74A6450DA87076B152E991A67C9B109895FD4F9D6CAEEC561F8"
"r3-x64-on","System.Threading.RateLimiting.dll","155648","19A15D1CEF4B19BF2D4D8871D10E132B540A2AB6F5281399DC33C725B92F8C80"
"r3-x64-on","System.Threading.Tasks.Dataflow.dll","176128","333DA74EC8F8E8781E0F20606BD023DD1E0173F6629A55BC74C284BA593A2D30"
"r3-x64-on","System.Threading.Tasks.Dataflow.xml","202749","548FC3272B0788BE8FE1B245B9CD3480671F310D9E8D3BB6836C423931802A07"
"r3-x64-on","System.Threading.Tasks.dll","6656","BE7AE8DEC2EC1B0F4B15FF56F04E67131A7CDEF7A4837D3AA970D48C94BF88AF"
"r3-x64-on","System.Threading.Tasks.Extensions.dll","5632","87B0018726A172B93EF7EFFED4AA7C38797F5D4413F5DC62C222EE0892A17988"
"r3-x64-on","System.Threading.Tasks.Parallel.dll","48128","D000715C022D5774BD3BA03634BAE8DD5C9FDFE2B1E4B4148752EC96E032943E"
"r3-x64-on","System.Threading.Tasks.Parallel.xml","75131","74D003938F6307153E1C94063D402BE1962CEC44F3DA05D9056A9D9B0F9A2E86"
"r3-x64-on","System.Threading.Thread.dll","5632","0BA93CB980C8E0D457B612D3A511652EAF5301499029C255CECF5752A3C7DA6F"
"r3-x64-on","System.Threading.Thread.xml","58913","B8B4305D35285F0EADAD5C2E3D614F2A71D4484B05D0A6B51172CADB46B587C4"
"r3-x64-on","System.Threading.ThreadPool.dll","5632","F290C7E613C9829D6B57AF51C5CF26E5C09F1CF81B59B97A9970DD8375EB6C66"
"r3-x64-on","System.Threading.ThreadPool.xml","29900","2C9FAEE415DE6B96F33BF98B6C9A760825FE268C7748C8743AFAC0A51D123FFA"
"r3-x64-on","System.Threading.Timer.dll","5120","32CCB39215F6AD672E2154A191984AC00AE031C37BCDCF803C1B0F872A9D055A"
"r3-x64-on","System.Threading.xml","299902","80E8C637A8C376C09A567A7E273AFEAB4E7D69E87A16EEE6F25A52D3BB78AF73"
"r3-x64-on","System.Transactions.dll","6656","1E82B5E9DB89AC622F1F7BCB23E0FE89E3309047434A595000863545634F5DBC"
"r3-x64-on","System.Transactions.Local.dll","164864","ABCAC109458A8B98482EAAEDE5BD43853CC3E1ECBC5645BDA3739640DB63930D"
"r3-x64-on","System.Transactions.Local.xml","77920","165C45B1AC2B6EA668633D1F38483D0A8801FAD23BD97CED3B651FD7B21F47DD"
"r3-x64-on","System.ValueTuple.dll","5632","F1D9048B5B862F30E61EBE2079F3E8CB6B6B36894E5AA1B8006E02CFA0F2037C"
"r3-x64-on","System.Web.dll","4608","D8F4AB798872C8A48C83C82F6508F28A7921B40342492B5950583F3F689928DF"
"r3-x64-on","System.Web.HttpUtility.dll","19968","ACCDE8EE264E7B16C032E96B9BD5736D8AAC7421A0ACB1E95CE3DAD1BDBAFC4C"
"r3-x64-on","System.Web.HttpUtility.xml","14645","797835159C86A4CCF7047B208983D4469867FA60809A4EB12FEB2D6387A08B14"
"r3-x64-on","System.Windows.dll","5632","3087190A907B59392E698AF8C03FF2633073276AB21C2392D6601697CC69E4DE"
"r3-x64-on","System.Xml.dll","12800","9EAD9232D05DD0896977337C8D8C15B61F1AA573337EE00756E9AD6C46076442"
"r3-x64-on","System.Xml.Linq.dll","5632","860C6C946C8BEFCADBF35323FE910A6500D1FC3B3DDCA22815676C20A42E893C"
"r3-x64-on","System.Xml.ReaderWriter.dll","11776","28EB06EACB5B350973BDCD5E66C900510180C0D05DBA13A1F6B874E896F6D569"
"r3-x64-on","System.Xml.ReaderWriter.xml","1092355","3D2F7F25BE1B2D175B8BB37B428D15ADCE9455408DC7C5982455C754FD1066E9"
"r3-x64-on","System.Xml.Serialization.dll","6144","798DD71A2FDF7A9FDC4C8B24152B0939992BE897E063DB98C9F3DC21A4147293"
"r3-x64-on","System.Xml.XDocument.dll","5632","D954DE1E2019E7151CCB7BC4821355FE2066834320D41D43D17571ED3339276F"
"r3-x64-on","System.Xml.XDocument.xml","188008","41153E3F07D0370AAC54404E7ED4F7B0E31FF5671A39018554C0F1DAD469CB7B"
"r3-x64-on","System.Xml.XmlDocument.dll","5632","8DCBF46AF458EFA22C4F18BC5AFDBFADEFA4670CEEB4CE41EB0CF1C02E9A1C4F"
"r3-x64-on","System.Xml.XmlSerializer.dll","7680","C3DA03B17AB00D181AA99EE733C4E35F66763C9A1C3431B40A68E20EBD4A75FF"
"r3-x64-on","System.Xml.XmlSerializer.xml","265080","7729C9D65973E61491CFDC7D6A08724A1BFF7774EF3342E0904BD1577BAE31F1"
"r3-x64-on","System.Xml.XPath.dll","5632","9A353BA896C63E0B89CAE773945C98E01C08200C6D633C9E21AC4F06EFF4A7DB"
"r3-x64-on","System.Xml.XPath.XDocument.dll","5632","AC945A912346ED8E04D98C193367CDEAA7B996321056E0D4754865E89DF0E6FD"
"r3-x64-on","System.Xml.XPath.XDocument.xml","6570","32C8F5D9205424080D010B2E87D8B0166EF68E63CD963BBDBACD626F3901D6E3"
"r3-x64-on","System.Xml.XPath.xml","8348","7CDD0F0366082EAC989E89D95D5A0C3C38A9C7A00E67CB2836C65394F93A58F2"
"r3-x64-on","WindowsBase.dll","5632","D0B2199531080AEF39404DC33F88FE1856D26FCAE1CE4A5B865041B407ECFBC6"
"r3-x64-rton","corerun","854344","FACAE635784096A03CE7A84D1206248C632232103589137CD05C52EE1B4DC5AE"
"r3-x64-rton","createdump","97552","95844A41715B85BC14BD83035231A5352EE16571F64388ED1BB7409CDFC9AE98"
"r3-x64-rton","libclrgc.so","725512","255BA68DD80C1C35FC96BABC9670EE4CDE54F95728815E716379D3DD99375599"
"r3-x64-rton","libclrgcexp.so","817440","2593006D76F1A6FBB2BBF218873A4F9B66F908BE2E5B9D71592623CA52FADDE4"
"r3-x64-rton","libclrjit.so","4402496","38B16EECAFD9E7CCB66B4C68D99AE593AB1C54D5DDB1FA042727ED127365DAFD"
"r3-x64-rton","libcoreclr.so","5486248","FB9142ECF36F6EF1D8A2575D17F00FFB5CA0C87D718C4E2D2E335D67341923BA"
"r3-x64-rton","libcoreclrtraceptprovider.so","537952","044E5292A4349A80D886A8E3458B77393EFAA40776FE6C10B14DA58185DC66C5"
"r3-x64-rton","libhostfxr.so","309272","6D82410220F80DACDAE3B0B06675511D804A7219E551526DAEB42811331CDB17"
"r3-x64-rton","libhostpolicy.so","298584","9E06B0F6AE3B0027EA8F614027D70AF4734619F9DD5903B2A9F878E338AE3C06"
"r3-x64-rton","libmscordaccore.so","1753968","7B8786AFF76C70AB096980885AC9A4131D1475593D989F7C9CA9FFD3817A3803"
"r3-x64-rton","libmscordbi.so","1267856","8BA0DBA63EBF53BC9C9F2BB47BED9F122FCAB88BE31C420B5667353C4CC03D97"
"r3-x64-rton","libSystem.Globalization.Native.so","61048","50A34C795A9A7C1E0FF9ABD4CEF26DF50BEC5665FDA1F06895B7FD41F7F146C6"
"r3-x64-rton","libSystem.IO.Compression.Native.so","1612360","0011FCE2C56B50CB196E7F644C5AD7D4B000AF78F2D7B149A0F3F13EA46F73A6"
"r3-x64-rton","libSystem.IO.Ports.Native.so","15056","D69D72F3CAB269ED37C32B717E82BDF77B5863AE164CD7AF428D3CD0EF2D0280"
"r3-x64-rton","libSystem.Native.so","101984","117B1F306E2A96E19C1A72CA548696F547FF4CEFC26F3E38368278571DF7D393"
"r3-x64-rton","libSystem.Net.Security.Native.so","14032","9654091F4B9C6CFF470842373CEABD47AFDDFDFBCC14F69B62BF4E95E35090AA"
"r3-x64-rton","libSystem.Security.Cryptography.Native.OpenSsl.so","211400","6CF724980CE41064BB80A1957BD85EB3DB1020371DBD9E57F8DE715190322F6B"
"r3-x64-rton","Microsoft.AspNetCore.Antiforgery.dll","120320","4720025C4E8AD843F4D822E53E2A648EEBD86144293C7C4B55ABBC8AC965CF26"
"r3-x64-rton","Microsoft.AspNetCore.App.deps.json","21246","90CF5E14124CF66CA9C481B1AE74F431C3CE7B0400AFD2B7590868D287D9B393"
"r3-x64-rton","Microsoft.AspNetCore.App.runtimeconfig.json","190","D8519405CFAFBF7C715C0D8CD6B79C62C6C6AE21C5A7B3E1ABCA28757070F12E"
"r3-x64-rton","Microsoft.AspNetCore.Authentication.Abstractions.dll","46592","A24B779DF7D2E89C5E9D4BC01B1051E2A3B6E7E88FBB9E0FCBBF411FCD8E31C4"
"r3-x64-rton","Microsoft.AspNetCore.Authentication.BearerToken.dll","53248","736DC5126E92600B1E45B8B413BDFE1A2D1411D17A7DA6E41F3367B1D73A0442"
"r3-x64-rton","Microsoft.AspNetCore.Authentication.Cookies.dll","96768","36CB5F62C4D7A10A2A1547E1E0E1DB3ABF264FC6DC595E936D53BA6C8C7B9B07"
"r3-x64-rton","Microsoft.AspNetCore.Authentication.Core.dll","97280","19B141AF50C471D4B791BEF56103DE99DBE9A998D9EE22FA7BDFF3B1F52C70B4"
"r3-x64-rton","Microsoft.AspNetCore.Authentication.dll","132608","DAAF04CE7FDE9BD7F7D0E8F1AC3E2C6A5259DF569AE1614789C66A0BDA9F6A56"
"r3-x64-rton","Microsoft.AspNetCore.Authentication.OAuth.dll","81408","37C62C95FFAAD8EDD61C925AC4EA618C7157DA0CB67027561EEC0CF905591EC2"
"r3-x64-rton","Microsoft.AspNetCore.Authorization.dll","102912","DAA28D8FF15B3ABA784B9A8C006DE4BD198C262309BABFD87DD41ECE549F68DA"
"r3-x64-rton","Microsoft.AspNetCore.Authorization.Policy.dll","55296","AB0019E49A1D9528EA399DED6F87ABA6F939B474579126E051F00044D650A9AF"
"r3-x64-rton","Microsoft.AspNetCore.Components.Authorization.dll","43008","B05ACBD081E77320AA131594D6C3660A4D1EF58ECC616A3FE5B23C61E9583891"
"r3-x64-rton","Microsoft.AspNetCore.Components.dll","964096","64677C5C1AE942EC256F068893C4E80DD84394240216A981E2C758EE4455449F"
"r3-x64-rton","Microsoft.AspNetCore.Components.Endpoints.dll","1155072","7EA343741A2680B66E27325797ABF7908A57F1D1474583572324F0E9B704613F"
"r3-x64-rton","Microsoft.AspNetCore.Components.Forms.dll","111104","5031A6214ACD96493CA70FFBEB8DD5224D68684192F9861293CD2E73D315E4B2"
"r3-x64-rton","Microsoft.AspNetCore.Components.Server.dll","969216","C6B8B5C495CCA743DEE40D9E9DFAFE5793C8A3D659088013B0F9651370968549"
"r3-x64-rton","Microsoft.AspNetCore.Components.Web.dll","462336","9D3BBA0C56857B649A7E9D7FA899AB9933C2E86C1BDAB484C4DA83C015EDC53D"
"r3-x64-rton","Microsoft.AspNetCore.Connections.Abstractions.dll","52736","19DF4394EAD7C3AFAA3E6D2F66A1B86CFB7C85C76AEC91EFC8F86CDEA536A0E8"
"r3-x64-rton","Microsoft.AspNetCore.CookiePolicy.dll","35840","8135F48F8856924F98B6674ED57668C3DDAA8C03904F2D328A3034E48B773768"
"r3-x64-rton","Microsoft.AspNetCore.Cors.dll","73216","AAD75F94DFE7826371A36DE615BF00A1AA8B7B4A8887594918270157CAB29D5E"
"r3-x64-rton","Microsoft.AspNetCore.Cryptography.Internal.dll","85504","B5FB1658143D393FF29D7CD581ECCE743101B8D75B261E08E02634DBE5CD50A6"
"r3-x64-rton","Microsoft.AspNetCore.Cryptography.KeyDerivation.dll","23552","E4B89AD0EC6D0FFD00A50A99A99FB28FFB2D2E62DA3EFC1B07E76ADDC7952D7A"
"r3-x64-rton","Microsoft.AspNetCore.DataProtection.Abstractions.dll","29184","9721B515DC4E1E7102AB4AC7EAB0CC3A03F8DAD49A8F4185C2185EBB47CDB28C"
"r3-x64-rton","Microsoft.AspNetCore.DataProtection.dll","494592","EF08B605AB0A628CF8BA318440CC6425BF969E77347DF61F2249951A0641E38F"
"r3-x64-rton","Microsoft.AspNetCore.DataProtection.Extensions.dll","25600","EAA90C2208C4568A3FE15FA93A7B216C7FCC5E37C93FF82B2A082C632842596E"
"r3-x64-rton","Microsoft.AspNetCore.Diagnostics.Abstractions.dll","12288","6D7924EF7867FC2B3B18FFDE763CB591174DE4B39001E899D131993B8AFD0CD3"
"r3-x64-rton","Microsoft.AspNetCore.Diagnostics.dll","447488","C05ADC1A3DBAD696A4DEA6443C1A339ED78D7F9DBABFCA942778134E534BC1DC"
"r3-x64-rton","Microsoft.AspNetCore.Diagnostics.HealthChecks.dll","31232","4AA392F2A5F4C6999620EBC2EB13D455A9A218A5E59A4E80B7A0B2930F7F81C4"
"r3-x64-rton","Microsoft.AspNetCore.dll","119296","15A9A1D811D095658E34F29BC45A48FD5DC576E30F026A55A7D55C1FF8924918"
"r3-x64-rton","Microsoft.AspNetCore.HostFiltering.dll","32256","C77E3EA59FFE6281DB9ED3D70DE34A855455B9442100AEEB9F740B1C952350F2"
"r3-x64-rton","Microsoft.AspNetCore.Hosting.Abstractions.dll","24576","8D0CB3B8B06C00DB628C8B4A52DA9A1B4BA149E1B041C084CED647C92AB4DB06"
"r3-x64-rton","Microsoft.AspNetCore.Hosting.dll","466944","85365E2198157C01E904F8038048FA2DFAC0517A801468788548908D3EB4813F"
"r3-x64-rton","Microsoft.AspNetCore.Hosting.Server.Abstractions.dll","8192","7E2867A5210686490AC5B6F2545C51B152C22BE391696A2C755EA973572D78CC"
"r3-x64-rton","Microsoft.AspNetCore.Html.Abstractions.dll","19456","2DE5B413EAE4EE25C8D02A0F6CDB1F1799542690A09328471BB2DD0A8808B3CC"
"r3-x64-rton","Microsoft.AspNetCore.Http.Abstractions.dll","315392","FAB8C90D087457DE064C6C0B1DE3038E6FD5CAA44979F6D99CD52447D44CEAE3"
"r3-x64-rton","Microsoft.AspNetCore.Http.Connections.Common.dll","34816","8FC15C23D099290CB200A684109022F455BA8450E3FA7A9D0CF17A3F1DB809E3"
"r3-x64-rton","Microsoft.AspNetCore.Http.Connections.dll","349184","EE02E4BFE73AFED7A45395522D3A88D1FF185CE6CD57B304DDFF2F2F49A6ABC2"
"r3-x64-rton","Microsoft.AspNetCore.Http.dll","286208","28FD764D8404B7310664194A52CA84D34A39F493030752E392F26D62CDF6B3ED"
"r3-x64-rton","Microsoft.AspNetCore.Http.Extensions.dll","749056","09C006C2CFC1D14922E8C1495B1F4D65E3093CC9288217DB89E4AC82F2CC965A"
"r3-x64-rton","Microsoft.AspNetCore.Http.Features.dll","52736","6BEFAB20CEA08CEB7CD0F7D9129A3201F042DAF046D85293072CF55ED3FD1B56"
"r3-x64-rton","Microsoft.AspNetCore.Http.Results.dll","263168","2CC473A3EFE6A32B703C0E9261D0B7AB156188F50CB0B0896CCD73852B3E66B0"
"r3-x64-rton","Microsoft.AspNetCore.HttpLogging.dll","187904","2160F9E91BDC4AE58EC99B3ACCF98DC10628BD933B7FE4F91E8DEB1AB5DFCACE"
"r3-x64-rton","Microsoft.AspNetCore.HttpOverrides.dll","67072","3C2AE0D0CC43F6F4C75CFF84ABD9CEFE4D73ED738C27DCC2171ED26038803CEA"
"r3-x64-rton","Microsoft.AspNetCore.HttpsPolicy.dll","29184","27F6E1A0BFE22C227AD6C0CFCF28D8E0E0CB8B27F57FEDFDEE137C6A92009473"
"r3-x64-rton","Microsoft.AspNetCore.Identity.dll","1018880","53F3293B00A7913CF2A64E77AD7CFF2A504933A4DFF4A5E1DCC647E80643702D"
"r3-x64-rton","Microsoft.AspNetCore.Localization.dll","45568","6569CD41F60D3F357D5FA9D925DC46D7C35CB3E1652664C05032660BF852199D"
"r3-x64-rton","Microsoft.AspNetCore.Localization.Routing.dll","9728","BB15CF43ABF41C7EAAE31E9A2FC9E901566FF30BE4277F86E1728DA6C9FAD1F1"
"r3-x64-rton","Microsoft.AspNetCore.Metadata.dll","5632","DF93BE77F5920040464E88AE5B663BC5D673F53AF68460E71911C9770844E794"
"r3-x64-rton","Microsoft.AspNetCore.Mvc.Abstractions.dll","247808","3259C92BC2DAE42A9CBF6CE7999F9CFCEC69E427D7D822B4D7EFBF4A5489E9CD"
"r3-x64-rton","Microsoft.AspNetCore.Mvc.ApiExplorer.dll","136192","710A962D8C2BB54F19A675BDFD6FA8EC25C0CE4F2B7D5320339D463F65580B41"
"r3-x64-rton","Microsoft.AspNetCore.Mvc.Core.dll","1929728","6C1F5FBC5FCF97ADC6B65626380A97D0CA8D3AC105C91EEE4DB98E306C4ADC82"
"r3-x64-rton","Microsoft.AspNetCore.Mvc.Cors.dll","30720","6D37A9F89B1F3C9C29EE7E9C45BB7FA2798F4AA1CC8165917A51DBC40BDB80B7"
"r3-x64-rton","Microsoft.AspNetCore.Mvc.DataAnnotations.dll","83968","E41A95D62CD1882F5C36996271F644ACBDED19A3D3A4ADB7DEEAEE525965DB6C"
"r3-x64-rton","Microsoft.AspNetCore.Mvc.dll","20992","6BDC154B947DCA8A3609CE19E247CC3C7A0D23C91C32447064AA0333F5CBC30E"
"r3-x64-rton","Microsoft.AspNetCore.Mvc.Formatters.Json.dll","5632","B52914A59367537CD2C1582197622D3C6C197EBC1C38050E835A484E268F65AB"
"r3-x64-rton","Microsoft.AspNetCore.Mvc.Formatters.Xml.dll","97792","B659270399ADB24D4272221266FF2C3E839845C6FFA8995EFBE6718FF7D17AA1"
"r3-x64-rton","Microsoft.AspNetCore.Mvc.Localization.dll","29696","E3E629A1DDF069286F0FD38109A541E09C728DE6BB7782CB68CDCFF020A91B6B"
"r3-x64-rton","Microsoft.AspNetCore.Mvc.Razor.dll","221184","D87D5613AC8FE8A3292CF8AF464E0850AC0A1328DCE7938B2D4A08EDB20F5CC8"
"r3-x64-rton","Microsoft.AspNetCore.Mvc.RazorPages.dll","433152","1ECC90387967C3436AF9ED027716611C531E399BD489228CB8B8FE8D1BC53B75"
"r3-x64-rton","Microsoft.AspNetCore.Mvc.TagHelpers.dll","267264","46B59E009764CBC1485E1C518441CF98A25719D3A33BA7610E1641E9C60B46FC"
"r3-x64-rton","Microsoft.AspNetCore.Mvc.ViewFeatures.dll","716800","C640648044160856BD56F259DB2454C14D9991E63196F975C2F727B3EACEC866"
"r3-x64-rton","Microsoft.AspNetCore.OutputCaching.dll","240640","11F7C7C7BAA5863576FD84E04CB87E3EB94B188DFCAD33EF6B251F1400005077"
"r3-x64-rton","Microsoft.AspNetCore.RateLimiting.dll","86016","D2FBDFAFBFCE39B8C95EB47C08D5E956E64E3E4E40E382BCDABCEE463742A2E2"
"r3-x64-rton","Microsoft.AspNetCore.Razor.dll","48128","22D288F0BADE4F8EBD9A46252AFDD00DE561D940DB00097780F123EDB9A7A835"
"r3-x64-rton","Microsoft.AspNetCore.Razor.Runtime.dll","52736","D757B8546FD8FA45E5A09508EC34D3E0D696C7B6BBD89B8FECB427FFBE6D9E80"
"r3-x64-rton","Microsoft.AspNetCore.RequestDecompression.dll","31744","4DD4BEAC931B35D7E063EDDA7F21421E26BAB8284AAD065DED7210310174E3C3"
"r3-x64-rton","Microsoft.AspNetCore.ResponseCaching.Abstractions.dll","6144","3846C5844FDDDC7898E0EE1200A5BA1F70506DB4313D1489485D0F2772ECF5F9"
"r3-x64-rton","Microsoft.AspNetCore.ResponseCaching.dll","129024","CB3C957B57C0454B402D8419F8658D443241ADFBCD62AAB43F9343D242E96A7D"
"r3-x64-rton","Microsoft.AspNetCore.ResponseCompression.dll","61440","98388878CD46B149C2B74F8B0F81FBB5F05FF9E9675566960CEA3E7461F27D79"
"r3-x64-rton","Microsoft.AspNetCore.Rewrite.dll","196096","B49FD3C271888451ABF500452A883F7C2141C49A721E269E7613E14E2E9E192A"
"r3-x64-rton","Microsoft.AspNetCore.Routing.Abstractions.dll","39424","EA32B7774B777318B306FD4D9B36E4FD3EA14B5B3D07888D0ABD22C309A54B54"
"r3-x64-rton","Microsoft.AspNetCore.Routing.dll","863232","34BA30984F13EA8C6499284103182ADE352615D53385E2DD225D1B054B2A8290"
"r3-x64-rton","Microsoft.AspNetCore.Server.HttpSys.dll","837120","E7B469F9A46989A35C4FE1C58807D2A102B751D852C4B95B8E44F573EE9524F8"
"r3-x64-rton","Microsoft.AspNetCore.Server.IIS.dll","666624","71B7B041359709901A85B26CFDE4DC3631DA667CB088BC878974FAA4C067E3AE"
"r3-x64-rton","Microsoft.AspNetCore.Server.IISIntegration.dll","32256","7F92B69CB0F52685488D4D5F46756937BAC51960267325067F4C52D9753EFF32"
"r3-x64-rton","Microsoft.AspNetCore.Server.Kestrel.Core.dll","2378752","E6A2FCDF7B487F809570F123A55480DF422A957AFADB2E689BF209E97989CABF"
"r3-x64-rton","Microsoft.AspNetCore.Server.Kestrel.dll","14848","EB67524083656A43975F58803DA1226F5D4C2A25E123CCE4833C1E082BA87D8E"
"r3-x64-rton","Microsoft.AspNetCore.Server.Kestrel.Transport.NamedPipes.dll","139264","9F319D23EB0E56463F5A53CBFB9E080DDA90D90C02CFB608A0C18E855625E078"
"r3-x64-rton","Microsoft.AspNetCore.Server.Kestrel.Transport.Quic.dll","228864","F6FCEA3A7865B291EAFCBD9F56BFCDCCAE8447707308662F6DF820094E5CB4F4"
"r3-x64-rton","Microsoft.AspNetCore.Server.Kestrel.Transport.Sockets.dll","117760","282CE436CE93BF8DB7627B3A688C19B002A33D63E437F8FA3930E5CDA8020344"
"r3-x64-rton","Microsoft.AspNetCore.Session.dll","68096","76D27790A78EDAAD94A2B06C1000AA1B07A7E500415577BF6C7DC3D8A5F2267A"
"r3-x64-rton","Microsoft.AspNetCore.SignalR.Common.dll","66048","BB8A056D20528831EA5D84DDEA271DF404BCE60EB2580110131920008AD9F50B"
"r3-x64-rton","Microsoft.AspNetCore.SignalR.Core.dll","542208","1BCF98A2E3904984822145578BD36220889CE172FDD018AB64BF3EEE8621EC4D"
"r3-x64-rton","Microsoft.AspNetCore.SignalR.dll","16384","B1090F59A34C9BEA8CA94ECA5439C3620DD01393D224974C685CAEA712A83E72"
"r3-x64-rton","Microsoft.AspNetCore.SignalR.Protocols.Json.dll","60928","F64639D62D59921E82630E2E5E110D34733DF3713BECDA1BE9813BB606AEBB05"
"r3-x64-rton","Microsoft.AspNetCore.StaticAssets.dll","182784","F3F7A5AB72326738B5D4C8B4F1CEB87729B08FDFEB40602D4CA6ECF7C4190D75"
"r3-x64-rton","Microsoft.AspNetCore.StaticFiles.dll","142848","94923F83AA0023DC30E32276191BA137D31BA5D1F283898222D1A28E885F81D9"
"r3-x64-rton","Microsoft.AspNetCore.WebSockets.dll","56832","873363F34D8B3A4D73A752048C9A0B71B9654457DF298EE3ED024C94DD579466"
"r3-x64-rton","Microsoft.AspNetCore.WebUtilities.dll","237568","5690D349DED81BE38D6A28FA0B1E8288E0F94641D1AEB3C2422209479BEBE32A"
"r3-x64-rton","Microsoft.CSharp.dll","301056","CEF5B5D699A8C5B8F511CA6A2ABDAB8BCDB20DEA93D84CDB187331D45E0716A0"
"r3-x64-rton","Microsoft.CSharp.xml","18050","B712D12C5DE74926122A368DC92329AB3215555E44BCB46F2DAEF146EC0986AC"
"r3-x64-rton","Microsoft.Extensions.Caching.Abstractions.dll","33280","AE1837B04B5968EE153F78870AED4EA2321AA30E2824D92A9B74B0CB99E601E5"
"r3-x64-rton","Microsoft.Extensions.Caching.Abstractions.xml","90809","20FE0F821F2DB08D353F669E172EBE4D3C7075422CC06D7C4C83C5592B35CE8A"
"r3-x64-rton","Microsoft.Extensions.Caching.Memory.dll","98816","8635E3E276156F5B435DEBF88207994BD111DEBBEE6E064C7E0A95D293D3EBF0"
"r3-x64-rton","Microsoft.Extensions.Configuration.Abstractions.dll","16896","48EF93995E27EF47C7E972252DF928E303EFAED7819F4E276352E618680DBA7C"
"r3-x64-rton","Microsoft.Extensions.Configuration.Abstractions.xml","20253","9AD60D91D34A8E347306843DD1A4AB74CEAFF7682500DE1A9EF327F16A7B9930"
"r3-x64-rton","Microsoft.Extensions.Configuration.Binder.dll","66560","861E5A1A5749D3762933859F41AA0E4AF95C63EDEDAF71C2681067D4F02D2DDA"
"r3-x64-rton","Microsoft.Extensions.Configuration.CommandLine.dll","25600","35225AA7CB6A812A54E3713ABEE0448889EF9B66ED1B52B3B74C477631569080"
"r3-x64-rton","Microsoft.Extensions.Configuration.dll","74240","9D0E0FA2CD340B30B77E0CA0171A3BB92B3B90C126FDE57BFC9835687D5FA47F"
"r3-x64-rton","Microsoft.Extensions.Configuration.EnvironmentVariables.dll","31744","3058D52585900221731CFDA4702D76033FCE42970F768A21058371CAE491C9AA"
"r3-x64-rton","Microsoft.Extensions.Configuration.FileExtensions.dll","33792","1283177F3AA13F79F0E1CC84171FC6DF5412A70F1CB6AF833D8CB16375BB353D"
"r3-x64-rton","Microsoft.Extensions.Configuration.Ini.dll","25088","45087E3DD448F7863F93C423DB360D30147650D411239F323000A983A9775FC7"
"r3-x64-rton","Microsoft.Extensions.Configuration.Json.dll","31232","417ED1F364F20CD78309E15F671180AB2722878299A99AAABB3C7FBF8633BB80"
"r3-x64-rton","Microsoft.Extensions.Configuration.KeyPerFile.dll","18944","BCCA0A62B85D595C57BD386F90EB18EAE30C3A7FFDA1BBB1C957450FB500CBF8"
"r3-x64-rton","Microsoft.Extensions.Configuration.UserSecrets.dll","26624","6368778CC95387AC4ADA621EC02188DE6899C1BF30CDC92B69FA1EFE48C35DBF"
"r3-x64-rton","Microsoft.Extensions.Configuration.Xml.dll","46592","71520A04C2D666C1DDE7BC3C5742FF314995F51B0856A41D050EC5EB1E0629F4"
"r3-x64-rton","Microsoft.Extensions.DependencyInjection.Abstractions.dll","57344","12B3C57AE72CCBCF91585BF69D57C406CF6F06EF6FBA00E49A6E4B2A91250740"
"r3-x64-rton","Microsoft.Extensions.DependencyInjection.Abstractions.xml","223851","1C1704E8DC6BB991C9E8E88C311FB680402CCEF3501D5BAC1A0478EC3FBDBA83"
"r3-x64-rton","Microsoft.Extensions.DependencyInjection.dll","213504","C5D45F1AECE691C08A567951DACFAADBD14BDC5C0341DF1625FDB4A5D804F888"
"r3-x64-rton","Microsoft.Extensions.Diagnostics.Abstractions.dll","17920","7E302708E3ADF717E4CC84929A2DC201A2F7A495F6195B3E4CA4162177F74741"
"r3-x64-rton","Microsoft.Extensions.Diagnostics.Abstractions.xml","49415","CC0797F4B1F9873D0DD8956546827F6CABA263E32E8508730D9BA9CF86041286"
"r3-x64-rton","Microsoft.Extensions.Diagnostics.dll","70656","F32D211D5F8F9F77A0B021D6B0F66288DB26B2EA362C9F57E11AE2EC7F8DED97"
"r3-x64-rton","Microsoft.Extensions.Diagnostics.HealthChecks.Abstractions.dll","19968","513937DE91855200F9A8F2E14B2CD8C6E9106EC9DAF3A0B6E91586062CC854E1"
"r3-x64-rton","Microsoft.Extensions.Diagnostics.HealthChecks.dll","91136","5BACDE62E51C50BE2F14BC8409AD97D71F77D0AC4D23742452D2A4558C48D553"
"r3-x64-rton","Microsoft.Extensions.Features.dll","24576","8555E8329D6186B84F8AAC21B887E6CF6C804A3679E88F7A8B736403968AEB65"
"r3-x64-rton","Microsoft.Extensions.FileProviders.Abstractions.dll","11776","D961CD7F2F8644F3BDF3E555C5796A3DB2105EB9764BEC5D8C3F75AB25CC400B"
"r3-x64-rton","Microsoft.Extensions.FileProviders.Abstractions.xml","11148","A020ECF6B78BEA9C527325E8076EC57F9774F629C147F75B2F710CF4C0B6998B"
"r3-x64-rton","Microsoft.Extensions.FileProviders.Composite.dll","12800","C3A9B6A3408A4866D87B84BF08D7763863FE879B9AFEC2E3D468F259BC49D691"
"r3-x64-rton","Microsoft.Extensions.FileProviders.Embedded.dll","50176","1EF08EFA7761532A8AFCCB83AE1289D0C72D7E146A1DE73CA9A57322E746FB5B"
"r3-x64-rton","Microsoft.Extensions.FileProviders.Physical.dll","89088","2FF85A52E8D3F81ACB9509D5B043A3D67F6ECFA2B228033E23033248FA279CA6"
"r3-x64-rton","Microsoft.Extensions.FileSystemGlobbing.dll","83968","2E34A4159731BEC8DEF9787ECAFD1B6CA9647D4F10EDC6C53E1824B02454ACD1"
"r3-x64-rton","Microsoft.Extensions.Hosting.Abstractions.dll","22016","153BD526684041420FCCF8AB5731CFD2AF913E28D793F851B929D5E55642A9D1"
"r3-x64-rton","Microsoft.Extensions.Hosting.Abstractions.xml","46893","E6956E144370860D2384AB0F6DAECC2CB0FEC9B1EAE7C9EEACCC1E1D9EA71AB9"
"r3-x64-rton","Microsoft.Extensions.Hosting.dll","136704","79390D89524959816A5FB01E1AD629BF3197A8D35AA4C442DC37D8F511778037"
"r3-x64-rton","Microsoft.Extensions.Http.dll","180736","08D90389982561CAFAED5799106AE71990DBF57DA0035AB6B127B9E67288017C"
"r3-x64-rton","Microsoft.Extensions.Identity.Core.dll","531456","51DBF672CD7986FA31EBF19481939BF3EB8095B4632749763FC41EF99903E1AF"
"r3-x64-rton","Microsoft.Extensions.Identity.Stores.dll","71680","F21BC30FAFF84D752716E2BC5AE5BE1C311292F97D962EB672E9B0F72B84E3CA"
"r3-x64-rton","Microsoft.Extensions.Localization.Abstractions.dll","11776","3AE4C49D68E9A6AB3572E81F6FDB0CB19D8EF8CD88704545AB40805F5DEC5255"
"r3-x64-rton","Microsoft.Extensions.Localization.dll","38400","5321365D4DF0EB9C7EF641B242723D22819BFD34AB049DA51D86192DC7EDABB0"
"r3-x64-rton","Microsoft.Extensions.Logging.Abstractions.dll","56832","194C080E7CC89F3C8D499C6CD4758BE611A9EA202C40FD24F39F69D13645E7F9"
"r3-x64-rton","Microsoft.Extensions.Logging.Abstractions.xml","91635","F46E30588566ACCD2C530D9B126A4A3D4D6E2021266E54B305F79586367E742C"
"r3-x64-rton","Microsoft.Extensions.Logging.Configuration.dll","28160","98530F2D9FBE54E10B25A945D2A332F9B002DC82F6CC516AC58A5476F4DC8F89"
"r3-x64-rton","Microsoft.Extensions.Logging.Console.dll","155136","5227F13C53F9F4B1B147827B4946CEDE0F37221106BC23EB8D3F56EB420F13FC"
"r3-x64-rton","Microsoft.Extensions.Logging.Debug.dll","12800","8E0942A8FEE6D493988203E680B128585088CF69F8F4D23D8F88F5A3B06C0E77"
"r3-x64-rton","Microsoft.Extensions.Logging.dll","80896","982FB6C4378E3AEF2F69B6D7F9E7094177757383CE66AB0B2C8341B2F84DB876"
"r3-x64-rton","Microsoft.Extensions.Logging.EventLog.dll","33280","B7C7C4EFC37A36C751F94232D4B048683A92B9F1B8C96118F96EF3675751D679"
"r3-x64-rton","Microsoft.Extensions.Logging.EventSource.dll","45056","B4C0895140436306A76EA84802E6EBD5454A630F45BF3FF0272EF0714F19766E"
"r3-x64-rton","Microsoft.Extensions.Logging.TraceSource.dll","18944","383391F7E7338E20F1450E74D18473E27219A796CB400328226A95C8D5A724C9"
"r3-x64-rton","Microsoft.Extensions.ObjectPool.dll","19968","1F233C35416A36D4F8C69D2277AFF5FD26E790F1F91DE8BC0BF14D92542AC4D5"
"r3-x64-rton","Microsoft.Extensions.Options.ConfigurationExtensions.dll","18944","12FBF44170E08EF4BA765DED95D4222F245D02024C43309FCC952E7F9D86C1B0"
"r3-x64-rton","Microsoft.Extensions.Options.DataAnnotations.dll","29696","7E72A09A5EA664229F8AD75970C46EAF13A3910E9A7B8252946235045BC9448E"
"r3-x64-rton","Microsoft.Extensions.Options.dll","71680","73AA9460D122BF2A9809CC1893EA16A0264A0AC17E964E983AA375DAC6158DF1"
"r3-x64-rton","Microsoft.Extensions.Options.xml","152783","3A6AC7F6B8FB2F5390E2E0389D634541F72523FE84E2385C08C8ADAC760D9803"
"r3-x64-rton","Microsoft.Extensions.Primitives.dll","35840","D17E5947F6432384E581C923BB70A1069BDB58AB1014461024D2B8B5E60275CD"
"r3-x64-rton","Microsoft.Extensions.Primitives.xml","86329","5FFD0C15EE1892CE003D64BE0EF4808D2824469C03D1B3465569275958AF83C7"
"r3-x64-rton","Microsoft.Extensions.Validation.dll","19456","701BAC665462B7E247D15E85EBADA6AA03A01890BEA3EC67E70D518C7060F369"
"r3-x64-rton","Microsoft.Extensions.WebEncoders.dll","18432","37497DDE948ECF3EAA6EF82A7E94695F1423C378F476FC146C76D427BC41A394"
"r3-x64-rton","Microsoft.JSInterop.dll","148992","24BFEBD62F4890FE1ED7FC4D9B92CF53D1B76F4E907E68CAAEA50B669F4DE406"
"r3-x64-rton","Microsoft.Net.Http.Headers.dll","201216","2F795B47178D4B43CA616AC7BFC5F867A4F38522606E47AAC3F86184C03260C5"
"r3-x64-rton","Microsoft.VisualBasic.Core.dll","418816","EEEECEF4EFE9EB73BE3C1A6A2B0926DC8CEBF8739DAB2A1DF8ED0493B97365BD"
"r3-x64-rton","Microsoft.VisualBasic.dll","7168","44218CA6C6E15E04E765C386D3AD306E16444069D176C37CBF7D1D83C1D59074"
"r3-x64-rton","Microsoft.Win32.Primitives.dll","5120","6DC7E7915577F5B461981BB9F83465A72B604156FB8BC4D57F2BCDC4C7CEDD1A"
"r3-x64-rton","Microsoft.Win32.Primitives.xml","4229","1FA658FA646F6CB221F0839B84386B569B68C920756C266357C427E024B0C735"
"r3-x64-rton","Microsoft.Win32.Registry.dll","23040","C618DECB908E266458B657102065E02F8A5DD5448CB44267BCB7A1EF81C8B90A"
"r3-x64-rton","Microsoft.Win32.Registry.xml","94259","B4992C339974E430417C5464764547506D4AEEC15B02122E9333A0742B0EBACE"
"r3-x64-rton","mscorlib.dll","49152","AB7A332D1DEF130431EFA3964F388923F33CDA6D41D9DB6DEB31B37F7F0AC435"
"r3-x64-rton","netstandard.dll","90624","70357BD0A13B4406515042A2B416AF5828EB1FBBAE45E1A7E61705B531234677"
"r3-x64-rton","System.AppContext.dll","5120","901FA303AC804A714C6F8C3D87BC5D66310F1E69556B7C97510349C315AF47B5"
"r3-x64-rton","System.Buffers.dll","5120","098D767A0D028F7FE2906993BA2FD1B074079BAF9A8208A54A5588E596CBF4DC"
"r3-x64-rton","System.Collections.Concurrent.dll","53760","9210EC0C5682D7AC898DD15C25EDA5ACF7B0409E34DAED821DD4A47C957863CE"
"r3-x64-rton","System.Collections.Concurrent.xml","147974","5BEB3BD3B4C9C50BB059FCD2CF6160C04FD31B549306E4AF42B11E6BEC01D0F6"
"r3-x64-rton","System.Collections.dll","102912","D9002A66AE787CD4A75E569D7DA0DC5B74CC046C1AD1336CC151B409093DE480"
"r3-x64-rton","System.Collections.Immutable.dll","242688","864361CDD21D934FF54D55DCDDAEC11AF7D993B0C2FEBB7F57D9E95A51A1329C"
"r3-x64-rton","System.Collections.Immutable.xml","541757","1F1D2FCC16F3531BE0A86031E5FBC8935A5413813EA20A854CDBB6D1AC2CAEE9"
"r3-x64-rton","System.Collections.NonGeneric.dll","37888","2E6D92891C8BBC117B3E659F45BFA1FAC321871F003E05F81D07320A855B9196"
"r3-x64-rton","System.Collections.NonGeneric.xml","82749","81438BD06CB245D45B715FDADDE5C2D58D997908DDEB1727B316DB2F792B7D77"
"r3-x64-rton","System.Collections.Specialized.dll","37888","299810F51DF92A2CEA59ABDD8E99E8979B744D06F2871C1D81086DF319A7D596"
"r3-x64-rton","System.Collections.Specialized.xml","121871","F11E2713EFEB9E22C6A7FF4B4288D123FD4E6F7C9237731FAB28D9102A8DED52"
"r3-x64-rton","System.Collections.xml","458955","BFCB5E403B2DF5F09F419CBA46DEF611E22DF17C085CAB9D1B9FB2D7D7CD172E"
"r3-x64-rton","System.ComponentModel.Annotations.dll","98816","2A663898C22FE2DC5CCB677610F72F63C8336DF7E34FB80E71567D31583299BA"
"r3-x64-rton","System.ComponentModel.Annotations.xml","113650","B6487F33963B70E0EB68D7CF1EB51AC71F3E562EF3638BAAFF8FA7C16DA387A2"
"r3-x64-rton","System.ComponentModel.DataAnnotations.dll","6656","155B2B41AB2B0BA969C7ED5F5A7719167BC121AD29700674363E3934A048B4D4"
"r3-x64-rton","System.ComponentModel.dll","6144","62466D2A50FAAE9972E440D5D2D50E500E34DB9866354EBE838A80A0BB6DF503"
"r3-x64-rton","System.ComponentModel.EventBasedAsync.dll","16384","AB950A2910ECB46AE8D3833A634D925F226344C05199503068C577B069DAC221"
"r3-x64-rton","System.ComponentModel.EventBasedAsync.xml","19646","02ADFA65AB856BA7A575868B8DE72BFA33FB6357E1D830F9868D824989CC7623"
"r3-x64-rton","System.ComponentModel.Primitives.dll","32256","EF0E543FF622AF47F73A44CB2AE2D4404A1C483CFD6CBB41D01EB39B1365881F"
"r3-x64-rton","System.ComponentModel.Primitives.xml","79999","06CBEA0F6057CC866390D16AFF6C9CB5321833E782B569EE9B350FFE30E25925"
"r3-x64-rton","System.ComponentModel.TypeConverter.dll","307712","006ADB6E92673C32E62D165B791C369972AA03F45B60115A9713EC44366CC746"
"r3-x64-rton","System.ComponentModel.TypeConverter.xml","790869","CCDD0ABAAFC7E3518DD2CF5B915D66E3039C6C3465B55CF1A49A4130B1009502"
"r3-x64-rton","System.ComponentModel.xml","4003","05914C2A98265E0191D160F7EF57511203AADA87A7DA9BEE91DE8503900F9BA4"
"r3-x64-rton","System.Configuration.dll","9216","AF4CC1A7E54817124C9DB5DED2523475BB66BD166A08AE576DE698904CE49A8C"
"r3-x64-rton","System.Console.dll","87552","294D163D1DC628770189C28C5210A7494E896459F1A00E7F64DA6EC919E75B48"
"r3-x64-rton","System.Console.xml","80114","7EFD6A78D233FFD7EE29BD52C3E8807130A980A6BE83AC8CE346A48AC228E0C5"
"r3-x64-rton","System.Core.dll","12800","B25857F8751502E6938DE329EDF63FAC57DAD4C7A94E5E52E6359025EE0FB45F"
"r3-x64-rton","System.Data.Common.dll","998912","0B7ABC637AECFA97DDB81D8FD2F4A0A939906B86F6FCD6A6F29E60833BF09916"
"r3-x64-rton","System.Data.Common.xml","1440763","13E07E558F15386211E58EB577AB93EDD2DF4F5F497030FA8EFE8E17EEE7CB0C"
"r3-x64-rton","System.Data.DataSetExtensions.dll","5632","C0AF59D25051201FA6D0E4E887BDF5571233C915304A8B30B299FC54E6A5D55A"
"r3-x64-rton","System.Data.dll","14848","937F9D5C6773054B2C6EAED8BBD123D783C8F3CE3875D77A4513B9CED6F98CC0"
"r3-x64-rton","System.Diagnostics.Contracts.dll","6144","795F05F3E8AF566230B7EBC6AD5509C6AC3C96CB38828B28EA273463EFB07441"
"r3-x64-rton","System.Diagnostics.Contracts.xml","27963","61F547D73B704523A08BBAB7438DB9599C038E9274BEB88CE7ED83CB5A920949"
"r3-x64-rton","System.Diagnostics.Debug.dll","5632","99244A53AE45E92B212BB50A5DCBB9A82CC4ABC01B1FC0A57BD90622527ADC1C"
"r3-x64-rton","System.Diagnostics.DiagnosticSource.dll","198656","0A5328AD33B9D5B8738F43DCE4FBF157374330BB8E8F982CBE2B52CD8CEB3CC1"
"r3-x64-rton","System.Diagnostics.DiagnosticSource.xml","181376","4938299E197222ED21BBE7FB548ECC27123B651C3E3BAB633AB71793E34A7D0C"
"r3-x64-rton","System.Diagnostics.EventLog.dll","42496","0DE6B1AA1253CF1C375515B6D304DDA98271D44A7B79F36A9274251EEF9717BD"
"r3-x64-rton","System.Diagnostics.FileVersionInfo.dll","18944","57B59391FE88E72FEDD994E043B3DA47C242F2228E73E6845E39B811CC3EA1D6"
"r3-x64-rton","System.Diagnostics.FileVersionInfo.xml","16024","5A39893C42DF2ED08ED4736D6F419A70775148F9B31EFA7E26F1C51BC172F012"
"r3-x64-rton","System.Diagnostics.Process.dll","156160","055AFDC76145C31ACF0D8C9368589B3ECACD107044C0A3256C9667D4E3F2A395"
"r3-x64-rton","System.Diagnostics.Process.xml","109696","425D5AE9719ED3C87745DF50AD5AF5D7CE9AEBCF453CB72D284DC5FFEA311338"
"r3-x64-rton","System.Diagnostics.StackTrace.dll","15872","8123CDEFF8FF5B86D2ABF0C7E3A36A50725C47DF03423A4F3057BDD4EDC48A3E"
"r3-x64-rton","System.Diagnostics.StackTrace.xml","61179","719F24ADCB4BFDE10267C4E1C35B5B6B9A307502CDE7FACF5F732B2AAA541708"
"r3-x64-rton","System.Diagnostics.TextWriterTraceListener.dll","21504","AA93F74DF670BD0E071F45B645EC8BD113236ECD39AD94DEDF68CBB5C26D7303"
"r3-x64-rton","System.Diagnostics.TextWriterTraceListener.xml","25408","DCB73301E0D2A9B1831847D09CFF1CA39B038035495693A63E2140AD22425E81"
"r3-x64-rton","System.Diagnostics.Tools.dll","5120","BABE2CE7F754C8768F6306E39D69FB5B53B5011DAFB26F79022B854130D7F436"
"r3-x64-rton","System.Diagnostics.TraceSource.dll","48640","171C79F12C6AA074341A81C54485BC7433357416C15D6EFB81F94308AAD8DA90"
"r3-x64-rton","System.Diagnostics.TraceSource.xml","90333","E74001900F1DBBDC381EE2AA1515C7BB9F772741BCDC2A30F49162B121D27793"
"r3-x64-rton","System.Diagnostics.Tracing.dll","6144","1CB53BB1BC69ADA17FA46DFFFF7BEF9E437F95992AF2C83FF8CD98D3DB4D5325"
"r3-x64-rton","System.Diagnostics.Tracing.xml","78743","B4249522DE5A335B48CD23EE47F4521FA258F1983324BFC905211BE18454A679"
"r3-x64-rton","System.dll","39936","D3AB0F5B6CC3674C58006A55396BC1DA68CCDADE0E460285644AD97DB22E712F"
"r3-x64-rton","System.Drawing.dll","10240","06D23312969D467C8A7030B45903C6E0BD099C54A65A427B7048B3CE3A9A9570"
"r3-x64-rton","System.Drawing.Primitives.dll","54784","D8F6F2288649609AEAF6CAC594235EF07FFB21C6E09EAE9286035AC9782478DE"
"r3-x64-rton","System.Drawing.Primitives.xml","174882","C82B05FBCBB984340ECEF1DDB5D303F4A97D3C8E6042AA7EDF56FD68A6AD35FF"
"r3-x64-rton","System.Dynamic.Runtime.dll","6144","464606F19CE19FC9F7D2B3E9BACFB2F4421ACCBC4612AB98C6C7EB13D4EDBC83"
"r3-x64-rton","System.Formats.Asn1.dll","97280","017DD059C3463CA30504A6A26F77673851D8B88AFBBA763A11A8E46C26B21FEC"
"r3-x64-rton","System.Formats.Asn1.xml","310733","500C7ABD4115A58EB12423B1196E468E1EA0FE1A634FB6AB93087A0C3BCB0048"
"r3-x64-rton","System.Formats.Cbor.dll","157696","1445AAFB4F89BC1FDE267A3D541F400458E60CCFF88ECF8CA0C233A06ECBED5E"
"r3-x64-rton","System.Formats.Tar.dll","97792","4608B7D6D3FB56BC3655A50FB1425611CF756259F98031347DAEDFD78856FE0C"
"r3-x64-rton","System.Formats.Tar.xml","53231","E9E8C8FF29BACAC05349B45381C30A6582A75328A244738839E138DDCA25EB4A"
"r3-x64-rton","System.Globalization.Calendars.dll","5632","4BEE800D8215D5AB20E59FBC166913004E092E26817910476DABEB61ABDF142F"
"r3-x64-rton","System.Globalization.dll","5632","D588F18396FDAD9DEC27E60BD9577D104DC8A88D25B29B9AA7CB287E5ECBEE60"
"r3-x64-rton","System.Globalization.Extensions.dll","5120","9E27E42C70AE9A238225BA1B8A5DE6BFAAEB227B77F2D89ECDE2D21C8E5DD0FF"
"r3-x64-rton","System.IO.Compression.Brotli.dll","28160","9B5322B7722BB14BA7A8C6A90BD234C63376EFEAB842C6A0FB79626D2CB17862"
"r3-x64-rton","System.IO.Compression.Brotli.xml","32597","7B255844182838074F6EFC833B2EBDDE80C547EF9D0AB4C8D739EE3619C9FBAE"
"r3-x64-rton","System.IO.Compression.dll","185856","E566A22B11EB63BCD07B603231A1FB6CAE40F0F561456D333253CF639832945C"
"r3-x64-rton","System.IO.Compression.FileSystem.dll","5120","71D4143B24B3F34C3E7052841EB8E919B9E4FF77FDA7619C5B077788EF66F49C"
"r3-x64-rton","System.IO.Compression.xml","96204","FEE9234763C6607B53496F73165FC1555BED03AD6C85BFE6F43CB351829986EF"
"r3-x64-rton","System.IO.Compression.ZipFile.dll","40960","FE84657B406828146D810D039950D2C49B3ED5351CF9F2DF3DDC93A654297A37"
"r3-x64-rton","System.IO.Compression.ZipFile.xml","142048","83D688A2123E050FF91BA9C7D018773B9E5BF7D4595DF3B3F0419D5CD633D272"
"r3-x64-rton","System.IO.dll","5120","A02778809EF894C111E7410EC43D0A74401CAF2B25F395716FF50FD112B5B0D6"
"r3-x64-rton","System.IO.FileSystem.AccessControl.dll","22016","A2E2911F22BCC27EC12DA8BEB409B0236514B621C7ED6E9753028C0748BFE85C"
"r3-x64-rton","System.IO.FileSystem.AccessControl.xml","65019","F06ED2388699ACC2FDBCAEA198B373BC5043702BC1A788E155D1757D48B33BBC"
"r3-x64-rton","System.IO.FileSystem.dll","5632","8E133B0CD03F9718B42A1F6C6A631F7744D00766CB14F167AC94DD6A738AA471"
"r3-x64-rton","System.IO.FileSystem.DriveInfo.dll","38912","764D9E1D7A63366261D178D1123E4776AF35A022648F53CE7F91C6878933C020"
"r3-x64-rton","System.IO.FileSystem.DriveInfo.xml","9690","D9AA6CEEB09AA5A6A8B859A67B9A713626002DB856EB9CD43C13E64B325D7272"
"r3-x64-rton","System.IO.FileSystem.Primitives.dll","5120","B5E52BB8FF71D84D85E0AF9FE21D3892C664C94ABDF64E3777ECAD0B568669B7"
"r3-x64-rton","System.IO.FileSystem.Watcher.dll","53248","BE94145864CAC7EAA965C330993647FFAE1C3C2989CD475022F5DF1FD0170C20"
"r3-x64-rton","System.IO.FileSystem.Watcher.xml","22664","B5011A042D75579F658BB77EA887CF1092320C0443B2C749FE9D03740FD4C3B4"
"r3-x64-rton","System.IO.IsolatedStorage.dll","33792","4570FBF9F25C59F03E154511D76BE477F8CC7B778CD2CC892A0C16217622DF2A"
"r3-x64-rton","System.IO.IsolatedStorage.xml","91932","E2054E13A23EC290F1716B6F521480406C40926E5E6AE605FA2905FB0223B734"
"r3-x64-rton","System.IO.MemoryMappedFiles.dll","38912","32A200CD652C39FE1B0DA871AB812A44ECE9A2F8F96ED7756FA3D0028BC67B2F"
"r3-x64-rton","System.IO.MemoryMappedFiles.xml","48005","117C9472EB9CC3D737B49C0CFC3B63F967DB43FCADD03F957145B1B3429F98BB"
"r3-x64-rton","System.IO.Pipelines.dll","73728","15B3C513D335BCC49445B51DBB16AEBC71B63091206EFFBAF30A87FF8C26F24B"
"r3-x64-rton","System.IO.Pipelines.xml","41108","286D0C502D68A000453F6BE39347AE6C4CC63F7A2C73B1B941C2E25BE365E9AB"
"r3-x64-rton","System.IO.Pipes.AccessControl.dll","13312","5200F443EB3B0654453166CA2D0BDD8FA03990A607A60BDB31C3C160F80A6D33"
"r3-x64-rton","System.IO.Pipes.AccessControl.xml","23844","10D54A171C29838C613C7C33B76DB9CFF539114FE919F9712FE1954B22629913"
"r3-x64-rton","System.IO.Pipes.dll","56320","F0A4C7DB4F02FC6B00F7D47E6393D02C71518802EFB92A91217FF2B027700590"
"r3-x64-rton","System.IO.Pipes.xml","92651","758A3F29D0199E0F02361ACB33B37C149378E8989F57067B7A9714FA5A119985"
"r3-x64-rton","System.IO.UnmanagedMemoryStream.dll","5120","F01117973D89C7093B12B21A12B44B3E6510B34292F4ED7A20068BFEAB1E8099"
"r3-x64-rton","System.Linq.AsyncEnumerable.dll","504320","130F12EF22D9881394E0C793FE2C9E99E439ACB995C780A259E26EF9F533DB6D"
"r3-x64-rton","System.Linq.AsyncEnumerable.xml","319347","CC58175820D25C200D4EA0C321093A9F1BFB44D4BAA532374450CF28E6DAA621"
"r3-x64-rton","System.Linq.dll","202752","587E14814527E0D9B9F3A8DD540D0284835E383378A2DB90E3D6FC49348A9994"
"r3-x64-rton","System.Linq.Expressions.dll","565760","16573E3799B71D30236E36283577A1B3AE61A9BA221F7D4CB257F2EB27BA63F8"
"r3-x64-rton","System.Linq.Expressions.xml","684199","1DE17B9BE915FDED08AFCB580047C0C824E0570D9967BB9C328B14370B7561B4"
"r3-x64-rton","System.Linq.Parallel.dll","215040","290B8CC539E7F5B979C6B2AC366EDA0FF2094F2F6BF1B1818D83BC030F21ABB9"
"r3-x64-rton","System.Linq.Parallel.xml","270782","749602953CAB79AC24ED01D5429933BD3F649DB782B558FE588C7532463D62CD"
"r3-x64-rton","System.Linq.Queryable.dll","71680","79EDAE7C322568BC69362610CCBD049F7FCC3F9F9258793273739DD2C99EABB4"
"r3-x64-rton","System.Linq.Queryable.xml","180185","DC3BFEE67442FBA05E99A314C9A8B7E44F6EF3CE46C9761495849034F50DF899"
"r3-x64-rton","System.Linq.xml","233275","22509117A4330EBED493689111EC4276AEB1E8C25303ACF6A377646975015C28"
"r3-x64-rton","System.Memory.dll","49664","C3F756153D33739F14DFCFED2C69AFB2F4AC4C47682BC8A0E7509EC99A3F3176"
"r3-x64-rton","System.Memory.xml","381205","2B641B64EB0DCD9AF499FE302EEC00BE26D103FEE66B821620428827FF16FE72"
"r3-x64-rton","System.Net.dll","6656","3A020341F36C690A744BAD56A918D0E6AD97A49E93075E38C25B10FB79484249"
"r3-x64-rton","System.Net.Http.dll","574464","4B05F0759FE6687BF340DAEC6A9880A8DAA8A143F2BEC84E12F8243A67133FE3"
"r3-x64-rton","System.Net.Http.Json.dll","46080","F2AF56B7D6B7D20634A3C91D515D65C725C4FD8EC52315F878A5FDEF9B703CED"
"r3-x64-rton","System.Net.Http.Json.xml","71073","070988161138D7A186D086D3E660BAB24CC231F5F3E96B7A309C2A791D32680A"
"r3-x64-rton","System.Net.Http.xml","346625","9223B9DC2BF47D1DCBACDE42B355F075B2E3F5FEF8E927EC0789FD3238355799"
"r3-x64-rton","System.Net.HttpListener.dll","119296","091E67F0DF4746826F3BEB29CB855AC327C34625F6310D32CBF48C76091A8152"
"r3-x64-rton","System.Net.HttpListener.xml","64620","BB4C642CF06210AB81BECF867B537CE4E496FFED778ED57D1FF8DB01F1CB89E8"
"r3-x64-rton","System.Net.Mail.dll","169984","024DE4B0CC5B4F44C62E04942652B261CBA23E37C706EC919D95A9369E5F35FB"
"r3-x64-rton","System.Net.Mail.xml","135871","CEB8EF1EB073DFE7946D4DCA52F14723073830FBB96E8561AABEB3DB5E66D3AA"
"r3-x64-rton","System.Net.NameResolution.dll","61440","B9A9D754B8CF3B2FFC17234BB1A25A019CFD2853EA6F3E5EBFAE8A64A28C3A82"
"r3-x64-rton","System.Net.NameResolution.xml","26150","903462EFF8EAFCB2470E983870AE874691B031DC2DA0E95696BCD89C92F296AF"
"r3-x64-rton","System.Net.NetworkInformation.dll","80896","DA840ABD33D1DA5ED3A5FD3D197E9D825966A2CFD4127E829C6E8B9A18330DBE"
"r3-x64-rton","System.Net.NetworkInformation.xml","142724","8F1FBA3A0FF2C564B1C856F51392EBA46E9D5D7CF87C5FC44C05E177959625E3"
"r3-x64-rton","System.Net.Ping.dll","41984","31462B0DED09E0A275B01C9BAC0B27C6D1B86AB6DE76179D5FA32E3885D2AC65"
"r3-x64-rton","System.Net.Ping.xml","76887","1002A3EC0D5FE8EEBCC1C6ECE0D4CF33D4DFB744F1EDD99A26A94BD5C92A016A"
"r3-x64-rton","System.Net.Primitives.dll","101376","1949171E6F56395E21DFE5C401CA6B0666BF1DE4644F66CC921531C049B30F79"
"r3-x64-rton","System.Net.Primitives.xml","177211","02C0D5754D205C6E4847E9BFEF18019A164ABF95FF64E5998FFCD0E6945CF18D"
"r3-x64-rton","System.Net.Quic.dll","154624","101A1E52AC198BE173F13172E0E7C151366984334208682119D74CBCE0D3B967"
"r3-x64-rton","System.Net.Quic.xml","41079","9CF311E280E74FBCE4DF026BC82EC932A8D6F5BA3E0ACC5E39CEC5B0133FA82B"
"r3-x64-rton","System.Net.Requests.dll","145408","5F74FFC35688CEBAA38763F71A21528E5D64FCDBEDE33384A6CE32565F0D1DDF"
"r3-x64-rton","System.Net.Requests.xml","198738","8F5E670561DD3D8EA659A2359B3B59BE0833799D904DF6C55C5AE699F33D98FB"
"r3-x64-rton","System.Net.Security.dll","357888","DB0780618BEC548C4B483A94641A985B667A2FB60D740F1BE812780EEAB6AE3D"
"r3-x64-rton","System.Net.Security.xml","306155","760F0BBCF3EFCD3B337011BDC6F8953B5745CA4D300B873FB2F88C619B70EB44"
"r3-x64-rton","System.Net.ServerSentEvents.dll","31744","536A9717EC2E52AD4FAD33BDF47743D55162080C9A1DD85A94808E36814863DD"
"r3-x64-rton","System.Net.ServerSentEvents.xml","17759","ADB739A2B47D5595AC971B00EC5802D17BEB80DD28816605DA61133D1BF625FF"
"r3-x64-rton","System.Net.ServicePoint.dll","5120","3F13A714895DA1407636E18449AC10873C011CEA77CB47A0A1ABE0D0CB417766"
"r3-x64-rton","System.Net.Sockets.dll","222208","D35F7B16AB2BE9A1B47389F73E5F94709648187303190B3FB65B507E85745FD5"
"r3-x64-rton","System.Net.Sockets.xml","496478","46C56CD22FA6DAB3B455EDB3F183C869910F66087405EF8C42BFD4D636F47174"
"r3-x64-rton","System.Net.WebClient.dll","59904","7160F09522699A2F1CAE125EE64A9812A25AE2D3B49F4E9D651909350F61FE68"
"r3-x64-rton","System.Net.WebClient.xml","116592","BAA84F5ECE0FDB0182F4BFE73469A30F4A895209895DE327D1C7C6617AC335BE"
"r3-x64-rton","System.Net.WebHeaderCollection.dll","23040","4918308DA9E2E364A078F26FE6840DCB30B13915588D35693828D7177971D617"
"r3-x64-rton","System.Net.WebHeaderCollection.xml","34669","3821F853FBEFC5D8343E25B6D757C21B68C59D319F4B51929BB0F3C344736D64"
"r3-x64-rton","System.Net.WebProxy.dll","13824","0E59D2151A9FEA105A89D21941DE30345E259EF36EC9B9E9EBBA74F9D90DB60D"
"r3-x64-rton","System.Net.WebProxy.xml","18329","ACE6C272FC590F5A155F6FCD6821B835B2ECDF90D49FF588528BEFF1B2652A28"
"r3-x64-rton","System.Net.WebSockets.Client.dll","39424","6D7F48A75582043B09F510090648FB1F82133456AAD87C82C9F68EBA45610ECB"
"r3-x64-rton","System.Net.WebSockets.Client.xml","18390","871746486454DAF125812F038071A9B78024E4855105C07028EC26708F4DEE52"
"r3-x64-rton","System.Net.WebSockets.dll","89088","3AD0E4932B39C5B413500B22F77C3BF0483092E0C9BAB4CDFF51FFF2950862AD"
"r3-x64-rton","System.Net.WebSockets.xml","59977","3467926895C207DBFC9B7947527AB113CA6C13802DB61ADC8BD73019FB7A5E35"
"r3-x64-rton","System.Numerics.dll","5120","197BA2D467B353A9696E20ADD9E67128677CF548823093C5C36495A9C4C28E96"
"r3-x64-rton","System.Numerics.Vectors.dll","6144","4164906ADFAFAE3B41F4198CC975B7989705AA870D0658B8CAB477C8EFA1527A"
"r3-x64-rton","System.Numerics.Vectors.xml","425515","15C97ACBB2DF26037AC4BCDD80FD05F3B5BCE6F46FDC95EFDF5E8FBE6535E874"
"r3-x64-rton","System.ObjectModel.dll","31232","BC0DC7EAE71FDE9DDA5B0293C86BFE0CD5CA01078F2878466335C9A97DA11836"
"r3-x64-rton","System.ObjectModel.xml","46918","99E5DCD740CF87AC3E40BEE23CB03CB644506D7A203C1E46228695EFB3758B8D"
"r3-x64-rton","System.Private.CoreLib.dll","17750016","DCC3A8B63FB7F56C6A1067AE7634C2F244F0CE6D4551D01B687E21CC80952694"
"r3-x64-rton","System.Private.DataContractSerialization.dll","837120","46ED76A6D26A4BB8965D7F472CB5E5D64F418E148349557453FD5779BBA504C1"
"r3-x64-rton","System.Private.DataContractSerialization.xml","133873","ABF9A9862335F39CAD71BA94DD310EE0AB808D6068560739D02E3ED96025F364"
"r3-x64-rton","System.Private.Uri.dll","93184","189234B6A10F247F391AD7BBCA1ED6C436C503D44BDFCAED456FDD212B90CA1A"
"r3-x64-rton","System.Private.Uri.xml","21110","4B3FF3010755337B82B544A45EC0511C1721F6B9F9F8198E09DAE1F30835B602"
"r3-x64-rton","System.Private.Xml.dll","2844672","03E398AA17FE6320356975A6EF49C44A92647366CB98B67100AF360418BF0B27"
"r3-x64-rton","System.Private.Xml.Linq.dll","123904","6F4384152B4C7EC7122613C09FAC5FE36994CBDB517ACC53B2275DBC86F75540"
"r3-x64-rton","System.Private.Xml.Linq.xml","249795","6867A8B63F473D459F5B7F709B08490BB8A2A157EB7B753241C9A67624692353"
"r3-x64-rton","System.Private.Xml.xml","838446","712FCB2010599107C1A2A8A22997A3E913A8DAB5A7D06EC732C84413D4754E8F"
"r3-x64-rton","System.Reflection.DispatchProxy.dll","28160","4C85D8DBC888BD5BA7058BCD6F32820E08C4224214FDDEEEA43AA2D329F1308B"
"r3-x64-rton","System.Reflection.DispatchProxy.xml","5119","0AA9646013D859BCF7215CCA7B95575E2B7CA339424CE3BEFAB39BF1732E68EC"
"r3-x64-rton","System.Reflection.dll","6144","7EF204D9D12D6B08FD1FB82262662BB5ABFD349EB9BB0AC7CF897E53033E6CF5"
"r3-x64-rton","System.Reflection.Emit.dll","124416","794450370C2B7D773612795B3B2C9056F7660A2F08572ED56F5067A02C04B527"
"r3-x64-rton","System.Reflection.Emit.ILGeneration.dll","5632","1750F5791F5518AFBEBC122013E06AE4EA7D266FC9ECD4BEF3974E5478E5E82E"
"r3-x64-rton","System.Reflection.Emit.ILGeneration.xml","62681","93DEA1853E3CDCA95DDB06E391914E8C98C6262EB8FAE036FCBE21997FF11578"
"r3-x64-rton","System.Reflection.Emit.Lightweight.dll","5632","0D032CD6537D9A33BB4BF0A9E8F555EBC8BC2E424C9BE4B73C0E5A06AB8B9465"
"r3-x64-rton","System.Reflection.Emit.Lightweight.xml","42507","9E5BFA12B4AADB8693DB8CFBF4EA24C2996AD25878929C124B2DAB0CCB4031F8"
"r3-x64-rton","System.Reflection.Emit.xml","367224","4DD82B9F80A689991B99390F8E19D4B3623FBA473141D64F41F0A43B3627CB61"
"r3-x64-rton","System.Reflection.Extensions.dll","5120","1423786A1D80AFCFEC76BA2AED9B82F366D4BA4BC2D17DC12F0B2496B4D64071"
"r3-x64-rton","System.Reflection.Metadata.dll","494080","21D7B4B937D6CA543C56DBE230DE9AA2AE1F7D7C61EDF0391000E3E055C58905"
"r3-x64-rton","System.Reflection.Metadata.xml","674415","70A05B8BD993FC92CC6C0EC9DB623BCD82009806773C559EC5506CB3CFDFCFA8"
"r3-x64-rton","System.Reflection.Primitives.dll","5632","2584ABDFB4A527E2EBE2470999541F7EFABCDF1501320308C1516D2D9F50230C"
"r3-x64-rton","System.Reflection.Primitives.xml","69057","DE04BE9D60B83D1F8A863972A9A93ED1BC7EB70CAE902122FADA223EED159B12"
"r3-x64-rton","System.Reflection.TypeExtensions.dll","14336","DF25349E2994A126958DDB78F9316A08F7D7D9B99D094654F14C4D0EBE0FFF6B"
"r3-x64-rton","System.Reflection.TypeExtensions.xml","10599","F478ECFBC025108225AA90703A0CE9D34AAFB992CB1A384FC1667F1263A3BA53"
"r3-x64-rton","System.Resources.Reader.dll","5120","39ABF5555CE79989AED9CB3F40F55922519AD321065B5E10A7EFC10AEFC4A80E"
"r3-x64-rton","System.Resources.ResourceManager.dll","5632","AAFF6D4A111C75AE92AF306898B58714CC49DC310A72E6EC9007A70A76B9B288"
"r3-x64-rton","System.Resources.Writer.dll","16384","FBDF839BC19A914C2BD014434B6693D6D430EAA6E18F926B2BA586F437976056"
"r3-x64-rton","System.Resources.Writer.xml","11657","48EBB24760B6F97446CE634F065E0B715638E71D6AEDEDB4450BEEE5D0E394A8"
"r3-x64-rton","System.Runtime.CompilerServices.Unsafe.dll","5120","A4236E1178B4815991B74C81D45C64FC3ECC00E8DFDD9D8FF8710B49F718864E"
"r3-x64-rton","System.Runtime.CompilerServices.VisualC.dll","7168","959104015882BF0A838185A8A4CD750A6631A8B298D89CC661A6B4394BD6BA60"
"r3-x64-rton","System.Runtime.CompilerServices.VisualC.xml","5680","151608EE0478149CEAB63A53FCF97FC2A43EB54764E47AA2274E7820260E555D"
"r3-x64-rton","System.Runtime.dll","35840","E7231877715325C96F43DC2B9A33418D54A7B886D2AFC846162E5A984989D633"
"r3-x64-rton","System.Runtime.Extensions.dll","7680","629E96A14185DDC8655F36000728F4D4A22E87D0A31341BEC1DFB786AD8E701D"
"r3-x64-rton","System.Runtime.Handles.dll","5120","034B43B6931F08104D98DACB30B5F0AF0FE4E49B085F29F6C4007FCF61D8B732"
"r3-x64-rton","System.Runtime.InteropServices.dll","54272","CBDDAA2B35792193429E8DCEE0CA3D0E6FFEEBA6E4E68D11992FD85FED634456"
"r3-x64-rton","System.Runtime.InteropServices.JavaScript.dll","28160","88E4D4DC91FCC2758CFF20D28FDBB6A61EE927DFB177366A16D1BD8052902A57"
"r3-x64-rton","System.Runtime.InteropServices.JavaScript.xml","17849","B770AD96806E0D27979E0AB1D536246BD46D0AA896524EA83E557C6C72B7CF05"
"r3-x64-rton","System.Runtime.InteropServices.RuntimeInformation.dll","5120","7A67612279EEDD2A19F261D1EAD39CE9B0FCC6A19ED0132C60AEF2156E756176"
"r3-x64-rton","System.Runtime.InteropServices.xml","717459","F790C90EC98DC12421B2F3B5419F26A0DCAD50C145D066F5B7DBD8F76D9F3DA2"
"r3-x64-rton","System.Runtime.Intrinsics.dll","8704","BE8F76B36E01EE02FC0F02946A173F569B8BB9E76C1691F6A74176A052F10DBD"
"r3-x64-rton","System.Runtime.Intrinsics.xml","4719531","98A4EF05430C2A18BB2DA316D081D98BED0B63E8646024B2F3FC074EC803F538"
"r3-x64-rton","System.Runtime.Loader.dll","5632","488F08E0492656D4D19B10A9C59565568112786506B8ED39340972CD4529B73E"
"r3-x64-rton","System.Runtime.Loader.xml","23047","1BBEE7EAE1304C3FB086883B8372C0159C25FA952172F0793647F6E28B8229FB"
"r3-x64-rton","System.Runtime.Numerics.dll","176640","748CCC43FBC77D44306774DF35D47614B1807F0B078A352CF0A388216F55AB75"
"r3-x64-rton","System.Runtime.Numerics.xml","174198","9F44524F953893FCC8E743FAF0114D572B536FD3D9617A6D5D0910678CAC1FAA"
"r3-x64-rton","System.Runtime.Serialization.dll","6656","2C64E70B40B7A23FBAC8CDAE2F1A942EC2E6E67E23B53B4015B3A460CB02E75F"
"r3-x64-rton","System.Runtime.Serialization.Formatters.dll","55808","C486EB79270D1CFF1295D48C700BF42607C7BCAB0E8D21B0870143D128F6A0CA"
"r3-x64-rton","System.Runtime.Serialization.Formatters.xml","68932","781440B3EC71334FC02A2A35DEE97757BD9164C18795F10862EE9CB9ABCFAFF6"
"r3-x64-rton","System.Runtime.Serialization.Json.dll","5632","D5FADA58514B5CD6A1E4D684AE5A8204DB3A68D58411AF8FD63B798646EC55E0"
"r3-x64-rton","System.Runtime.Serialization.Json.xml","40889","B9559342C00136FCF56AAF77090466FE742DEDFE742173AAB2A9C6C3CEAD6D51"
"r3-x64-rton","System.Runtime.Serialization.Primitives.dll","13312","5509174B0FE12D22F4EE78773598E29166CD845DB94959CD128788C350422D63"
"r3-x64-rton","System.Runtime.Serialization.Primitives.xml","21598","7E5C5CD9C6786D4CFDC74A6F7BD13AD84664F14FA400971C320BE6F959679B08"
"r3-x64-rton","System.Runtime.Serialization.Xml.dll","6656","684357C0E7BB5FA81EDA536D3481269A31EE8391D55BB6A6E0E60DECFA429ED9"
"r3-x64-rton","System.Runtime.Serialization.Xml.xml","223076","CD7F37B8415ACB2E780A373E83F8609DD524139471A974D267CC6124349B27E1"
"r3-x64-rton","System.Runtime.xml","7651301","A6708171773D23000BF45673B97CF0DAAA8D34566C6581DF6833C3A4A14D411A"
"r3-x64-rton","System.Security.AccessControl.dll","47616","8F7FE38BB5C63C85F29AB21C68B775E7901E9CEC32A91EF76424823E145EFF0D"
"r3-x64-rton","System.Security.AccessControl.xml","231410","AA2D7D459FFDE379F3D04CECDE2D24DC31B0FFC822604EC2F49601ABDD4DC23C"
"r3-x64-rton","System.Security.Claims.dll","44544","854F35A67A5FE7F2C7488FCCE86274B5BD084EC845D56A48E69111C6447ECC4A"
"r3-x64-rton","System.Security.Claims.xml","69298","7691AE8E47F3BD890DF0836A8A6A958B60A7A517DB7432B8490866A0A30B3927"
"r3-x64-rton","System.Security.Cryptography.Algorithms.dll","7168","26FA38FAC01F50DD9D7AFFDD71EA719A9D49FAD0832C6A433DDBE27A1C7A9E97"
"r3-x64-rton","System.Security.Cryptography.Cng.dll","6144","60A96422BA6566F3B7F4259486E7BE9C49E2E471A3A178081B07075DDB5CC9D6"
"r3-x64-rton","System.Security.Cryptography.Csp.dll","5632","CA4171EDB0D940CA385B551CAFD4E8F0301C57BA700BB34CC9AB1144B619CD95"
"r3-x64-rton","System.Security.Cryptography.dll","1052672","32207AEB90663D1361791D5F7BD60BF72231E33D9CAAC40FC66FB05E1ABD97E5"
"r3-x64-rton","System.Security.Cryptography.Encoding.dll","5632","BB853D9C99D1A5C03A86357AC878123D52A331388F805F0113F7EF901F9091C8"
"r3-x64-rton","System.Security.Cryptography.OpenSsl.dll","5632","87B8BA0FEE7A9080F53B62F80DC7299831C954137921B9EFD5C3A5A340FE9865"
"r3-x64-rton","System.Security.Cryptography.Pkcs.dll","653824","EE7018D40014977048FB3E3AECCD51091853C7E3DBCAD5ED2B9DDEF950C1C307"
"r3-x64-rton","System.Security.Cryptography.Primitives.dll","5632","41E1A5DA1527F07720C058B3101BEF2442DA802B2E5559EA8745CA633EA27D80"
"r3-x64-rton","System.Security.Cryptography.X509Certificates.dll","6656","9E21609929A49A945C10C1C7F2E55F14A490B7EA287ABD0EEB73DE1D6022EDE1"
"r3-x64-rton","System.Security.Cryptography.xml","1959515","D5BD5FFBD61E6EB370D89E06721EF3F3029E2E2D75A8E4FCB45DB66B1157078D"
"r3-x64-rton","System.Security.Cryptography.Xml.dll","438784","9C75EFCF116A3161028FD00F979852B6F236CAC3A91A44D64E84A59903FEE88A"
"r3-x64-rton","System.Security.dll","8192","474C6E63CBD1095BA519C68DE9CC0EC519D248F8282BB66FC9B000CBFBCECEB1"
"r3-x64-rton","System.Security.Principal.dll","5120","20AD1368ACFE02E7769C477C00B8E33FF036BB3C5D32706C72BAD4CE3C5757C5"
"r3-x64-rton","System.Security.Principal.Windows.dll","27648","68E8782B83D331CC0B5197A40024CAF21290D2A702C2950DDDAFE520619B8895"
"r3-x64-rton","System.Security.Principal.Windows.xml","91022","FD8D26D4DD73481A0BE08A89C4986B7AF80C050C8D493C1D7D9708FC64C398FA"
"r3-x64-rton","System.Security.SecureString.dll","5120","EDAF93DCA7EF7CDAB9C5FD885BFA6AF5B128A0BFAC94D0C23492E97F99FB66D0"
"r3-x64-rton","System.ServiceModel.Web.dll","6656","E8818F1E95878C4F9C4AC33BD5485D1FD5ABFD45F0FDC03731548766EA1CAE92"
"r3-x64-rton","System.ServiceProcess.dll","5632","A0E6E1F8EFBC5AD69FFB95813DC7517F30E65538DA55CF299861D05C33E79829"
"r3-x64-rton","System.Text.Encoding.CodePages.dll","732160","BEDB023B090D6DE302F7DE55A8C1C82C754302DC5659C5F84DED02F267BED5B4"
"r3-x64-rton","System.Text.Encoding.CodePages.xml","2077","C9352B14FBD3CFC80D8CB467E635A5324D903A7056C779856A2C9C846E3DB13B"
"r3-x64-rton","System.Text.Encoding.dll","5632","7BF7938F78CCFD64200FB30D54952DDE1AF4694AFD4B67DE17203619EF1EE7C0"
"r3-x64-rton","System.Text.Encoding.Extensions.dll","5632","7A16E5923F3887A548D62A0A3C8E58D1C5619A94E1887AA6CC4281452223EEA0"
"r3-x64-rton","System.Text.Encoding.Extensions.xml","120315","AC7FF9A4705EB4A04B00A9129A7CB36C9AE0EC2382780DF7BE4CAE5FC2F94538"
"r3-x64-rton","System.Text.Encodings.Web.dll","56320","E003F1BCE4132C9C447273B22BE568995F55DD53F488D7405FBD997E5A926FCB"
"r3-x64-rton","System.Text.Encodings.Web.xml","63180","1E5AB354F4AB73CDFACFE347FADFED7399E7B7733C6B0C35A875B0B1A9486FD9"
"r3-x64-rton","System.Text.Json.dll","715264","CEF9BE095E35BD1461A614E741128124F4E184321502D963932800AF71BC0F3E"
"r3-x64-rton","System.Text.Json.xml","599660","63342E258274D49EA205580A1F9D526AC41189B8E741314C625A6989CF350BDE"
"r3-x64-rton","System.Text.RegularExpressions.dll","385024","B89D22AAF4961808D836AD1FCCFC9E5BE1A6DC61C7F774011BEC5BC71B8973F2"
"r3-x64-rton","System.Text.RegularExpressions.xml","681150","25F88633B40FB85B917764E4C81050C4E191EC2F1A5B04A86E8E6BFBC2A62CBE"
"r3-x64-rton","System.Threading.AccessControl.dll","23040","C90D3D3325F01E657037614058ED5C7FE08618B8BBDF21D89837C959DA1B0BB7"
"r3-x64-rton","System.Threading.AccessControl.xml","92495","DF56F567ED4C5349A89AF8C727AAD9FA8DFEF8F75EF2875C6F9F4DEDDB1D4510"
"r3-x64-rton","System.Threading.Channels.dll","56320","F506E42EAE65D476A8A02C55DFD802D9DD90403680FD7703C4AB34E42646020A"
"r3-x64-rton","System.Threading.Channels.xml","21430","17C37B99B1FD8763806C183FEFEC1E753487FC14C7C2D28B1012F8FDA831086A"
"r3-x64-rton","System.Threading.dll","34816","B01909666CDE9F356673034DD72C159C2408A6E0D4E481AB2AC4E31199D21E79"
"r3-x64-rton","System.Threading.Overlapped.dll","5632","76E001E4B863107CDF8F3AEE5294D56ECA3B311F9773D65C9EF3BC3E4740BD85"
"r3-x64-rton","System.Threading.Overlapped.xml","22818","31F3A826BD7DF74A6450DA87076B152E991A67C9B109895FD4F9D6CAEEC561F8"
"r3-x64-rton","System.Threading.RateLimiting.dll","155648","19A15D1CEF4B19BF2D4D8871D10E132B540A2AB6F5281399DC33C725B92F8C80"
"r3-x64-rton","System.Threading.Tasks.Dataflow.dll","176128","333DA74EC8F8E8781E0F20606BD023DD1E0173F6629A55BC74C284BA593A2D30"
"r3-x64-rton","System.Threading.Tasks.Dataflow.xml","202749","548FC3272B0788BE8FE1B245B9CD3480671F310D9E8D3BB6836C423931802A07"
"r3-x64-rton","System.Threading.Tasks.dll","6656","BE7AE8DEC2EC1B0F4B15FF56F04E67131A7CDEF7A4837D3AA970D48C94BF88AF"
"r3-x64-rton","System.Threading.Tasks.Extensions.dll","5632","87B0018726A172B93EF7EFFED4AA7C38797F5D4413F5DC62C222EE0892A17988"
"r3-x64-rton","System.Threading.Tasks.Parallel.dll","48128","D000715C022D5774BD3BA03634BAE8DD5C9FDFE2B1E4B4148752EC96E032943E"
"r3-x64-rton","System.Threading.Tasks.Parallel.xml","75131","74D003938F6307153E1C94063D402BE1962CEC44F3DA05D9056A9D9B0F9A2E86"
"r3-x64-rton","System.Threading.Thread.dll","5632","0BA93CB980C8E0D457B612D3A511652EAF5301499029C255CECF5752A3C7DA6F"
"r3-x64-rton","System.Threading.Thread.xml","58913","B8B4305D35285F0EADAD5C2E3D614F2A71D4484B05D0A6B51172CADB46B587C4"
"r3-x64-rton","System.Threading.ThreadPool.dll","5632","F290C7E613C9829D6B57AF51C5CF26E5C09F1CF81B59B97A9970DD8375EB6C66"
"r3-x64-rton","System.Threading.ThreadPool.xml","29900","2C9FAEE415DE6B96F33BF98B6C9A760825FE268C7748C8743AFAC0A51D123FFA"
"r3-x64-rton","System.Threading.Timer.dll","5120","32CCB39215F6AD672E2154A191984AC00AE031C37BCDCF803C1B0F872A9D055A"
"r3-x64-rton","System.Threading.xml","299902","80E8C637A8C376C09A567A7E273AFEAB4E7D69E87A16EEE6F25A52D3BB78AF73"
"r3-x64-rton","System.Transactions.dll","6656","1E82B5E9DB89AC622F1F7BCB23E0FE89E3309047434A595000863545634F5DBC"
"r3-x64-rton","System.Transactions.Local.dll","164864","ABCAC109458A8B98482EAAEDE5BD43853CC3E1ECBC5645BDA3739640DB63930D"
"r3-x64-rton","System.Transactions.Local.xml","77920","165C45B1AC2B6EA668633D1F38483D0A8801FAD23BD97CED3B651FD7B21F47DD"
"r3-x64-rton","System.ValueTuple.dll","5632","F1D9048B5B862F30E61EBE2079F3E8CB6B6B36894E5AA1B8006E02CFA0F2037C"
"r3-x64-rton","System.Web.dll","4608","D8F4AB798872C8A48C83C82F6508F28A7921B40342492B5950583F3F689928DF"
"r3-x64-rton","System.Web.HttpUtility.dll","19968","ACCDE8EE264E7B16C032E96B9BD5736D8AAC7421A0ACB1E95CE3DAD1BDBAFC4C"
"r3-x64-rton","System.Web.HttpUtility.xml","14645","797835159C86A4CCF7047B208983D4469867FA60809A4EB12FEB2D6387A08B14"
"r3-x64-rton","System.Windows.dll","5632","3087190A907B59392E698AF8C03FF2633073276AB21C2392D6601697CC69E4DE"
"r3-x64-rton","System.Xml.dll","12800","9EAD9232D05DD0896977337C8D8C15B61F1AA573337EE00756E9AD6C46076442"
"r3-x64-rton","System.Xml.Linq.dll","5632","860C6C946C8BEFCADBF35323FE910A6500D1FC3B3DDCA22815676C20A42E893C"
"r3-x64-rton","System.Xml.ReaderWriter.dll","11776","28EB06EACB5B350973BDCD5E66C900510180C0D05DBA13A1F6B874E896F6D569"
"r3-x64-rton","System.Xml.ReaderWriter.xml","1092355","3D2F7F25BE1B2D175B8BB37B428D15ADCE9455408DC7C5982455C754FD1066E9"
"r3-x64-rton","System.Xml.Serialization.dll","6144","798DD71A2FDF7A9FDC4C8B24152B0939992BE897E063DB98C9F3DC21A4147293"
"r3-x64-rton","System.Xml.XDocument.dll","5632","D954DE1E2019E7151CCB7BC4821355FE2066834320D41D43D17571ED3339276F"
"r3-x64-rton","System.Xml.XDocument.xml","188008","41153E3F07D0370AAC54404E7ED4F7B0E31FF5671A39018554C0F1DAD469CB7B"
"r3-x64-rton","System.Xml.XmlDocument.dll","5632","8DCBF46AF458EFA22C4F18BC5AFDBFADEFA4670CEEB4CE41EB0CF1C02E9A1C4F"
"r3-x64-rton","System.Xml.XmlSerializer.dll","7680","C3DA03B17AB00D181AA99EE733C4E35F66763C9A1C3431B40A68E20EBD4A75FF"
"r3-x64-rton","System.Xml.XmlSerializer.xml","265080","7729C9D65973E61491CFDC7D6A08724A1BFF7774EF3342E0904BD1577BAE31F1"
"r3-x64-rton","System.Xml.XPath.dll","5632","9A353BA896C63E0B89CAE773945C98E01C08200C6D633C9E21AC4F06EFF4A7DB"
"r3-x64-rton","System.Xml.XPath.XDocument.dll","5632","AC945A912346ED8E04D98C193367CDEAA7B996321056E0D4754865E89DF0E6FD"
"r3-x64-rton","System.Xml.XPath.XDocument.xml","6570","32C8F5D9205424080D010B2E87D8B0166EF68E63CD963BBDBACD626F3901D6E3"
"r3-x64-rton","System.Xml.XPath.xml","8348","7CDD0F0366082EAC989E89D95D5A0C3C38A9C7A00E67CB2836C65394F93A58F2"
"r3-x64-rton","WindowsBase.dll","5632","D0B2199531080AEF39404DC33F88FE1856D26FCAE1CE4A5B865041B407ECFBC6"
"r3-arm64-off","corerun","854584","6390F6768A408BC57590502DEA47F00316908E354119E46B9B69A8C1211D458B"
"r3-arm64-off","createdump","97408","BBDC704C446C9122B0D1F20611B50179EBC24838779AE312E03AD35F199B3934"
"r3-arm64-off","libclrgc.so","696328","6EDC364C7295B1E1BCB4FE00D71F20691EEBF13EA17299B8B6726808499B39B3"
"r3-arm64-off","libclrgcexp.so","748512","74FD8E4CDE9C5AACBDA06C3159779650570430764C1DFAA30EAA2FD4CF6CE682"
"r3-arm64-off","libclrjit.so","3592456","75E1C57C633FB1D5E9B1418A8FF8EAAEDE2F22C8AD8BC49851A0A170B58BBCC5"
"r3-arm64-off","libcoreclr.so","5309920","EFFB2482441ED9DDF59A4DAC48ADA9B507742EECCF2E6250A2C8F2CB0A4A2C32"
"r3-arm64-off","libcoreclrtraceptprovider.so","528256","2C31B119249A5EEFF36B9338A0057740C366C06FE3619EDE9F70FF258461BCF8"
"r3-arm64-off","libhostfxr.so","303872","690B81B25524724EE6EF1B508D4B6D48CB50FEB8427F8547D3D347C434B691F9"
"r3-arm64-off","libhostpolicy.so","290224","A2E41584D115DB857422859FA516741993914F315B77BE642E2D2C7D593670EF"
"r3-arm64-off","libmscordaccore.so","1725152","1DE5FD09D42040EA5AE0253B7807434D93969CC6A31F02BD4016DA4DE4BBCCFA"
"r3-arm64-off","libmscordbi.so","1291976","75F20ECD7CF7816DDE72B826D02F4113326C90E68426FAE957D2E115FE7D5521"
"r3-arm64-off","libSystem.Globalization.Native.so","64968","297160D7C0C8C82AA326B09750948F8D8F9AB76E73018F0354C89A49A9E6FC84"
"r3-arm64-off","libSystem.IO.Compression.Native.so","1369472","98252110C4FCD0C2D605159C47579DCB9CE1278834FF3A7ACB27C2616A39CED1"
"r3-arm64-off","libSystem.IO.Ports.Native.so","14664","05EEFE2C8328E362CF0D6852E318279D02F6D59FA58DA67D2472E309714332C1"
"r3-arm64-off","libSystem.Native.so","103896","278BBE6C4910C4738407EBE68AE8A4C937D981D4853E44182DCAC62B8F17CDBC"
"r3-arm64-off","libSystem.Net.Security.Native.so","15432","3472D5DC70BE4F582CA5787327961C0068A937339C192E4894746D80434EC2DA"
"r3-arm64-off","libSystem.Security.Cryptography.Native.OpenSsl.so","240656","B597ECADEB2A6D8454C4D26D0722879CDA164803DBE07ED180D6E76762D8191C"
"r3-arm64-off","Microsoft.AspNetCore.Antiforgery.dll","133632","903694EAD4EE9EA7159807FF3C9A55B845195F2909482F55352906157FD0ABB5"
"r3-arm64-off","Microsoft.AspNetCore.App.deps.json","21256","1FE5F1AE638EBC79856624EE52433C3FFCE0D12233078EA9E43B04D1C81DC47A"
"r3-arm64-off","Microsoft.AspNetCore.App.runtimeconfig.json","190","D8519405CFAFBF7C715C0D8CD6B79C62C6C6AE21C5A7B3E1ABCA28757070F12E"
"r3-arm64-off","Microsoft.AspNetCore.Authentication.Abstractions.dll","50688","CF09DA3D6A43182940CA88FB02299DD426817F21A6154B4D2B498748FE48DF87"
"r3-arm64-off","Microsoft.AspNetCore.Authentication.BearerToken.dll","58368","5D9D59C9E7D0369DC78BFBE4B8F360038648CCCECD5C62AF947C079B10E44A5B"
"r3-arm64-off","Microsoft.AspNetCore.Authentication.Cookies.dll","105984","0B8FCAEB8F460EC2BADA160E21EC6387483D42415A479E7A3EF3F7A11F78E612"
"r3-arm64-off","Microsoft.AspNetCore.Authentication.Core.dll","105472","85A47EDBB99D5E1B9726DE5F01A4FE60095A777A74B466CB74BF1D30A771F153"
"r3-arm64-off","Microsoft.AspNetCore.Authentication.dll","145920","D001EEF224ADEA9955127B21F3254BA78D5927B9DA8C8B94A9E610805FDC3096"
"r3-arm64-off","Microsoft.AspNetCore.Authentication.OAuth.dll","89600","9097FE922354307D3356DDCF3AC948A89C9E68784CDBE62CA80C1F81F1EDD18B"
"r3-arm64-off","Microsoft.AspNetCore.Authorization.dll","112128","AE7AD05A7CEAD477AA33847D24C4C3972A8756489BA755AC66A1CC17203C731B"
"r3-arm64-off","Microsoft.AspNetCore.Authorization.Policy.dll","59904","61A9096A21D58059A97934D9BC076ECBF8303370D8FDED36B8A2C4F8CED82694"
"r3-arm64-off","Microsoft.AspNetCore.Components.Authorization.dll","46592","46F7C2841496D67B1A19A57FF8AA83E6CE742A59FDAB08312D309BC156F2C247"
"r3-arm64-off","Microsoft.AspNetCore.Components.dll","1070080","E0A0DF59D5004A7B6FE43826E96828F3369D9C66BA16ABD25D07E6DFE5A8FD37"
"r3-arm64-off","Microsoft.AspNetCore.Components.Endpoints.dll","1271296","05B963201E7257C8561FA62F7CBE526C038CF83FF107BE873BFFA4991B1161E8"
"r3-arm64-off","Microsoft.AspNetCore.Components.Forms.dll","123904","E7BE42DE9CA3BF6224A3BA60CE317AACFA45916617F28929AB538AFF26CECB15"
"r3-arm64-off","Microsoft.AspNetCore.Components.Server.dll","1057280","53B6CF093A6E8C810E993D28A39CCA12A26BCB65AE35BFBA29DCC34793EB1D3B"
"r3-arm64-off","Microsoft.AspNetCore.Components.Web.dll","512000","58C7702FDF82D3C4F5EE898712C55AB3752E432637067D2DADCF130CFD55F305"
"r3-arm64-off","Microsoft.AspNetCore.Connections.Abstractions.dll","56320","48119E8D74DE9D80C49E15C268B34B2359E4942E53194418DB23697B136F96A0"
"r3-arm64-off","Microsoft.AspNetCore.CookiePolicy.dll","37888","C590314FB4FE15B3776BFCAF531F7B76B59CC404F19468A0383E096DC4F253DC"
"r3-arm64-off","Microsoft.AspNetCore.Cors.dll","80384","44E9991CC6E1A3503E3B82B6FB1051924F464C6973EA37A42B60CFC97D108C04"
"r3-arm64-off","Microsoft.AspNetCore.Cryptography.Internal.dll","94208","36DAB3F1366A1DE78FE7334615AE95E78B56EB62DCBF73FBAF66A66487DA878F"
"r3-arm64-off","Microsoft.AspNetCore.Cryptography.KeyDerivation.dll","25088","046816BC6D3B588E89CED50C672660E9FCD411E29F6EBB2992A02E4D76FB244E"
"r3-arm64-off","Microsoft.AspNetCore.DataProtection.Abstractions.dll","32256","1889F96AEA69A415465EA10A833BA3584F534223F587628E61CBAD8B6D6AB53D"
"r3-arm64-off","Microsoft.AspNetCore.DataProtection.dll","549888","B37D0B7BFB02E01CED96C3B8E471A5D0FB365F462329CD58049F359477EB1446"
"r3-arm64-off","Microsoft.AspNetCore.DataProtection.Extensions.dll","27648","E855AAF7603A559C216BA97F1F0D74C64C00CCC41BEEF3E3E2FF659D9468B370"
"r3-arm64-off","Microsoft.AspNetCore.Diagnostics.Abstractions.dll","12288","69F0B0AE6713CDD48664BFAECE41C9C0E64B8DB25836273863E20BFB9890D115"
"r3-arm64-off","Microsoft.AspNetCore.Diagnostics.dll","478208","1A11EAABC698E50BFCE579AC824F4638B223A66F9DC99EB900482BEF005ACEF7"
"r3-arm64-off","Microsoft.AspNetCore.Diagnostics.HealthChecks.dll","34304","0063870229E6BEB167E81D8C80176C3522CBF3A422F7D88171FDA738AB1C7ED9"
"r3-arm64-off","Microsoft.AspNetCore.dll","132096","FD84E9A917E0BAA2F8679CD1729F9EB08B6CC4754CF051326E3819E914A4269A"
"r3-arm64-off","Microsoft.AspNetCore.HostFiltering.dll","34816","91F1E8C4BE19F72AF5605AA1FB3BE069E68E7A91C79ABF34C775BA9F685CAA66"
"r3-arm64-off","Microsoft.AspNetCore.Hosting.Abstractions.dll","26112","ED9182B805074FFBF8E326EFF90C9F0FB8DDC3F42E74F0AFA2BCE990AE8F5D59"
"r3-arm64-off","Microsoft.AspNetCore.Hosting.dll","516096","32D751A911A92D5563442E9D0114E66421BFF4A287C535BAA0E07DA2E1621240"
"r3-arm64-off","Microsoft.AspNetCore.Hosting.Server.Abstractions.dll","8192","47E088041B94FC36CAAF0586FBACF717E6AF5E9D72D36E11A06A84F9B5D10A57"
"r3-arm64-off","Microsoft.AspNetCore.Html.Abstractions.dll","20992","17B41F82EF41A977DB0C99BA9E127744BF252773E8297CCFB3D990D6AF8EB9A5"
"r3-arm64-off","Microsoft.AspNetCore.Http.Abstractions.dll","352768","2B475C812BF928608328C2CB7181FE01A353E3E4ABD5892F27A0512FEE20293B"
"r3-arm64-off","Microsoft.AspNetCore.Http.Connections.Common.dll","38400","E84B652A5CA89CDB655584218F373BE9F5AA7ABBF8B3BA42A296A681D15517DE"
"r3-arm64-off","Microsoft.AspNetCore.Http.Connections.dll","377344","7B99D135C0AE5F9456C52CC2818489A3965B321B80A35B3851A70C72CEF8A8EE"
"r3-arm64-off","Microsoft.AspNetCore.Http.dll","318464","A7C281543073E0B0247477B258BC2905213934ADBFDECABC17D6669C69CC5835"
"r3-arm64-off","Microsoft.AspNetCore.Http.Extensions.dll","823808","D580EF152851481D37012FFF365E22E75216449891EBF2BF3C2AA6C92A4EE9F4"
"r3-arm64-off","Microsoft.AspNetCore.Http.Features.dll","59904","F256DF6839714F4C36C6800BC18FC81C5F4B884259988D7AF195A75BDB679DD8"
"r3-arm64-off","Microsoft.AspNetCore.Http.Results.dll","289280","2FC2AC90159A1BB9A87EACD3418F91DDA6456016A07AEAD33EE1B903978F83E9"
"r3-arm64-off","Microsoft.AspNetCore.HttpLogging.dll","205312","157BB60E3AFEF8C255268F4FACCC568AF2FDC3B97CCA7464F8A915DDC27275EF"
"r3-arm64-off","Microsoft.AspNetCore.HttpOverrides.dll","70656","9112618D541EF19F2C2199BA1538453AD3643950347DEA733A329EFBA556332F"
"r3-arm64-off","Microsoft.AspNetCore.HttpsPolicy.dll","30720","3E06B379AE601839139ED58F90DA26DFD8878CAC0AF07A2ED85F48A4818BB199"
"r3-arm64-off","Microsoft.AspNetCore.Identity.dll","1118208","BC5788692069732F1B0CA1CCE17236CB0A4285F273AF65EB1B0D9F975EB9C1A9"
"r3-arm64-off","Microsoft.AspNetCore.Localization.dll","49664","1E3FFDE979C71E25A5800A6C92804619FEB5B4E99F60AAFEBC149BD4896840EF"
"r3-arm64-off","Microsoft.AspNetCore.Localization.Routing.dll","9728","4C1D6C9A486C2BCB27038D08A1B8740218AFDBE368FE9DDE8E0CA4AFF6D4CC75"
"r3-arm64-off","Microsoft.AspNetCore.Metadata.dll","5632","DF93BE77F5920040464E88AE5B663BC5D673F53AF68460E71911C9770844E794"
"r3-arm64-off","Microsoft.AspNetCore.Mvc.Abstractions.dll","275456","0748536932F4269A338A8656824A74F46DEAC29347DD8F982541DA61B5059DD3"
"r3-arm64-off","Microsoft.AspNetCore.Mvc.ApiExplorer.dll","149504","6C97A49A2D5BF48AB40A1EDA1AF02DB3B9167298D68661BFD6CD0AABECC580ED"
"r3-arm64-off","Microsoft.AspNetCore.Mvc.Core.dll","2135552","FC4DF6AFA049833BE34D42F217406F4780D1FEEC35A1007379C0F113DE1D39BD"
"r3-arm64-off","Microsoft.AspNetCore.Mvc.Cors.dll","33280","606C48704E4B72CE4B30E7DE5DE532DBC4B4C81FDE5C66821737C857189CF7D7"
"r3-arm64-off","Microsoft.AspNetCore.Mvc.DataAnnotations.dll","92672","A0E6D607DB3A6402176BCCA26EFEBF0E9ECE3E8F13B38CA731B472C3C128BC4F"
"r3-arm64-off","Microsoft.AspNetCore.Mvc.dll","23040","D6E1E2EA6CA8AC44FB0BE581C1E2BC2A8239AEE25C364140A05012BC7EFB58E3"
"r3-arm64-off","Microsoft.AspNetCore.Mvc.Formatters.Json.dll","5632","B52914A59367537CD2C1582197622D3C6C197EBC1C38050E835A484E268F65AB"
"r3-arm64-off","Microsoft.AspNetCore.Mvc.Formatters.Xml.dll","109568","20F0D03C183F520C6EC36ED8E91DB716F15925DD3B783C319808B4A603AC29EE"
"r3-arm64-off","Microsoft.AspNetCore.Mvc.Localization.dll","32256","4F17AF10A62A207F10DA4FC69A95EE8C6447263E6C17F079627B4FCA45F4AF3B"
"r3-arm64-off","Microsoft.AspNetCore.Mvc.Razor.dll","243712","B8F521A7C7ACCC0DD0ADAB827DBD893916C9DCCA81397CAA889DDAF041F87EDB"
"r3-arm64-off","Microsoft.AspNetCore.Mvc.RazorPages.dll","484352","FDD8DB627E6725D899A1951A87F5B4B772C8A61CD4DF5B31B60B618F4124D57E"
"r3-arm64-off","Microsoft.AspNetCore.Mvc.TagHelpers.dll","295936","3111FEB4EF6E99AEE6945A0422D37D25116A817F2050C4A9BE62232D28EE3994"
"r3-arm64-off","Microsoft.AspNetCore.Mvc.ViewFeatures.dll","809472","D1FC3479C3B5514B13A91DC619C82E25C7373FC5B85BB796CEDE7DEA40C34331"
"r3-arm64-off","Microsoft.AspNetCore.OutputCaching.dll","263680","0BC480D4FFF64751C59B47E6C525ABFA732FEF1D342BEB1564080F080F12A683"
"r3-arm64-off","Microsoft.AspNetCore.RateLimiting.dll","93184","AF59082AAB62D4C4F594CA3A23149763A70DC37EC0922D1FE97D323B008E6E7E"
"r3-arm64-off","Microsoft.AspNetCore.Razor.dll","53760","2AD5AC6D019A0D52C78950C2D62C0200276A7DD44DFAD4D739846FCAB09A7D19"
"r3-arm64-off","Microsoft.AspNetCore.Razor.Runtime.dll","57344","D5A23CB349B41CB9092D6532F2AE86BF9CC4FE0875BD81B9A077A2885E083966"
"r3-arm64-off","Microsoft.AspNetCore.RequestDecompression.dll","33280","409C29E1FB54DAD81F8CC75853791296D2BFAB9DA8A5DD527FD0373F6A2949EF"
"r3-arm64-off","Microsoft.AspNetCore.ResponseCaching.Abstractions.dll","6144","3846C5844FDDDC7898E0EE1200A5BA1F70506DB4313D1489485D0F2772ECF5F9"
"r3-arm64-off","Microsoft.AspNetCore.ResponseCaching.dll","139264","B17363EDF4DFB9877B1B7161C3CDDFF42A31A73F6F8D15D72B6B3231F22EC713"
"r3-arm64-off","Microsoft.AspNetCore.ResponseCompression.dll","66048","1EA2BF0E2A57F05363DAC77B5ED69C4DD78C57DF36E8B67AC5FC366E4E18D69D"
"r3-arm64-off","Microsoft.AspNetCore.Rewrite.dll","221696","81D9F9CC6C834809B514AC2434F2A0CAFAE026B0621A1B2F0FC74828CE74A865"
"r3-arm64-off","Microsoft.AspNetCore.Routing.Abstractions.dll","42496","7ECF67073B7BC25BB11F21975E75129A5FF2780BAC53A0A79E72BBF3C138FC5C"
"r3-arm64-off","Microsoft.AspNetCore.Routing.dll","953856","DDD2D29E09A6406BCEA955A41F4EC167AA3CB3FCA77C7A542DC66E762DD74E07"
"r3-arm64-off","Microsoft.AspNetCore.Server.HttpSys.dll","914944","E88118E03AEABEC0EBB85A525A09A949FA852FE007ACA35922244F698D432054"
"r3-arm64-off","Microsoft.AspNetCore.Server.IIS.dll","742400","4F9C8C1B00BD39503E17B591D69569320502AEA4E94F669924A5020E5CEC60C7"
"r3-arm64-off","Microsoft.AspNetCore.Server.IISIntegration.dll","34816","31224928D87583FBE1F4A1C54B3EC3BBA07AB91C058BA41B181D4539376F1549"
"r3-arm64-off","Microsoft.AspNetCore.Server.Kestrel.Core.dll","2614784","F2FFCC920B47C9F3C0215D1561A294C604FD1EA6CDC8116B6C75426274C78F47"
"r3-arm64-off","Microsoft.AspNetCore.Server.Kestrel.dll","15872","95F6E97FAC522014CF139FC6689F39D8E9494CC80185526FE12D9A7322EB9677"
"r3-arm64-off","Microsoft.AspNetCore.Server.Kestrel.Transport.NamedPipes.dll","150528","5457711BAA2C735D106043EC4F6A8CC70BBEED2D1B08B218FC67C9BF3949F547"
"r3-arm64-off","Microsoft.AspNetCore.Server.Kestrel.Transport.Quic.dll","248320","32FE0C5C2D6602B3B375C679CCAAD8DFC7B7D1887A1A831D6556477BBC7C7B11"
"r3-arm64-off","Microsoft.AspNetCore.Server.Kestrel.Transport.Sockets.dll","127488","FD7B6C2BFDE0245477E4DE97949E061B6E45EAFC454B6001FF80A3403817F735"
"r3-arm64-off","Microsoft.AspNetCore.Session.dll","74240","32AA69B3A15E3FD0844C320A2E9CD6CF5895CE16156A71FA635EC59053AF228F"
"r3-arm64-off","Microsoft.AspNetCore.SignalR.Common.dll","73728","AEF6495E4D442F67CBE2CB0E7788B5B6F3EE83ACF2DF2E84AC3AAB9DEE56B97F"
"r3-arm64-off","Microsoft.AspNetCore.SignalR.Core.dll","588288","666F64EA9DF08BCD9C2C17415C34B53DE5AC6E240C92D358D3DB9B03F820B8DE"
"r3-arm64-off","Microsoft.AspNetCore.SignalR.dll","17408","97EA8E61A777CEEA4C79E6521FF9B47358B0795B2C847C8744810FA615271F77"
"r3-arm64-off","Microsoft.AspNetCore.SignalR.Protocols.Json.dll","67072","C4536B8F0D6F920F3600274FBCAAD13D95FD2C5334B6514E301EFAA9E4288E33"
"r3-arm64-off","Microsoft.AspNetCore.StaticAssets.dll","201728","BEFC853BD4A962FF3D7812DAADEA4A5A4E50B909D27E7167B1D5D6A05689BEE4"
"r3-arm64-off","Microsoft.AspNetCore.StaticFiles.dll","154624","C9B8E093C185653764AA232BE3065404A19D71407721B159DD7978ABDC24430B"
"r3-arm64-off","Microsoft.AspNetCore.WebSockets.dll","60928","73F47D3F710DFD7B1689851775A9E791E88FE5774DD42E44446EFD4E07EF2EE2"
"r3-arm64-off","Microsoft.AspNetCore.WebUtilities.dll","262656","A6DC9BC57B8E93CC373DF790F4A567A19372D9573C06CFC8A2CFB19B0F2BBBA9"
"r3-arm64-off","Microsoft.CSharp.dll","301056","6197DD9AD2BEBF1FF185743E986F4FE448F32E406E3E013F9C5FFE8FF0FB0996"
"r3-arm64-off","Microsoft.CSharp.xml","18050","B712D12C5DE74926122A368DC92329AB3215555E44BCB46F2DAEF146EC0986AC"
"r3-arm64-off","Microsoft.Extensions.Caching.Abstractions.dll","33280","02025A7EDCA9A2CB64AA91230391D70E58391276C6C8EE4775BD8E16DE14F26D"
"r3-arm64-off","Microsoft.Extensions.Caching.Abstractions.xml","90809","20FE0F821F2DB08D353F669E172EBE4D3C7075422CC06D7C4C83C5592B35CE8A"
"r3-arm64-off","Microsoft.Extensions.Caching.Memory.dll","109056","E5B33DF8C030D8976E58711B2A3BBC988AB5A65F4D2DAE9B9768D6DF56D485E4"
"r3-arm64-off","Microsoft.Extensions.Configuration.Abstractions.dll","16896","DAD96A61D95F3A41BBA2CB3278057A778B0AEDF85F429E15138F0A3B1B1936DB"
"r3-arm64-off","Microsoft.Extensions.Configuration.Abstractions.xml","20253","9AD60D91D34A8E347306843DD1A4AB74CEAFF7682500DE1A9EF327F16A7B9930"
"r3-arm64-off","Microsoft.Extensions.Configuration.Binder.dll","73216","D6E2FC966C26F838BAC49D600285F7882F53DA1D6608AAD1AB75B59F059F177A"
"r3-arm64-off","Microsoft.Extensions.Configuration.CommandLine.dll","27136","B1C3332DD0AF0ED9071ACEEF12D2190FBB3FF5F2D56B789D944724DF6F00C37F"
"r3-arm64-off","Microsoft.Extensions.Configuration.dll","82432","2675D8AA170E61B33C9FF7400F345975493520830345DB95F25AF2558734C480"
"r3-arm64-off","Microsoft.Extensions.Configuration.EnvironmentVariables.dll","34304","F9C5811C64A4A9E5EF35C16B4AC537F60AF6B8EC39982FE170BE40FA3764EB4B"
"r3-arm64-off","Microsoft.Extensions.Configuration.FileExtensions.dll","37376","D4930B3C89C17D359BBBD90C46315864C344ECFEF27B618DB032FEAA64E2FFD3"
"r3-arm64-off","Microsoft.Extensions.Configuration.Ini.dll","27136","9F6A377F51002A6D96E20F91FE6C6AE104EEB160A95AF9BB7F68818B2780C784"
"r3-arm64-off","Microsoft.Extensions.Configuration.Json.dll","33792","4A38B8817AFA04789667061877D1123232F926A1ECAEA61DEE61D7E14528913B"
"r3-arm64-off","Microsoft.Extensions.Configuration.KeyPerFile.dll","20480","CBC859027F155256B5DB7BC03667FEED846E319126403AA883ED5506401AA2F0"
"r3-arm64-off","Microsoft.Extensions.Configuration.UserSecrets.dll","29184","56722DE1F64CB6B366A59DBB5012A1CD06E681ED52D787013814F436EE1C6C45"
"r3-arm64-off","Microsoft.Extensions.Configuration.Xml.dll","50688","D32E22270A59DDD3F56068E68F8D59B30C5FF9F5DFA89A65B5857A0653D83791"
"r3-arm64-off","Microsoft.Extensions.DependencyInjection.Abstractions.dll","57344","8FCFA4B11B35CB1820E743A671C6B010FF9DB3A3F81F93F40F49F47FDF14F397"
"r3-arm64-off","Microsoft.Extensions.DependencyInjection.Abstractions.xml","223851","1C1704E8DC6BB991C9E8E88C311FB680402CCEF3501D5BAC1A0478EC3FBDBA83"
"r3-arm64-off","Microsoft.Extensions.DependencyInjection.dll","234496","5E1996F8BA3FC62099B94FD7AF68F84E31328D4FF659FE263E9B30FECEE4B17A"
"r3-arm64-off","Microsoft.Extensions.Diagnostics.Abstractions.dll","17920","FCFEA596FE63ABAEF144F94C231489069C73E45E169BD2E5A0AD969DBD6F40E7"
"r3-arm64-off","Microsoft.Extensions.Diagnostics.Abstractions.xml","49415","CC0797F4B1F9873D0DD8956546827F6CABA263E32E8508730D9BA9CF86041286"
"r3-arm64-off","Microsoft.Extensions.Diagnostics.dll","76800","E425BC1CB365FC2D70A69C9001CD08F613313C1AB9B05CC193C27E3E31D05B71"
"r3-arm64-off","Microsoft.Extensions.Diagnostics.HealthChecks.Abstractions.dll","21504","4CA10A2A108CEF08A5BAB532C1C2D9537FE1A38EE5EE70CE9711C7582F263E21"
"r3-arm64-off","Microsoft.Extensions.Diagnostics.HealthChecks.dll","97792","AD9B8803F55C5ABAB04FAF95593D661983A9916F49D297FC46193524C4F2B383"
"r3-arm64-off","Microsoft.Extensions.Features.dll","26624","F2738E0231B1326629F66A2736B72D3BDF1D7EA7B25540C13A1E4676D65E5450"
"r3-arm64-off","Microsoft.Extensions.FileProviders.Abstractions.dll","11776","6C6A6974AFE4ED7717A79EA034C9435C2E37BFBA1CC6011B5D91F069A2C420C5"
"r3-arm64-off","Microsoft.Extensions.FileProviders.Abstractions.xml","11148","A020ECF6B78BEA9C527325E8076EC57F9774F629C147F75B2F710CF4C0B6998B"
"r3-arm64-off","Microsoft.Extensions.FileProviders.Composite.dll","14336","628393296633DD3657AB25BA9E2F9429A8776C0F7FBD403FFCCA7A7D3905446E"
"r3-arm64-off","Microsoft.Extensions.FileProviders.Embedded.dll","56832","A47DC5B5A2642C052BC3F7AD98AB77FB285F43D43D152DB2C87727C01996EC5A"
"r3-arm64-off","Microsoft.Extensions.FileProviders.Physical.dll","99840","F803E6A58339BA0DA96CC5221B20C232F4DE558A07F42D530D94D478723BD7C4"
"r3-arm64-off","Microsoft.Extensions.FileSystemGlobbing.dll","93184","1C7F055A78FA83FFCB69FB3CB694633B54A819F75AECA4324A7D2F790D3FF839"
"r3-arm64-off","Microsoft.Extensions.Hosting.Abstractions.dll","22016","32A485ADD57457A1F0C6EDD72A2BCD9A7E89B4DEAE0909038DB841E288CEBA64"
"r3-arm64-off","Microsoft.Extensions.Hosting.Abstractions.xml","46893","E6956E144370860D2384AB0F6DAECC2CB0FEC9B1EAE7C9EEACCC1E1D9EA71AB9"
"r3-arm64-off","Microsoft.Extensions.Hosting.dll","150528","3764F43ED53C4242949E5AA2FF59CEB92D3C6F51C56F592A4EA4C4722275A557"
"r3-arm64-off","Microsoft.Extensions.Http.dll","201728","DF75BD8422A15A467BC96062403E811D3502775A113E47F8ACCEFBE9B49277E1"
"r3-arm64-off","Microsoft.Extensions.Identity.Core.dll","576512","00DD756BDBD260DA118B82B794F375263E196F970975A279D739665D6B7E02FD"
"r3-arm64-off","Microsoft.Extensions.Identity.Stores.dll","77824","916FEF7E57D2D67A34C2B41271122901370F82091F9F1A133EF0F61EA7913666"
"r3-arm64-off","Microsoft.Extensions.Localization.Abstractions.dll","12288","FC27643B83321D3138F53774047780DAAD98351B32161B242E3483577C63B2A5"
"r3-arm64-off","Microsoft.Extensions.Localization.dll","41984","8C603B072C782CE6783B2F97606E4FCBF589CF858BD0F14AE327A5EC4622E8AE"
"r3-arm64-off","Microsoft.Extensions.Logging.Abstractions.dll","56832","15876E96D7A36BA0A4CBF029B443E69A7400520B47AB058B88D3C4C6155CD7F1"
"r3-arm64-off","Microsoft.Extensions.Logging.Abstractions.xml","91635","F46E30588566ACCD2C530D9B126A4A3D4D6E2021266E54B305F79586367E742C"
"r3-arm64-off","Microsoft.Extensions.Logging.Configuration.dll","30208","42EEBDE71F3248256762D15496E9840744E1D0FD5C0A014283284835A7481910"
"r3-arm64-off","Microsoft.Extensions.Logging.Console.dll","172544","676D6ABE3CF676E6A84F1B240F6AC481F0D762E70BEA4425786965FED5E0FDA4"
"r3-arm64-off","Microsoft.Extensions.Logging.Debug.dll","13312","0BA39525509C512EA94F15FDDFFC5CE5FD5C3D0E92E1F9C3A81F3C322DAC8C8B"
"r3-arm64-off","Microsoft.Extensions.Logging.dll","88576","BF5365670341DE20F18B886EBA6E33C4C2C93FF728B691B7AE9CEC8C2AD4D689"
"r3-arm64-off","Microsoft.Extensions.Logging.EventLog.dll","36352","29AA02834CE36163A3986822052C4EE501E7A3F253E9CC232A8BD611059F15F9"
"r3-arm64-off","Microsoft.Extensions.Logging.EventSource.dll","48128","BE96087E4113568BD78CAEC8B0521B4CA1FBBB1BB2D34F59CC5EC30E9DAFC2AF"
"r3-arm64-off","Microsoft.Extensions.Logging.TraceSource.dll","19968","D30CF3B418CCB9D96DC610F67B54D66D2EEF2451823962CD9810A33D01C8D75C"
"r3-arm64-off","Microsoft.Extensions.ObjectPool.dll","21504","84B05CB29B1C0973155E4D3828A47B403A8D0988D617879D2B8D62FDC2AFA05E"
"r3-arm64-off","Microsoft.Extensions.Options.ConfigurationExtensions.dll","20480","74689C3A629E300BA2605B50615C4557B7F5DF02CD364898DA1A728FC091214A"
"r3-arm64-off","Microsoft.Extensions.Options.DataAnnotations.dll","31232","D0876B274578BCFE84D6D627B1BF77463E45F28D88C84BED6FE671947B655FE3"
"r3-arm64-off","Microsoft.Extensions.Options.dll","71680","58F658395505E957EF15CACDCD4F40C5529E4A77CFB4E7A4E25AD0D3B3B20FF7"
"r3-arm64-off","Microsoft.Extensions.Options.xml","152783","3A6AC7F6B8FB2F5390E2E0389D634541F72523FE84E2385C08C8ADAC760D9803"
"r3-arm64-off","Microsoft.Extensions.Primitives.dll","35840","744F9E1EBCB20D724C5AE8D23661F712D7198761F8F1D6D852BFBEC6C0661EA6"
"r3-arm64-off","Microsoft.Extensions.Primitives.xml","86329","5FFD0C15EE1892CE003D64BE0EF4808D2824469C03D1B3465569275958AF83C7"
"r3-arm64-off","Microsoft.Extensions.Validation.dll","20992","3539C03C32509BB5F8A6DF8504D86721D386D1CE93DDD71099EC27E2696C40D6"
"r3-arm64-off","Microsoft.Extensions.WebEncoders.dll","19968","C3DDDCB84D5C03647E7F6B49760C65F72DC1BAEA346449F42B57022F11F052B1"
"r3-arm64-off","Microsoft.JSInterop.dll","162304","A218929B8444F313331BF84B2927F4FA58D13DE8FE2F5A1E2496FABCA41CFDA7"
"r3-arm64-off","Microsoft.Net.Http.Headers.dll","225280","8F49EFE636E633E5326542FAE403DCE9B05E17FEB5B978EE8B2AC3E8A33072C2"
"r3-arm64-off","Microsoft.VisualBasic.Core.dll","418816","82CB5167820C09B44A79C1EFBB6BB89AB4976AEBCA319232721DEADD75B26A97"
"r3-arm64-off","Microsoft.VisualBasic.dll","7168","24BB4AF277505EE625B5BC05219FEAF386A06E4D832B0576C8C61E5A265915B3"
"r3-arm64-off","Microsoft.Win32.Primitives.dll","5120","E97CD85727C4CE74A569EE9B38582A89DD07D4A3E745DCB63B52A3BD40D76CB3"
"r3-arm64-off","Microsoft.Win32.Primitives.xml","4229","1FA658FA646F6CB221F0839B84386B569B68C920756C266357C427E024B0C735"
"r3-arm64-off","Microsoft.Win32.Registry.dll","23040","6A4319770F9CF421EE799611A2F1EB83E186214049329D0C3D51DCB23EBBE740"
"r3-arm64-off","Microsoft.Win32.Registry.xml","94259","B4992C339974E430417C5464764547506D4AEEC15B02122E9333A0742B0EBACE"
"r3-arm64-off","mscorlib.dll","49152","7EAA0238E71BE5077BE92DCE1A59FB162C5F83774A9A9BF61236013044792F4D"
"r3-arm64-off","netstandard.dll","90624","14FA46D230F4619C5EC810B109AC710DF85B0542ED345F9B80E3B38F649BB143"
"r3-arm64-off","System.AppContext.dll","5120","182B8F3AA67BB442C6C6C43E49C19214B7295B3D89F4728E96F4C1F717B65B19"
"r3-arm64-off","System.Buffers.dll","5120","93CA1BDC853289E5E4B35C2C58C48DBEE7AE89B8CE2DDCB086BD505343608B61"
"r3-arm64-off","System.Collections.Concurrent.dll","53760","705156B4D6CEC94919571DDFCC8292393A79C0811E81CBA9B701E6D2ADCCB4B1"
"r3-arm64-off","System.Collections.Concurrent.xml","147974","5BEB3BD3B4C9C50BB059FCD2CF6160C04FD31B549306E4AF42B11E6BEC01D0F6"
"r3-arm64-off","System.Collections.dll","102912","F7AE8D977F68789CE1699417B77884AA127484F5FE77F5E3D7C0B136CF7542A2"
"r3-arm64-off","System.Collections.Immutable.dll","242688","BEABB1E613324952F32CFBFEF31F1658BE6DF56491C1EE9C23C517F2CBB362FF"
"r3-arm64-off","System.Collections.Immutable.xml","541757","1F1D2FCC16F3531BE0A86031E5FBC8935A5413813EA20A854CDBB6D1AC2CAEE9"
"r3-arm64-off","System.Collections.NonGeneric.dll","37888","74E8D400B32E2C86BF63BC3D39B6F2668BC68020D965B8B76091A0E9A6A93F69"
"r3-arm64-off","System.Collections.NonGeneric.xml","82749","81438BD06CB245D45B715FDADDE5C2D58D997908DDEB1727B316DB2F792B7D77"
"r3-arm64-off","System.Collections.Specialized.dll","37888","75FD5BEFC8E54EA7BA6638845EE7E11A556DCCD361AB9857E1026D939BD5F945"
"r3-arm64-off","System.Collections.Specialized.xml","121871","F11E2713EFEB9E22C6A7FF4B4288D123FD4E6F7C9237731FAB28D9102A8DED52"
"r3-arm64-off","System.Collections.xml","458955","BFCB5E403B2DF5F09F419CBA46DEF611E22DF17C085CAB9D1B9FB2D7D7CD172E"
"r3-arm64-off","System.ComponentModel.Annotations.dll","109056","BB1844BD3BD831D0AD0088F1544D6E5788FD9660AC193901FABEEE74C9799CC5"
"r3-arm64-off","System.ComponentModel.Annotations.xml","113650","B6487F33963B70E0EB68D7CF1EB51AC71F3E562EF3638BAAFF8FA7C16DA387A2"
"r3-arm64-off","System.ComponentModel.DataAnnotations.dll","6656","6D113E23CD73184B73B83EEEA001820D6AD76A854A7B0FC3FC923522D556A02B"
"r3-arm64-off","System.ComponentModel.dll","6144","7F6F278902E1C029F538236D9B33F7FB4B404F154A383A722B52372D315B8589"
"r3-arm64-off","System.ComponentModel.EventBasedAsync.dll","16384","44F5404574E15013FD2C18910EA8E6AB380ED9C9C151901DB40D30C41FB232FA"
"r3-arm64-off","System.ComponentModel.EventBasedAsync.xml","19646","02ADFA65AB856BA7A575868B8DE72BFA33FB6357E1D830F9868D824989CC7623"
"r3-arm64-off","System.ComponentModel.Primitives.dll","32256","6DFA0C2BD02527346DA9F5EA01F38B83C5EBD14CDF795CA1D751B69A4E933377"
"r3-arm64-off","System.ComponentModel.Primitives.xml","79999","06CBEA0F6057CC866390D16AFF6C9CB5321833E782B569EE9B350FFE30E25925"
"r3-arm64-off","System.ComponentModel.TypeConverter.dll","307712","F5CFFF5064B8943237EAD81A0979F3FBA419340358525CBD564BBD3D23515BF3"
"r3-arm64-off","System.ComponentModel.TypeConverter.xml","790869","CCDD0ABAAFC7E3518DD2CF5B915D66E3039C6C3465B55CF1A49A4130B1009502"
"r3-arm64-off","System.ComponentModel.xml","4003","05914C2A98265E0191D160F7EF57511203AADA87A7DA9BEE91DE8503900F9BA4"
"r3-arm64-off","System.Configuration.dll","9216","94F2588540D4D3F5A2DF880C3975456F933B807D5BB48E2392006B38CBE44519"
"r3-arm64-off","System.Console.dll","87552","CADC10F27302BC8C6CADEE9CDAD12C7F1ED5A2C80A960E5691031D551665F822"
"r3-arm64-off","System.Console.xml","80114","7EFD6A78D233FFD7EE29BD52C3E8807130A980A6BE83AC8CE346A48AC228E0C5"
"r3-arm64-off","System.Core.dll","12800","E571D7ECA6F682F1D7459361FA664D61E4D3FFC7F56B177716FA69143ED7413E"
"r3-arm64-off","System.Data.Common.dll","1007616","34174098FADD2916158C8EDDCC83D7E6726EAD8CFD73F2699B7D86697D9575AD"
"r3-arm64-off","System.Data.Common.xml","1440763","13E07E558F15386211E58EB577AB93EDD2DF4F5F497030FA8EFE8E17EEE7CB0C"
"r3-arm64-off","System.Data.DataSetExtensions.dll","5632","62C97914D49EB717208D5818C1B84A3AED8F497A07059B25E752A21CE877FDF1"
"r3-arm64-off","System.Data.dll","14848","E4BEFC7D9B033D9B693A79ABEA204539B79CF929E77C44876C789A63A768F2FF"
"r3-arm64-off","System.Diagnostics.Contracts.dll","6144","7FCE4B0947B4EEA55AB8AA48CEE3A255281D8FE373AB55C3F44C2B2AD2FFAE36"
"r3-arm64-off","System.Diagnostics.Contracts.xml","27963","61F547D73B704523A08BBAB7438DB9599C038E9274BEB88CE7ED83CB5A920949"
"r3-arm64-off","System.Diagnostics.Debug.dll","5632","7538F5E68DADEFC171F9F9FE54AAAFD90451878486727222289D810A03429D39"
"r3-arm64-off","System.Diagnostics.DiagnosticSource.dll","198656","23C038D5F9A2C061A0C12F62942A84B37FCCF681DF7D31F08E3A53BD0EDBE7AB"
"r3-arm64-off","System.Diagnostics.DiagnosticSource.xml","181376","4938299E197222ED21BBE7FB548ECC27123B651C3E3BAB633AB71793E34A7D0C"
"r3-arm64-off","System.Diagnostics.EventLog.dll","42496","439DA3649683CD1CA7B07BF99DFC21A5ACFF91CFDC0E4C6D06696EC7F6E5D27A"
"r3-arm64-off","System.Diagnostics.FileVersionInfo.dll","18944","A772D91840C515F58755FF16704586E85C5D509562EA81525D23FAEDD45A9307"
"r3-arm64-off","System.Diagnostics.FileVersionInfo.xml","16024","5A39893C42DF2ED08ED4736D6F419A70775148F9B31EFA7E26F1C51BC172F012"
"r3-arm64-off","System.Diagnostics.Process.dll","167424","BFDD14B329852BE88995EEC25EF322BA2765FA984A35BD05419AA27345208A25"
"r3-arm64-off","System.Diagnostics.Process.xml","109696","425D5AE9719ED3C87745DF50AD5AF5D7CE9AEBCF453CB72D284DC5FFEA311338"
"r3-arm64-off","System.Diagnostics.StackTrace.dll","15872","A2E6A74A7663DE5B0AC74E12079CA14893C8471055BC57E088C1C6268A483202"
"r3-arm64-off","System.Diagnostics.StackTrace.xml","61179","719F24ADCB4BFDE10267C4E1C35B5B6B9A307502CDE7FACF5F732B2AAA541708"
"r3-arm64-off","System.Diagnostics.TextWriterTraceListener.dll","21504","1C7CEA40F06BE750DEB7775659BBBB4BBB25C64F49B10DD7C7A51C21C22559B4"
"r3-arm64-off","System.Diagnostics.TextWriterTraceListener.xml","25408","DCB73301E0D2A9B1831847D09CFF1CA39B038035495693A63E2140AD22425E81"
"r3-arm64-off","System.Diagnostics.Tools.dll","5120","F718CC3245A1F221987E14046E0BF872DC1FA6ED76F52F5DD7455BF795944102"
"r3-arm64-off","System.Diagnostics.TraceSource.dll","48640","B93A6D1AF7B5BA1A21AD9975BB9B9E01AF3DEBCE464F1412E4418ED6F08E42DA"
"r3-arm64-off","System.Diagnostics.TraceSource.xml","90333","E74001900F1DBBDC381EE2AA1515C7BB9F772741BCDC2A30F49162B121D27793"
"r3-arm64-off","System.Diagnostics.Tracing.dll","6144","6E696D8306E829696E7F81C4DCB42143FEE380FE885D5E12474CC01877B2CB13"
"r3-arm64-off","System.Diagnostics.Tracing.xml","78743","B4249522DE5A335B48CD23EE47F4521FA258F1983324BFC905211BE18454A679"
"r3-arm64-off","System.dll","39936","4C932A9353EC4F68EE31DF974E4F2AA9F8FD7B1678E79DF599676A080D5385F9"
"r3-arm64-off","System.Drawing.dll","10240","9BA9D73689BE6651E9E74869C97EC704F37BEC2F79B5641DEEAE4AE009248CA1"
"r3-arm64-off","System.Drawing.Primitives.dll","54784","84B9DF8FFEEAD8B9AC3D731CA64A38B7572AB53F8B69C2D63E821A74232E7AA6"
"r3-arm64-off","System.Drawing.Primitives.xml","174882","C82B05FBCBB984340ECEF1DDB5D303F4A97D3C8E6042AA7EDF56FD68A6AD35FF"
"r3-arm64-off","System.Dynamic.Runtime.dll","6144","C0BF04A8D6ADDEA875E68C38B0AF8072E80AFEBC44622D67C66FB2441B92EB5F"
"r3-arm64-off","System.Formats.Asn1.dll","97280","8F4DB63A4AA1BE6E9F26907BD055587E63EC5D359A508ABD4260BF5BDA95A0CC"
"r3-arm64-off","System.Formats.Asn1.xml","310733","500C7ABD4115A58EB12423B1196E468E1EA0FE1A634FB6AB93087A0C3BCB0048"
"r3-arm64-off","System.Formats.Cbor.dll","175104","B0F18482FA22BD1B3AF8C24FB908A43D1B5D4648C740FDDFDB713428D10D213D"
"r3-arm64-off","System.Formats.Tar.dll","133120","DD84CC5A4DDE0D69C811745F255B26D7C3B896D423D5E10CBDDD5EA62C959511"
"r3-arm64-off","System.Formats.Tar.xml","53231","E9E8C8FF29BACAC05349B45381C30A6582A75328A244738839E138DDCA25EB4A"
"r3-arm64-off","System.Globalization.Calendars.dll","5632","D96175C8210396ED7B779A7AC4C624ACBF50F75620DB6040A6E8235C7475AFA1"
"r3-arm64-off","System.Globalization.dll","5632","C3EB8E2107EFEAC2AEB38DACE8CD59AEE79F24CBBFF99086078756830AEEC60A"
"r3-arm64-off","System.Globalization.Extensions.dll","5120","96CEA59F32F4444371E990973BB4D66F9E391D5150EDA87F8DA42A2606D5E9CD"
"r3-arm64-off","System.IO.Compression.Brotli.dll","31232","09DBFE5A7BBD949CE87332CB5988470861BDEB94179AB32704156868D8958B2C"
"r3-arm64-off","System.IO.Compression.Brotli.xml","32597","7B255844182838074F6EFC833B2EBDDE80C547EF9D0AB4C8D739EE3619C9FBAE"
"r3-arm64-off","System.IO.Compression.dll","253440","0E4DDD4BC1508201C74E2D7720E4711C1E67D4D6A1C7CEDCE58277C86C4A8428"
"r3-arm64-off","System.IO.Compression.FileSystem.dll","5120","42725F7C51485CC069133186E9B9DC119E00F4B986F42DD260BB04A1E7C8BD89"
"r3-arm64-off","System.IO.Compression.xml","96204","FEE9234763C6607B53496F73165FC1555BED03AD6C85BFE6F43CB351829986EF"
"r3-arm64-off","System.IO.Compression.ZipFile.dll","56832","D1C8B049B210EDF78A5B680EF7C1FEB3AEF59C23DC0949560D91C38729AAB9A6"
"r3-arm64-off","System.IO.Compression.ZipFile.xml","142048","83D688A2123E050FF91BA9C7D018773B9E5BF7D4595DF3B3F0419D5CD633D272"
"r3-arm64-off","System.IO.dll","5120","D9F19C63D0564FF693355EF36586B299DACC873FF502C0C67412C840F60FBC4C"
"r3-arm64-off","System.IO.FileSystem.AccessControl.dll","22016","D1CC1EB6FC61D14A804D59E41FE410D4F2BA914FA20F6C5B80DE0C60A73F1A50"
"r3-arm64-off","System.IO.FileSystem.AccessControl.xml","65019","F06ED2388699ACC2FDBCAEA198B373BC5043702BC1A788E155D1757D48B33BBC"
"r3-arm64-off","System.IO.FileSystem.dll","5632","73345C9F6E137BA6F083B077DBA36717C2FFB38437D62C025D1B2D13381DB543"
"r3-arm64-off","System.IO.FileSystem.DriveInfo.dll","38912","B862934A6909F9EE6DEFBCCB9A82674357AE927F20BA5605C2276AA081B29C80"
"r3-arm64-off","System.IO.FileSystem.DriveInfo.xml","9690","D9AA6CEEB09AA5A6A8B859A67B9A713626002DB856EB9CD43C13E64B325D7272"
"r3-arm64-off","System.IO.FileSystem.Primitives.dll","5120","532E050FFBBDC06914989C2301B1F8977E635BB51D8AE791F638A6DE8AAD342F"
"r3-arm64-off","System.IO.FileSystem.Watcher.dll","54784","D3BD77048470B2EDC9B4B7495136E19D062AB301523D52D0ECA5B526A20763D8"
"r3-arm64-off","System.IO.FileSystem.Watcher.xml","22664","B5011A042D75579F658BB77EA887CF1092320C0443B2C749FE9D03740FD4C3B4"
"r3-arm64-off","System.IO.IsolatedStorage.dll","33792","47DFF4D37572AE5AAEFD2BB62C2A3F5BB948F4F7A6C7DFBD4FC1BF9D93D2B44C"
"r3-arm64-off","System.IO.IsolatedStorage.xml","91932","E2054E13A23EC290F1716B6F521480406C40926E5E6AE605FA2905FB0223B734"
"r3-arm64-off","System.IO.MemoryMappedFiles.dll","38912","D4C5687B22B97DF16CAD44A6978F57A39723D598D2AA92DED900B0426BBD5080"
"r3-arm64-off","System.IO.MemoryMappedFiles.xml","48005","117C9472EB9CC3D737B49C0CFC3B63F967DB43FCADD03F957145B1B3429F98BB"
"r3-arm64-off","System.IO.Pipelines.dll","73728","CF7B39538D10C1C0A6E81F1AD80C97E992CD1196E39BFDE160DA54033674F5FD"
"r3-arm64-off","System.IO.Pipelines.xml","41108","286D0C502D68A000453F6BE39347AE6C4CC63F7A2C73B1B941C2E25BE365E9AB"
"r3-arm64-off","System.IO.Pipes.AccessControl.dll","13312","AC5D377E8780C7BD5BC99F5DACDCA7243877813574D220F3F2D28947A9681C68"
"r3-arm64-off","System.IO.Pipes.AccessControl.xml","23844","10D54A171C29838C613C7C33B76DB9CFF539114FE919F9712FE1954B22629913"
"r3-arm64-off","System.IO.Pipes.dll","58368","C839EB3511BF06F8C582383ABB7B11BD6232D04B7CE5CE0C61A2793D19D715C0"
"r3-arm64-off","System.IO.Pipes.xml","92651","758A3F29D0199E0F02361ACB33B37C149378E8989F57067B7A9714FA5A119985"
"r3-arm64-off","System.IO.UnmanagedMemoryStream.dll","5120","E1E1F7AB476B7E119575ED1A19A2CF74C1557A0820A281E29BC3FC621EA0B137"
"r3-arm64-off","System.Linq.AsyncEnumerable.dll","504320","1CAF6141C9186B08C2CE348B6A3F48BF3109AE6A6FF2AD002AA45D2ECF57DA61"
"r3-arm64-off","System.Linq.AsyncEnumerable.xml","319347","CC58175820D25C200D4EA0C321093A9F1BFB44D4BAA532374450CF28E6DAA621"
"r3-arm64-off","System.Linq.dll","202752","B1869B8E6DA4E6319A1A883790CE041A132E415325FC40936DA9209D0B2B6975"
"r3-arm64-off","System.Linq.Expressions.dll","565760","92D8197EBFF0A42F19AF0DDEE6622EB6641160148940FF20CC41E447B6BDE40E"
"r3-arm64-off","System.Linq.Expressions.xml","684199","1DE17B9BE915FDED08AFCB580047C0C824E0570D9967BB9C328B14370B7561B4"
"r3-arm64-off","System.Linq.Parallel.dll","215040","7CF9E1C23D764A26539F9547B8B4044BEF73C507DC8022623AFEE76B953C852E"
"r3-arm64-off","System.Linq.Parallel.xml","270782","749602953CAB79AC24ED01D5429933BD3F649DB782B558FE588C7532463D62CD"
"r3-arm64-off","System.Linq.Queryable.dll","71680","D927A9688CEB639B34FED03B43A2D6376D74C6418211A4AAB951B00E4F95DB3D"
"r3-arm64-off","System.Linq.Queryable.xml","180185","DC3BFEE67442FBA05E99A314C9A8B7E44F6EF3CE46C9761495849034F50DF899"
"r3-arm64-off","System.Linq.xml","233275","22509117A4330EBED493689111EC4276AEB1E8C25303ACF6A377646975015C28"
"r3-arm64-off","System.Memory.dll","50688","B7CEDE61F0C168FC4205069006CD882C040B1441D3742F53A68E99120C927418"
"r3-arm64-off","System.Memory.xml","381205","2B641B64EB0DCD9AF499FE302EEC00BE26D103FEE66B821620428827FF16FE72"
"r3-arm64-off","System.Net.dll","6656","BA44313506B657667E8DF9F0A2408CFFDBD6AEF4654BE29D1E17894E80774302"
"r3-arm64-off","System.Net.Http.dll","679936","99228836E97700398A4223C32681424F0B9266685087BC1B5B83C3D53DB3677F"
"r3-arm64-off","System.Net.Http.Json.dll","46080","7D33065D0EE421EDBA005D29E37F317B0DFFFF86764A6B0D0C1B2F4377BF2D41"
"r3-arm64-off","System.Net.Http.Json.xml","71073","070988161138D7A186D086D3E660BAB24CC231F5F3E96B7A309C2A791D32680A"
"r3-arm64-off","System.Net.Http.xml","346625","9223B9DC2BF47D1DCBACDE42B355F075B2E3F5FEF8E927EC0789FD3238355799"
"r3-arm64-off","System.Net.HttpListener.dll","121856","CE78D50298BE4EDEFDE3093E873D7AE69A4982D5A9F06EA02C8025CCF32374C0"
"r3-arm64-off","System.Net.HttpListener.xml","64620","BB4C642CF06210AB81BECF867B537CE4E496FFED778ED57D1FF8DB01F1CB89E8"
"r3-arm64-off","System.Net.Mail.dll","197120","7BF0A3F3EC335CA5E4841581A1B8D488168BDB14E8F8A984101A7F585AFEC4FA"
"r3-arm64-off","System.Net.Mail.xml","135871","CEB8EF1EB073DFE7946D4DCA52F14723073830FBB96E8561AABEB3DB5E66D3AA"
"r3-arm64-off","System.Net.NameResolution.dll","64000","AC9799E7A5004DA70DC62BAA75B294D01E2988A5E38E5A90C6A4936734A07644"
"r3-arm64-off","System.Net.NameResolution.xml","26150","903462EFF8EAFCB2470E983870AE874691B031DC2DA0E95696BCD89C92F296AF"
"r3-arm64-off","System.Net.NetworkInformation.dll","81920","883FE799CD3FD18815D531B2FE6DFAA885964117A634ABC138CB8953417B03A0"
"r3-arm64-off","System.Net.NetworkInformation.xml","142724","8F1FBA3A0FF2C564B1C856F51392EBA46E9D5D7CF87C5FC44C05E177959625E3"
"r3-arm64-off","System.Net.Ping.dll","46080","ABA72C6B9F0779BB079A4F189CD68496C93DB7E4353AA7CCF2D0FC0229AB3BE7"
"r3-arm64-off","System.Net.Ping.xml","76887","1002A3EC0D5FE8EEBCC1C6ECE0D4CF33D4DFB744F1EDD99A26A94BD5C92A016A"
"r3-arm64-off","System.Net.Primitives.dll","101376","91EB198B8CE051CAABBBA8B2FEDA8BB74ED407F2E01FA668FD786B97D80F1611"
"r3-arm64-off","System.Net.Primitives.xml","177211","02C0D5754D205C6E4847E9BFEF18019A164ABF95FF64E5998FFCD0E6945CF18D"
"r3-arm64-off","System.Net.Quic.dll","162304","31BD0FB23CB023F8CFCF5817DD8A37B2D2F60B3DE9EEA2CE9C888E230C10A594"
"r3-arm64-off","System.Net.Quic.xml","41079","9CF311E280E74FBCE4DF026BC82EC932A8D6F5BA3E0ACC5E39CEC5B0133FA82B"
"r3-arm64-off","System.Net.Requests.dll","151040","B50CB51542846A1B4046F233C7B35D2616676B2DC875B827A8EBA84A5E4C4421"
"r3-arm64-off","System.Net.Requests.xml","198738","8F5E670561DD3D8EA659A2359B3B59BE0833799D904DF6C55C5AE699F33D98FB"
"r3-arm64-off","System.Net.Security.dll","377856","EEE4CF87AE720E7807F2CB293A8C166FF6418358ECD7A94C4470278B90CBD6FD"
"r3-arm64-off","System.Net.Security.xml","306155","760F0BBCF3EFCD3B337011BDC6F8953B5745CA4D300B873FB2F88C619B70EB44"
"r3-arm64-off","System.Net.ServerSentEvents.dll","31744","A56EFBC7BA270B036E7A8184D4D7BB2D19F8E85FB61C94E9A1E04885074FB149"
"r3-arm64-off","System.Net.ServerSentEvents.xml","17759","ADB739A2B47D5595AC971B00EC5802D17BEB80DD28816605DA61133D1BF625FF"
"r3-arm64-off","System.Net.ServicePoint.dll","5120","F40865C4D42BC6AD416B5658CC8D41168EB80A59CBC7A167171CFFA3584427A2"
"r3-arm64-off","System.Net.Sockets.dll","229888","59F126C3D2D96505EEFB3AF54DB562CB4BA39AE17DB0152177F6B1FBB0D778D5"
"r3-arm64-off","System.Net.Sockets.xml","496478","46C56CD22FA6DAB3B455EDB3F183C869910F66087405EF8C42BFD4D636F47174"
"r3-arm64-off","System.Net.WebClient.dll","60416","98BA4740ACC5D595E202C1E0CF603CE7FABCD2316228BCE64E91300FF3D1C7F2"
"r3-arm64-off","System.Net.WebClient.xml","116592","BAA84F5ECE0FDB0182F4BFE73469A30F4A895209895DE327D1C7C6617AC335BE"
"r3-arm64-off","System.Net.WebHeaderCollection.dll","23040","965BE3CF5B95B44543FDB76022C58C5CA0C7B27342341BD6E16892065DDA3FE0"
"r3-arm64-off","System.Net.WebHeaderCollection.xml","34669","3821F853FBEFC5D8343E25B6D757C21B68C59D319F4B51929BB0F3C344736D64"
"r3-arm64-off","System.Net.WebProxy.dll","13824","618EE761B58B2922DFC92C755D98270791C1008F82C6F9125E90355D0BB19D7A"
"r3-arm64-off","System.Net.WebProxy.xml","18329","ACE6C272FC590F5A155F6FCD6821B835B2ECDF90D49FF588528BEFF1B2652A28"
"r3-arm64-off","System.Net.WebSockets.Client.dll","41472","9CF8721D4DD6D295184B35C040AAE6380BDEF5ED34DABF2B443CD123E0EFFE1A"
"r3-arm64-off","System.Net.WebSockets.Client.xml","18390","871746486454DAF125812F038071A9B78024E4855105C07028EC26708F4DEE52"
"r3-arm64-off","System.Net.WebSockets.dll","100352","5F23D4334FF000CD6FA9C45E82BA92BB3B0CE9E68AE4913161976FFBC70B13E3"
"r3-arm64-off","System.Net.WebSockets.xml","59977","3467926895C207DBFC9B7947527AB113CA6C13802DB61ADC8BD73019FB7A5E35"
"r3-arm64-off","System.Numerics.dll","5120","5630BF60674D1C3608E1938D65F832C997700CAEDA4CC6674E91CFA177C630C8"
"r3-arm64-off","System.Numerics.Vectors.dll","6144","F77416C8D3B3800ACB1E6AA0A39A34518EFCFE6B55201FFB835D0C53C472E426"
"r3-arm64-off","System.Numerics.Vectors.xml","425515","15C97ACBB2DF26037AC4BCDD80FD05F3B5BCE6F46FDC95EFDF5E8FBE6535E874"
"r3-arm64-off","System.ObjectModel.dll","31232","3917DBD0E52BA0EDFD54DEE838F61131B5BFD04731BD3E0499A375F736301FF7"
"r3-arm64-off","System.ObjectModel.xml","46918","99E5DCD740CF87AC3E40BEE23CB03CB644506D7A203C1E46228695EFB3758B8D"
"r3-arm64-off","System.Private.CoreLib.dll","19563008","34BA224DD2A4187F56C4E62FB08605AAFA98B5E3E474688D3510E860E5D8CFC5"
"r3-arm64-off","System.Private.DataContractSerialization.dll","849408","483CDD57002A274348C5D32DE430205AF51D5F67BC66DD53ADC9AE5AA81021D6"
"r3-arm64-off","System.Private.DataContractSerialization.xml","133873","ABF9A9862335F39CAD71BA94DD310EE0AB808D6068560739D02E3ED96025F364"
"r3-arm64-off","System.Private.Uri.dll","93184","C97D919AE199F2AC3B0A0F3B330685CEF7401B98CA7AB73EDFD9156D00150773"
"r3-arm64-off","System.Private.Uri.xml","21110","4B3FF3010755337B82B544A45EC0511C1721F6B9F9F8198E09DAE1F30835B602"
"r3-arm64-off","System.Private.Xml.dll","3104256","923F2B6CBA4D0AC021A45D59334063168E2BA581A02438FC338272657A8BECF7"
"r3-arm64-off","System.Private.Xml.Linq.dll","144896","98426273AF9D14EDE33898568EC7EDAE98D66E9DBA5453FC2715D3276EF9B648"
"r3-arm64-off","System.Private.Xml.Linq.xml","249795","6867A8B63F473D459F5B7F709B08490BB8A2A157EB7B753241C9A67624692353"
"r3-arm64-off","System.Private.Xml.xml","838446","712FCB2010599107C1A2A8A22997A3E913A8DAB5A7D06EC732C84413D4754E8F"
"r3-arm64-off","System.Reflection.DispatchProxy.dll","28160","6B490F3FD5C5B3E095FC35083F82A1B68B237464F2D2077CCB7C1ED17A06692E"
"r3-arm64-off","System.Reflection.DispatchProxy.xml","5119","0AA9646013D859BCF7215CCA7B95575E2B7CA339424CE3BEFAB39BF1732E68EC"
"r3-arm64-off","System.Reflection.dll","6144","13AF644C04E524081798591DD773218EEA50FE14ED133C0526B12B195BF30A9C"
"r3-arm64-off","System.Reflection.Emit.dll","124416","2D028CB05D49EF61858DDB952769C74AB20F96CABF87F6C0E7DCFE1BFA51D26F"
"r3-arm64-off","System.Reflection.Emit.ILGeneration.dll","5632","904858E380B802CF88E8C0382D9855A562A0440F029944848B998EDEA4AA19DD"
"r3-arm64-off","System.Reflection.Emit.ILGeneration.xml","62681","93DEA1853E3CDCA95DDB06E391914E8C98C6262EB8FAE036FCBE21997FF11578"
"r3-arm64-off","System.Reflection.Emit.Lightweight.dll","5632","9749C9F14A934004A18226CEB2A8F942A504C0989A6568CF6899FB752DE8440B"
"r3-arm64-off","System.Reflection.Emit.Lightweight.xml","42507","9E5BFA12B4AADB8693DB8CFBF4EA24C2996AD25878929C124B2DAB0CCB4031F8"
"r3-arm64-off","System.Reflection.Emit.xml","367224","4DD82B9F80A689991B99390F8E19D4B3623FBA473141D64F41F0A43B3627CB61"
"r3-arm64-off","System.Reflection.Extensions.dll","5120","CD386803533FC39DFC0B72D66D8FDD4DA01AD2F09B5B44A675670258731F0FDD"
"r3-arm64-off","System.Reflection.Metadata.dll","494080","E706AADBFB6E2779A3DD0C7C4384410126176E828E05BE3BB44FEF91C8BBE49A"
"r3-arm64-off","System.Reflection.Metadata.xml","674415","70A05B8BD993FC92CC6C0EC9DB623BCD82009806773C559EC5506CB3CFDFCFA8"
"r3-arm64-off","System.Reflection.Primitives.dll","5632","D26A71D35118AF79D338AD3F94B54A07F010953435F48CF339CEF7B0F27111D3"
"r3-arm64-off","System.Reflection.Primitives.xml","69057","DE04BE9D60B83D1F8A863972A9A93ED1BC7EB70CAE902122FADA223EED159B12"
"r3-arm64-off","System.Reflection.TypeExtensions.dll","14336","63B2D278BEA8F67412BFA19E39FEF3C110BD08FD20E48C0342B235F01F5E4D9F"
"r3-arm64-off","System.Reflection.TypeExtensions.xml","10599","F478ECFBC025108225AA90703A0CE9D34AAFB992CB1A384FC1667F1263A3BA53"
"r3-arm64-off","System.Resources.Reader.dll","5120","48EBDFCC0671A38B0BFB6BB2575D5B40448E7A9F36A45070E9E67A3AF219B5D9"
"r3-arm64-off","System.Resources.ResourceManager.dll","5632","BFBB88AEF4859E05AD4BAB28977C3A69535CF46A74B16D6FFD9F5EADF00A952A"
"r3-arm64-off","System.Resources.Writer.dll","16384","18443BA8F4CA0D0B9B0E9B39D396C0BE0D90DC3C45DF847F7B80DB38CD76F386"
"r3-arm64-off","System.Resources.Writer.xml","11657","48EBB24760B6F97446CE634F065E0B715638E71D6AEDEDB4450BEEE5D0E394A8"
"r3-arm64-off","System.Runtime.CompilerServices.Unsafe.dll","5120","1E95C0AB29B6BDCD4B441F21CA14789CB6825A47E5231C01AA8C619560ABDC95"
"r3-arm64-off","System.Runtime.CompilerServices.VisualC.dll","7168","52ACA3AF12D4759EDB45B9E472993CF27A788E6E94A890B870472BDF4DB0EB8C"
"r3-arm64-off","System.Runtime.CompilerServices.VisualC.xml","5680","151608EE0478149CEAB63A53FCF97FC2A43EB54764E47AA2274E7820260E555D"
"r3-arm64-off","System.Runtime.dll","35840","00A3775A72D31D613739BC91FA72424F5B1A837BED3D8F8FF9F95A9037876198"
"r3-arm64-off","System.Runtime.Extensions.dll","7680","5B5BF1A9B1AAFBC3B20648CCCA9B2FDF100A5330B72CBB86125D4EDD9556E5D3"
"r3-arm64-off","System.Runtime.Handles.dll","5120","D50C722BFEB28A4B27A067C021DC478431D62839466B31637EA1A57470BA8322"
"r3-arm64-off","System.Runtime.InteropServices.dll","54272","DA1F46E12CFD9D570AE5824249F863A2DAA12BC9DF2BF6B511E525E920E1A299"
"r3-arm64-off","System.Runtime.InteropServices.JavaScript.dll","28160","028745B6AE708BF55AFB1C19AFD840B29CCD53E0D9FCAA96AEA191DDDAE9B903"
"r3-arm64-off","System.Runtime.InteropServices.JavaScript.xml","17849","B770AD96806E0D27979E0AB1D536246BD46D0AA896524EA83E557C6C72B7CF05"
"r3-arm64-off","System.Runtime.InteropServices.RuntimeInformation.dll","5120","C4A9F36FF4529D9977F1D32B1692A935744428266DD556B4FF95FC5F78E432AD"
"r3-arm64-off","System.Runtime.InteropServices.xml","717459","F790C90EC98DC12421B2F3B5419F26A0DCAD50C145D066F5B7DBD8F76D9F3DA2"
"r3-arm64-off","System.Runtime.Intrinsics.dll","8704","43C6EA5B7A5D3D26A42737A7CDC7CF7A0E142D59D11DA78D220D0E318E20AB66"
"r3-arm64-off","System.Runtime.Intrinsics.xml","4719531","98A4EF05430C2A18BB2DA316D081D98BED0B63E8646024B2F3FC074EC803F538"
"r3-arm64-off","System.Runtime.Loader.dll","5632","8EE452C199400BCEF865CAB6C3897E15F8380A6E0ED6FBD600660D5554B5CD0C"
"r3-arm64-off","System.Runtime.Loader.xml","23047","1BBEE7EAE1304C3FB086883B8372C0159C25FA952172F0793647F6E28B8229FB"
"r3-arm64-off","System.Runtime.Numerics.dll","176640","1085C43B5D20DA88605391AE18E66BF08330DC495BEDD5E60EB5D428331B4226"
"r3-arm64-off","System.Runtime.Numerics.xml","174198","9F44524F953893FCC8E743FAF0114D572B536FD3D9617A6D5D0910678CAC1FAA"
"r3-arm64-off","System.Runtime.Serialization.dll","6656","0A63ED3DE42B835B14940C583D2A0A73D55F9D8494054EA4EA1E741E0AA7B7D5"
"r3-arm64-off","System.Runtime.Serialization.Formatters.dll","55808","67EFFA28660666B78E04EAC1F5E833621206ACCAFB2D3139C9D1DB5F6149860A"
"r3-arm64-off","System.Runtime.Serialization.Formatters.xml","68932","781440B3EC71334FC02A2A35DEE97757BD9164C18795F10862EE9CB9ABCFAFF6"
"r3-arm64-off","System.Runtime.Serialization.Json.dll","5632","FBE5BD5B190AA1B58B870C9A703703375CA3C3D6248AE289486B7F30B6F1D1D1"
"r3-arm64-off","System.Runtime.Serialization.Json.xml","40889","B9559342C00136FCF56AAF77090466FE742DEDFE742173AAB2A9C6C3CEAD6D51"
"r3-arm64-off","System.Runtime.Serialization.Primitives.dll","13312","F83E62519478DF4E2734F6ECDE1CC62BF6C395469618E60FA93BF23E21DDE162"
"r3-arm64-off","System.Runtime.Serialization.Primitives.xml","21598","7E5C5CD9C6786D4CFDC74A6F7BD13AD84664F14FA400971C320BE6F959679B08"
"r3-arm64-off","System.Runtime.Serialization.Xml.dll","6656","3DCAFF3CE7B2A4B670710FEC8DD1BF539CADFA0274A396FFDD4C0CC8E01508E5"
"r3-arm64-off","System.Runtime.Serialization.Xml.xml","223076","CD7F37B8415ACB2E780A373E83F8609DD524139471A974D267CC6124349B27E1"
"r3-arm64-off","System.Runtime.xml","7651301","A6708171773D23000BF45673B97CF0DAAA8D34566C6581DF6833C3A4A14D411A"
"r3-arm64-off","System.Security.AccessControl.dll","47616","3CB3C4BD26D1D688E6CA55F71603C0C26BA40033D348139E2E85A05677FB7DC8"
"r3-arm64-off","System.Security.AccessControl.xml","231410","AA2D7D459FFDE379F3D04CECDE2D24DC31B0FFC822604EC2F49601ABDD4DC23C"
"r3-arm64-off","System.Security.Claims.dll","44544","9189FCDD41B516363BA55BE8B15CF98F9EFAA1B5EE4F2E1FF22AB349200F2C25"
"r3-arm64-off","System.Security.Claims.xml","69298","7691AE8E47F3BD890DF0836A8A6A958B60A7A517DB7432B8490866A0A30B3927"
"r3-arm64-off","System.Security.Cryptography.Algorithms.dll","7168","EF4B3DDBC52C5DECB48E625F15EB6338E51061A2536C235A2168C3358376496A"
"r3-arm64-off","System.Security.Cryptography.Cng.dll","6144","99A4A609CC3BF3BE1FE833B2108D5200FB8A91554CEEFB2FF7BAE913B34D9A93"
"r3-arm64-off","System.Security.Cryptography.Csp.dll","5632","902AAB0A06C805D406C886D2EDF3DBE75F108F687F9BB4A4FBE88B2C0B5BF2B4"
"r3-arm64-off","System.Security.Cryptography.dll","1069056","7A8D0AD2A6A86F31BEE90F41876E494C1DEA8DEC867515C6F070DE1870001205"
"r3-arm64-off","System.Security.Cryptography.Encoding.dll","5632","B68F6C1C61DD93D3D93B0AF6F4A4DEB9A6029BFCFFAA4A137A3AC95B4B604EA8"
"r3-arm64-off","System.Security.Cryptography.OpenSsl.dll","5632","F7539D1DBBB29F6A4992189B54FAD621FA716F2CE3FAB54DA5D00C6FA908B0C0"
"r3-arm64-off","System.Security.Cryptography.Pkcs.dll","715264","BA7E920DC8AD175F2581DFCD158F9744ACA987891C504B12C84BA704B4532018"
"r3-arm64-off","System.Security.Cryptography.Primitives.dll","5632","60AC15226F3A075A6FA7980681031F090F47D340F1822344D005B0EBD383B625"
"r3-arm64-off","System.Security.Cryptography.X509Certificates.dll","6656","556F287EE20876074938DE9711EE5206727B8CDD60A3D13BF5BFCD828042D42E"
"r3-arm64-off","System.Security.Cryptography.xml","1959515","D5BD5FFBD61E6EB370D89E06721EF3F3029E2E2D75A8E4FCB45DB66B1157078D"
"r3-arm64-off","System.Security.Cryptography.Xml.dll","499200","DC673BDA133775B8A010314A13D54B1EFAE1E0006C18AA5BD3106609D490DED6"
"r3-arm64-off","System.Security.dll","8192","5FB00978416CF59141776FA63E8FB91D4E189E5EA182859C184B69D27757112F"
"r3-arm64-off","System.Security.Principal.dll","5120","9D30BFC4A42EADFA1877330AF73E12521701FF1EB40C81ADCC3B6EC454CCFB0C"
"r3-arm64-off","System.Security.Principal.Windows.dll","27648","5BA2364E6DBD85FD0D710285A645BBF0DE40C94912CCBF2C9DE8739A6EDA62E7"
"r3-arm64-off","System.Security.Principal.Windows.xml","91022","FD8D26D4DD73481A0BE08A89C4986B7AF80C050C8D493C1D7D9708FC64C398FA"
"r3-arm64-off","System.Security.SecureString.dll","5120","3B4CD0F304CEC1925B93AA92EF1ABF7DF9EC265C60515A686F0F8FB61A7C6533"
"r3-arm64-off","System.ServiceModel.Web.dll","6656","3538577C47C9AA0E77656F7FC398DD4A40D643CF7077928C4B5733C238DDB790"
"r3-arm64-off","System.ServiceProcess.dll","5632","4F6CE3B51E095EB09DFA40FF8FAAF5BB6846F758586128A4859397AA47BC4570"
"r3-arm64-off","System.Text.Encoding.CodePages.dll","732160","8C02499DB2118CF8608BA55DDEB7E93B5F32A0E9066AE5673106AE897928E063"
"r3-arm64-off","System.Text.Encoding.CodePages.xml","2077","C9352B14FBD3CFC80D8CB467E635A5324D903A7056C779856A2C9C846E3DB13B"
"r3-arm64-off","System.Text.Encoding.dll","5632","2B64B0D8AE46C81A34EE013673E1596576B5E371F5F1E8C3D979AA725D197396"
"r3-arm64-off","System.Text.Encoding.Extensions.dll","5632","E53AFBA90C5D4FD7E6DC74F716AF48A791484545B53D940FBA165987BE782764"
"r3-arm64-off","System.Text.Encoding.Extensions.xml","120315","AC7FF9A4705EB4A04B00A9129A7CB36C9AE0EC2382780DF7BE4CAE5FC2F94538"
"r3-arm64-off","System.Text.Encodings.Web.dll","56320","AAD4C2AA0194320432F2937B51A9ABEC65D34E7F56D17A4BCB6BB2BD31F490A5"
"r3-arm64-off","System.Text.Encodings.Web.xml","63180","1E5AB354F4AB73CDFACFE347FADFED7399E7B7733C6B0C35A875B0B1A9486FD9"
"r3-arm64-off","System.Text.Json.dll","715264","493F81898FEBD325609C47FC3B45B5BE8BEC56B9A5B4D574180C7529F2A4F334"
"r3-arm64-off","System.Text.Json.xml","599660","63342E258274D49EA205580A1F9D526AC41189B8E741314C625A6989CF350BDE"
"r3-arm64-off","System.Text.RegularExpressions.dll","385024","03B5CC1D92BDFF24374F9361674A3DCED33774D587EAE2F0966C636F866BA1CA"
"r3-arm64-off","System.Text.RegularExpressions.xml","681150","25F88633B40FB85B917764E4C81050C4E191EC2F1A5B04A86E8E6BFBC2A62CBE"
"r3-arm64-off","System.Threading.AccessControl.dll","23040","6BEC94A6DAFEFF27B11688695E09419351C2AE41DE6B0502DEB5EFC7E7D99CBE"
"r3-arm64-off","System.Threading.AccessControl.xml","92495","DF56F567ED4C5349A89AF8C727AAD9FA8DFEF8F75EF2875C6F9F4DEDDB1D4510"
"r3-arm64-off","System.Threading.Channels.dll","56320","15886EC6898AABED382307C4B638053857BBE77E64961B431644F868473FE93E"
"r3-arm64-off","System.Threading.Channels.xml","21430","17C37B99B1FD8763806C183FEFEC1E753487FC14C7C2D28B1012F8FDA831086A"
"r3-arm64-off","System.Threading.dll","34816","F89F8D668D26BBD91C7536A5C35A12E57214AD24E35833E8F68275F9121810AC"
"r3-arm64-off","System.Threading.Overlapped.dll","5632","4C64A52663616164587BC93B0E7A740AFA7359104F7A01AD766FFEB5BE61B1C0"
"r3-arm64-off","System.Threading.Overlapped.xml","22818","31F3A826BD7DF74A6450DA87076B152E991A67C9B109895FD4F9D6CAEEC561F8"
"r3-arm64-off","System.Threading.RateLimiting.dll","174080","908E64085919895A12FC4D9575783D222C8DF73C5015F3C02590B975CC5BD66F"
"r3-arm64-off","System.Threading.Tasks.Dataflow.dll","176128","A56C32A6AE80D446173211E044AC47D5EC1CDAFCAE62BD4EB47C9761EDC9B3D4"
"r3-arm64-off","System.Threading.Tasks.Dataflow.xml","202749","548FC3272B0788BE8FE1B245B9CD3480671F310D9E8D3BB6836C423931802A07"
"r3-arm64-off","System.Threading.Tasks.dll","6656","FA32A34321350E7413A6D4C6CB67F5EE1336DA151C61D8F526BD77ECE43EAE80"
"r3-arm64-off","System.Threading.Tasks.Extensions.dll","5632","F5733280E86A8A2FDA7FF18FC799287EC1B155D2637E780C57D08179D91ED368"
"r3-arm64-off","System.Threading.Tasks.Parallel.dll","51712","F155DC952F9891D5DD1F746073BC5D1520463873AA9385EA1A9B2E5EF53BDB90"
"r3-arm64-off","System.Threading.Tasks.Parallel.xml","75131","74D003938F6307153E1C94063D402BE1962CEC44F3DA05D9056A9D9B0F9A2E86"
"r3-arm64-off","System.Threading.Thread.dll","5632","C18E02477E058BECE934658D7A294F7499279375D4FC5BB44F0122FC1223E0C5"
"r3-arm64-off","System.Threading.Thread.xml","58913","B8B4305D35285F0EADAD5C2E3D614F2A71D4484B05D0A6B51172CADB46B587C4"
"r3-arm64-off","System.Threading.ThreadPool.dll","5632","69BD99EB375E24E7105684107A9765CA5356BE298F343C56D3812C2B301DC5DE"
"r3-arm64-off","System.Threading.ThreadPool.xml","29900","2C9FAEE415DE6B96F33BF98B6C9A760825FE268C7748C8743AFAC0A51D123FFA"
"r3-arm64-off","System.Threading.Timer.dll","5120","C6228F8291DB7E4DE0FC6C1899C2182473130902C1986D041B708ADB11EE89B7"
"r3-arm64-off","System.Threading.xml","299902","80E8C637A8C376C09A567A7E273AFEAB4E7D69E87A16EEE6F25A52D3BB78AF73"
"r3-arm64-off","System.Transactions.dll","6656","18789AAC653B0E8A5AE6F20E0FD42BEDB716ADF0F728F4F3D909C081BD09B419"
"r3-arm64-off","System.Transactions.Local.dll","164864","5E73789158F5FE2DCDF0C07C4FF2FA3F6A167335A3C400C6CD3983A70899BC5D"
"r3-arm64-off","System.Transactions.Local.xml","77920","165C45B1AC2B6EA668633D1F38483D0A8801FAD23BD97CED3B651FD7B21F47DD"
"r3-arm64-off","System.ValueTuple.dll","5632","9AA259740134D02DF79C824ED53EFDFC15EADA2A49D699A0BF1FAEC32D2D1441"
"r3-arm64-off","System.Web.dll","4608","9F15BD13919947BFF42707CC6D2B79DFC2756A10A2FE1D45001E14234B178150"
"r3-arm64-off","System.Web.HttpUtility.dll","19968","0BBD99459DB6EA9D7CE3A5D889E1712E2972AD3289EC98921BD86479683AC735"
"r3-arm64-off","System.Web.HttpUtility.xml","14645","797835159C86A4CCF7047B208983D4469867FA60809A4EB12FEB2D6387A08B14"
"r3-arm64-off","System.Windows.dll","5632","BA1FB8463A40ECA5BA290A3A4D744F98219D87D9E36D6297D43CDF85AEDB852D"
"r3-arm64-off","System.Xml.dll","12800","E4C4422FDE789C156BD56C17D7D197A15B495B6ECDED7E742C286635A073D292"
"r3-arm64-off","System.Xml.Linq.dll","5632","7008AAFD54F0790AF96224FF7B33104C97C80768588B9E9C9812787D900D5A0C"
"r3-arm64-off","System.Xml.ReaderWriter.dll","11776","AC2D31811822205D687A08F7574F614B6FC26D3C21E6B1E6D1C3E87ADF9E82D1"
"r3-arm64-off","System.Xml.ReaderWriter.xml","1092355","3D2F7F25BE1B2D175B8BB37B428D15ADCE9455408DC7C5982455C754FD1066E9"
"r3-arm64-off","System.Xml.Serialization.dll","6144","24AE9F3C609EC5414E885165CA17597B487C8C9F0BD465D24811404796762617"
"r3-arm64-off","System.Xml.XDocument.dll","5632","97F882008F420309F2629DB59F4AA2E406F06CA1D6EFA1FB2FD800D5A4B81108"
"r3-arm64-off","System.Xml.XDocument.xml","188008","41153E3F07D0370AAC54404E7ED4F7B0E31FF5671A39018554C0F1DAD469CB7B"
"r3-arm64-off","System.Xml.XmlDocument.dll","5632","2DB3E85919EFE8773FBEDF0ABC1DBD4E6B79588D22AD7E4BA074C47651AF4E5D"
"r3-arm64-off","System.Xml.XmlSerializer.dll","7680","5739AE1228FF0DED1CA4F8D4F17ACB800D4579425321715FCC9150F3D72793F5"
"r3-arm64-off","System.Xml.XmlSerializer.xml","265080","7729C9D65973E61491CFDC7D6A08724A1BFF7774EF3342E0904BD1577BAE31F1"
"r3-arm64-off","System.Xml.XPath.dll","5632","9F746AAE54BF362E84AF698088A18CDF5424D406F40FA0E15B57A234BE2296D9"
"r3-arm64-off","System.Xml.XPath.XDocument.dll","5632","F052721548D7CCD1479B3744E5C2AE284958B118CFE8B9256C175799A09B7EB6"
"r3-arm64-off","System.Xml.XPath.XDocument.xml","6570","32C8F5D9205424080D010B2E87D8B0166EF68E63CD963BBDBACD626F3901D6E3"
"r3-arm64-off","System.Xml.XPath.xml","8348","7CDD0F0366082EAC989E89D95D5A0C3C38A9C7A00E67CB2836C65394F93A58F2"
"r3-arm64-off","WindowsBase.dll","5632","5AC958F47285FE5BF4C3A07BCAB7327E768F3BEB11D51341284C4946D72BC6E1"
"r3-arm64-on","corerun","854552","B295B6A2788AAA462CC8333930F0CBDBE2A93F0B32B025E006A088ABEEFB51B4"
"r3-arm64-on","createdump","97408","971F28ED71DAB2688CD35013D0125ED8210412F51AB4966F0E33DC278A1577E6"
"r3-arm64-on","libclrgc.so","696328","B846CE44D7A6432AB754726B16CA82062B349652A05D6E3D3901AD6D28A3A11B"
"r3-arm64-on","libclrgcexp.so","748512","54608498D4F53730840D9CBD00D66D4FE52D4C6FB1D1BED279229A4C4E0B3EDB"
"r3-arm64-on","libclrjit.so","3592456","2853ED31C7847538BF00E4769B2E3CE8804758AEEE2C2687009B97C0B3FDDBB7"
"r3-arm64-on","libcoreclr.so","5309920","6206CFDFBA3710E598458DDFD808EBA48E6ACF59FF019703BBB3ED0EA0E6FAC4"
"r3-arm64-on","libcoreclrtraceptprovider.so","528256","C8090E468952A9E9EAB2BD12D40FCCF4431B64388C8E247071938B4D2FC8BFF5"
"r3-arm64-on","libhostfxr.so","303872","3AE379CCE0C73C4BAF3563BC70CC54E39889E2B73FE785973895CE1E80BDB909"
"r3-arm64-on","libhostpolicy.so","290224","2DBE06189EA19BDF1DDE65A8CD28E221CEBA9BDE82714493ECAE65B03BAA1FD2"
"r3-arm64-on","libmscordaccore.so","1725152","640A509F5D675ECF46E81966B757FD2A3A16D0FB070F7DE21C137BE11FC2A6B7"
"r3-arm64-on","libmscordbi.so","1291960","089A911478A607723D87424982ADA049BA517CFCD9D0FFF27E4D7CBD1D6BAEA8"
"r3-arm64-on","libSystem.Globalization.Native.so","64968","94BBA7F44AC5FABCEB5CE977B4CF481162F996C4E3BA1A41B8161649F194E441"
"r3-arm64-on","libSystem.IO.Compression.Native.so","1369472","2B5B8AA67CBF29735A4B91795A4B3BAC106F2B6B6D854DDF718B1C0EC4C5796C"
"r3-arm64-on","libSystem.IO.Ports.Native.so","14664","2D41308A8321559E34883DE53782EEE1369CA225A2E038084B88979F0A1BECC5"
"r3-arm64-on","libSystem.Native.so","103896","3F9E3DB4B8311227CE6EAD190ADFFB19737EDF8A1D6664044C8370344A518270"
"r3-arm64-on","libSystem.Net.Security.Native.so","15432","467A79E20A9D61E6F4246E9E5632A6BCD6E68913E37F214A34730587FF819809"
"r3-arm64-on","libSystem.Security.Cryptography.Native.OpenSsl.so","240640","BE478F36450FF720455FA6DC6A4FDDCCADC267A210BC88948EC0BE1BE1294B7C"
"r3-arm64-on","Microsoft.AspNetCore.Antiforgery.dll","132096","D7CDF877B455ED01EC25E9B60F5128D0B319A929B3E52C9B22942F31153E9B9C"
"r3-arm64-on","Microsoft.AspNetCore.App.deps.json","21256","1FE5F1AE638EBC79856624EE52433C3FFCE0D12233078EA9E43B04D1C81DC47A"
"r3-arm64-on","Microsoft.AspNetCore.App.runtimeconfig.json","190","D8519405CFAFBF7C715C0D8CD6B79C62C6C6AE21C5A7B3E1ABCA28757070F12E"
"r3-arm64-on","Microsoft.AspNetCore.Authentication.Abstractions.dll","51200","6728AF9D30C06F01C98A44E6679992589795AC56E005E8043A0C6BE45FEE855F"
"r3-arm64-on","Microsoft.AspNetCore.Authentication.BearerToken.dll","57856","7E590B887799FE20715DE38A2F24F1D2D20141DD570907C0634C227CE5AE99CE"
"r3-arm64-on","Microsoft.AspNetCore.Authentication.Cookies.dll","99328","F498BEC96E114463E90A0D2B04C0C3D3968A57B8DA500881BB9CC8775E22DB0D"
"r3-arm64-on","Microsoft.AspNetCore.Authentication.Core.dll","88576","9270458181D422651459A91CFEE9FCF0AB869B7F7DAEA0697D9A740FE989676C"
"r3-arm64-on","Microsoft.AspNetCore.Authentication.dll","136704","75701482438B6AB0CA02BAD7D8C804D4F8DAF3B4CC9DC1CA8C503FB4C1B37900"
"r3-arm64-on","Microsoft.AspNetCore.Authentication.OAuth.dll","84480","7FFB83A32795C06B98977AF9F5DDCB82527DA54C9DCD2BDE238E9DAD38B0A126"
"r3-arm64-on","Microsoft.AspNetCore.Authorization.dll","103936","66E82E17236437046E2FBB125D1990EDA569B33E3A716E3E750A91A98E5D2787"
"r3-arm64-on","Microsoft.AspNetCore.Authorization.Policy.dll","56832","573F01F331A8C8B8175CFC3BDF3C1DCA390DAC7FF5CD3CAF098A840BB26EA80A"
"r3-arm64-on","Microsoft.AspNetCore.Components.Authorization.dll","45056","DE0DAE480359FB21DF7087F20C7A4C07D9DBF0BDB052F9D94CFFFB094FB068D5"
"r3-arm64-on","Microsoft.AspNetCore.Components.dll","1052672","FEFC07F504C8D21AA57229A32426319735AA450AB8B4E06CAF247A58BD5844D8"
"r3-arm64-on","Microsoft.AspNetCore.Components.Endpoints.dll","1250304","2208ECB48657335DD9242F13FC2FB3C48E18D58B39FD93986D5E0D8575E00CEA"
"r3-arm64-on","Microsoft.AspNetCore.Components.Forms.dll","120320","FE37BCA0414212BDDAB16A263F82E625EDDFC9058BDBD67154E9C28F7D5F9468"
"r3-arm64-on","Microsoft.AspNetCore.Components.Server.dll","1015296","05DCB53CE0A367B31749C966BF88F47B242168FF2CC81B316EAD13BD3D4662E6"
"r3-arm64-on","Microsoft.AspNetCore.Components.Web.dll","488960","DA1FA1F4E556270880A586051C3DC99ACCA2D40AD70270B011B22A3410AEE38E"
"r3-arm64-on","Microsoft.AspNetCore.Connections.Abstractions.dll","56320","172F6C949915C1701DA63B0BB7F4AFD636379EFC691BCC4048E642AE86B5D67A"
"r3-arm64-on","Microsoft.AspNetCore.CookiePolicy.dll","37888","0B81A3BFC22EF933C55B0AE3F133BA4612B66681DE9FD4C521A69BD0A0BADA63"
"r3-arm64-on","Microsoft.AspNetCore.Cors.dll","81408","5B3CCB828CA118E1451E65FC7E2628EEBFB65F8859E55050AC54FE836DA23F47"
"r3-arm64-on","Microsoft.AspNetCore.Cryptography.Internal.dll","94208","4F37EC08EABF1BF2CC61A4917839C102512B141EDE1EED0207D5ACC6DCCD97DF"
"r3-arm64-on","Microsoft.AspNetCore.Cryptography.KeyDerivation.dll","25088","0C7D95FFB7446EA2D2FB216E6ABEFB9410E4626D562B91813C5848B8DAF737D9"
"r3-arm64-on","Microsoft.AspNetCore.DataProtection.Abstractions.dll","32256","59B49756C8AE433BBAF3EDFD56748BA99162B7B636E5C19545A5A7115BF56E86"
"r3-arm64-on","Microsoft.AspNetCore.DataProtection.dll","549888","9D9D0E3A0720ABD923F4F2183793B69C19FCB5B508E1F80164E2C97481A1E706"
"r3-arm64-on","Microsoft.AspNetCore.DataProtection.Extensions.dll","27648","19D4D43262DBA9FAC9D5D6A463404314411EBCC4D0346851D6E7C4F945FA49ED"
"r3-arm64-on","Microsoft.AspNetCore.Diagnostics.Abstractions.dll","12288","385D9782B48E6ABE770F1716AED3D7494D78618CD5C3DCC65FF79701DCBA7228"
"r3-arm64-on","Microsoft.AspNetCore.Diagnostics.dll","470528","77622F148352082AE270ACF39FE4366012D07949BF5F88104968D2DB5CAC87D1"
"r3-arm64-on","Microsoft.AspNetCore.Diagnostics.HealthChecks.dll","34304","0821019F119E7FFAFFE1AAEECC5214DABCD4B875AF9F854E485CDE79EA07E406"
"r3-arm64-on","Microsoft.AspNetCore.dll","129536","F24E7DA62AA4FCA4359335272F9C6F5BAB35AE64D3C45D3F448BF79E2FFE1A17"
"r3-arm64-on","Microsoft.AspNetCore.HostFiltering.dll","34816","D54712B564C90A4E737D850C6567B941FE47F80AF8FAFC72262C1E48DE2E891E"
"r3-arm64-on","Microsoft.AspNetCore.Hosting.Abstractions.dll","26112","3E8C6169C5690F16AB2BFD16495C974342E38BBAA12D78A4526C226D5168BACC"
"r3-arm64-on","Microsoft.AspNetCore.Hosting.dll","506880","A23E8D5F6D93A84D26A017CBAF0B6D6A7062AAE6C54ECB74A8EE70319D7A986D"
"r3-arm64-on","Microsoft.AspNetCore.Hosting.Server.Abstractions.dll","8192","75FFC277B2D496461A4F20F81E139D011F2EB593A850E4A8176BB8CCC0E88DFE"
"r3-arm64-on","Microsoft.AspNetCore.Html.Abstractions.dll","20992","E144CEACDA7CE532E191E061725AFEF18AFB8E053CC69261912758A33A05D4C0"
"r3-arm64-on","Microsoft.AspNetCore.Http.Abstractions.dll","350720","842B141697900A990B6364E1C1E9D34E13E1F94B09C65AB02863B97B4DD2DDD9"
"r3-arm64-on","Microsoft.AspNetCore.Http.Connections.Common.dll","38400","F73DA60E125D7367B511AF8191D3FF609A2EDDD3F8526B473647F73E09ABF02A"
"r3-arm64-on","Microsoft.AspNetCore.Http.Connections.dll","346112","7E32DBA7AAD3BC8203014B4171473999C655D4B31456024AE438889B9CB9C71B"
"r3-arm64-on","Microsoft.AspNetCore.Http.dll","313856","C428E5CD0865227906A3F80AFE2344BE31DB6054337D5B46FAEF4E7F2FE14129"
"r3-arm64-on","Microsoft.AspNetCore.Http.Extensions.dll","794624","7DDC3B534EA004EC5CD960B95E790E1857736E7C9C0DE5C808412DD7743D8B8A"
"r3-arm64-on","Microsoft.AspNetCore.Http.Features.dll","59904","DD7A50730AB1FAD015B8EAD60A7DD7D03D08DF337AC727F3AAE51F7731122639"
"r3-arm64-on","Microsoft.AspNetCore.Http.Results.dll","284672","882008915FF467F85BCDE78FF83A3C401BFB33643339F53B7EE325942F1E4BB2"
"r3-arm64-on","Microsoft.AspNetCore.HttpLogging.dll","197632","543AD53DDF024B7E5C67B8F2895570518B858DB6078B4E363E55488E4A9D75F5"
"r3-arm64-on","Microsoft.AspNetCore.HttpOverrides.dll","71168","8B1C67EA4147EB34FAFE8D552A82C6301643B7E4F8A89709F143C2B55ED2792B"
"r3-arm64-on","Microsoft.AspNetCore.HttpsPolicy.dll","30720","DD4A752E2149AFDCD51948DAD3E68A46BDAAC43C8485536CBB9F916590790565"
"r3-arm64-on","Microsoft.AspNetCore.Identity.dll","975872","2D8E605A64C21395ECFEB4A64BE129463C63B44350DFE7B8F9B96631B13B019C"
"r3-arm64-on","Microsoft.AspNetCore.Localization.dll","49664","A1D1937398CD48CBB36A95BD3B5B7CE5FED35961D483347B39DBE8524E350AF8"
"r3-arm64-on","Microsoft.AspNetCore.Localization.Routing.dll","9728","767E8F10FADB1EC4FF15FBFA5E65198163DBF68EC7EE3123C4481BAECCE3F264"
"r3-arm64-on","Microsoft.AspNetCore.Metadata.dll","5632","901DF22070DD34574A6DADD53A0F018517AAA3B68C69A6EBCF75B028ECE29A6D"
"r3-arm64-on","Microsoft.AspNetCore.Mvc.Abstractions.dll","274944","CBDB0526B86ECA6A4EBAFC0746C447471EBCF366D43651D2E5163A340B79D702"
"r3-arm64-on","Microsoft.AspNetCore.Mvc.ApiExplorer.dll","149504","B80A4A4F5D6EA91869BEC63DE70091EE8CE77EDCA6048DDCC5B38F00281A8904"
"r3-arm64-on","Microsoft.AspNetCore.Mvc.Core.dll","2095616","4A1A654E1CE11961E08486DD470D8094B35650C21E54F147D6862383F316C2CF"
"r3-arm64-on","Microsoft.AspNetCore.Mvc.Cors.dll","33280","61FC3068EE6C20C8504494F298076FCD7B7F354C1949E56D3BA521554AC256BA"
"r3-arm64-on","Microsoft.AspNetCore.Mvc.DataAnnotations.dll","92672","DEC640EB17961689ED225A98CA78A5E0F284882EC78540B405E261B696E4531C"
"r3-arm64-on","Microsoft.AspNetCore.Mvc.dll","23040","3018BEC77AA3F21BBB0FE4E00CBD46589B61BADA434DA7DF78415207A8364EDB"
"r3-arm64-on","Microsoft.AspNetCore.Mvc.Formatters.Json.dll","5632","59DB0D028B61AD591FA68AB5FE1E3F442446C8B88E33F510A69E15DD8A65E8D4"
"r3-arm64-on","Microsoft.AspNetCore.Mvc.Formatters.Xml.dll","105984","9F80543789F3598EFC8EF6B9AF3732547206AE1CF05D572B3ED9114939C90535"
"r3-arm64-on","Microsoft.AspNetCore.Mvc.Localization.dll","32256","A5DB7DA33E28474A20C909738DF08630E328E7E9F3D61A6D8FEE30FB2CC36212"
"r3-arm64-on","Microsoft.AspNetCore.Mvc.Razor.dll","240640","A16C4C46DA0512D9EFF38672AE29F444DA4A831932684F4EF04A4AB238B1BF27"
"r3-arm64-on","Microsoft.AspNetCore.Mvc.RazorPages.dll","473088","7152F7C0B968551F40CE786508B993EBE9C46BF380BC0D8538AB0A1A3C2D9B37"
"r3-arm64-on","Microsoft.AspNetCore.Mvc.TagHelpers.dll","288256","6A86B276EA71DEEA1F89ABB52F4DDB41AA4CD2D56AB14A9D5053B1E0D8D1E889"
"r3-arm64-on","Microsoft.AspNetCore.Mvc.ViewFeatures.dll","797696","505453E5DAF60456C66B843FFA2448CD2C1CEDE7B5557E4EF20C3BAE9402B61E"
"r3-arm64-on","Microsoft.AspNetCore.OutputCaching.dll","255488","8AC791D956C2F8460498C14DC959C5DDE4351AE2533B48D07DD949A06C0D67F0"
"r3-arm64-on","Microsoft.AspNetCore.RateLimiting.dll","90112","FB0865EDEBCCD8A8D98F64D42B7F23602FCD20C706A73CB5F4D398A45D2428F9"
"r3-arm64-on","Microsoft.AspNetCore.Razor.dll","53760","D87FC2D1B960B81DEA5D7EB2BC498C5076223473AC79D47711E3E431AFE46605"
"r3-arm64-on","Microsoft.AspNetCore.Razor.Runtime.dll","57344","C4D956EF2A9EDFA21130DB327730ED794D8427AFB0F3DD09483A6F23588FF930"
"r3-arm64-on","Microsoft.AspNetCore.RequestDecompression.dll","33280","F893503FDD024F1A2D6F61C9216716EF9EA435DC51BD3274565A7D9DA2232EA0"
"r3-arm64-on","Microsoft.AspNetCore.ResponseCaching.Abstractions.dll","6144","F9D6E344DE3013A6C8AD72F1D6458EBA398267464672BE7002CBD5AF062E9CDD"
"r3-arm64-on","Microsoft.AspNetCore.ResponseCaching.dll","136704","806AF456DCBA7CD98B8A77EE893A5D90719DBCAF39582D1784B3A83D24C65A9E"
"r3-arm64-on","Microsoft.AspNetCore.ResponseCompression.dll","64000","AEFE089CDE686B6BE96FC96EF8AFFBD64DC60C940B6DDACC5F375EFFED1AC22E"
"r3-arm64-on","Microsoft.AspNetCore.Rewrite.dll","221696","4A1541BBE8CA23FC0BAFD6EF4EFE78323DED69D651EB556C8F0F3477AD9CE278"
"r3-arm64-on","Microsoft.AspNetCore.Routing.Abstractions.dll","42496","9B3A28A5BEC4109F6CA8995950D7A6E1A06989670F5B0BA7B2571D19F6732FC0"
"r3-arm64-on","Microsoft.AspNetCore.Routing.dll","958464","F7F91A70C9E127A54068192771CB7D76F9FF73381A294EBE35690B35619A2095"
"r3-arm64-on","Microsoft.AspNetCore.Server.HttpSys.dll","909312","BC10C8E7EF1ABD7C094C49CBA9C54663CC06AD7A2F83421E7DD7819B32EEBCF9"
"r3-arm64-on","Microsoft.AspNetCore.Server.IIS.dll","732160","91B4B22CA0071B02EFD084A81A0045B59A2C37C5DF1E7965DAD012F262F08B2F"
"r3-arm64-on","Microsoft.AspNetCore.Server.IISIntegration.dll","34816","2AD4F0C1962B6F0D4274199CF196D36566D78390F1883A2FED85801B90450285"
"r3-arm64-on","Microsoft.AspNetCore.Server.Kestrel.Core.dll","2568704","8DB57C0B4EA746671234ECDCD9A793E107DC83FDE6E3705434741AC065DA0922"
"r3-arm64-on","Microsoft.AspNetCore.Server.Kestrel.dll","15872","4A60400A7929D200BD7203B10A3BA61F6D3A2890D207026A3433798F77DD1309"
"r3-arm64-on","Microsoft.AspNetCore.Server.Kestrel.Transport.NamedPipes.dll","145408","8ABC83DB0013F6DBC54B28FBD38564856F6D9D9D84288F780762507DD7C9F493"
"r3-arm64-on","Microsoft.AspNetCore.Server.Kestrel.Transport.Quic.dll","241664","1CD95DF78B2776D9BF3E83245D61993B9509827AE044DD7D7609C2A4459907BF"
"r3-arm64-on","Microsoft.AspNetCore.Server.Kestrel.Transport.Sockets.dll","126976","1A0DB7274013F04C8A31F9B6048939A05E0FFBC8442F1B97B383BAF10462C800"
"r3-arm64-on","Microsoft.AspNetCore.Session.dll","72704","1FAA2EBB39073D2224455D31B4CD3CF33AC0F8B730C49B121E0D53DB311D24C9"
"r3-arm64-on","Microsoft.AspNetCore.SignalR.Common.dll","73728","0CD34567184A395FCC8CBE12313A243F2AE4D3C4D19C5082F865BBBBDC4AA9EF"
"r3-arm64-on","Microsoft.AspNetCore.SignalR.Core.dll","561664","7D53F5440A1D27EBE43579FAD10BC22636D1A6A0A6C5A72AFA9677EB3EDBA224"
"r3-arm64-on","Microsoft.AspNetCore.SignalR.dll","17408","E5F654F29DDAA55B6939BEE5D46C44E9934B303BFFEFAA2934E391F9ADE12BB1"
"r3-arm64-on","Microsoft.AspNetCore.SignalR.Protocols.Json.dll","67072","1F2517E27002F4ED13251146DBA2CEDCB10A0D5173CB0115E0975DD3053B8DED"
"r3-arm64-on","Microsoft.AspNetCore.StaticAssets.dll","199680","03083C1B71B150B1F30B4B2FE3ADAFD966678790CAD76D4ADBFF4943E5FCAA61"
"r3-arm64-on","Microsoft.AspNetCore.StaticFiles.dll","155136","955CF57469B88853E7B1A493292AB951AE0E68DF94CC27C7E7559E3A73CD153A"
"r3-arm64-on","Microsoft.AspNetCore.WebSockets.dll","59904","ECDFBCA87902C6B8F620CF71D5E4C160D61FA73B80C2A5E0934098AB76F1E48F"
"r3-arm64-on","Microsoft.AspNetCore.WebUtilities.dll","241664","12D56EDFA001C9500D2D665D0C77A553DC84EE750B823DAB19AF7EA9085DD239"
"r3-arm64-on","Microsoft.CSharp.dll","301056","CEF5B5D699A8C5B8F511CA6A2ABDAB8BCDB20DEA93D84CDB187331D45E0716A0"
"r3-arm64-on","Microsoft.CSharp.xml","18050","B712D12C5DE74926122A368DC92329AB3215555E44BCB46F2DAEF146EC0986AC"
"r3-arm64-on","Microsoft.Extensions.Caching.Abstractions.dll","33280","AE1837B04B5968EE153F78870AED4EA2321AA30E2824D92A9B74B0CB99E601E5"
"r3-arm64-on","Microsoft.Extensions.Caching.Abstractions.xml","90809","20FE0F821F2DB08D353F669E172EBE4D3C7075422CC06D7C4C83C5592B35CE8A"
"r3-arm64-on","Microsoft.Extensions.Caching.Memory.dll","109056","E5B33DF8C030D8976E58711B2A3BBC988AB5A65F4D2DAE9B9768D6DF56D485E4"
"r3-arm64-on","Microsoft.Extensions.Configuration.Abstractions.dll","16896","48EF93995E27EF47C7E972252DF928E303EFAED7819F4E276352E618680DBA7C"
"r3-arm64-on","Microsoft.Extensions.Configuration.Abstractions.xml","20253","9AD60D91D34A8E347306843DD1A4AB74CEAFF7682500DE1A9EF327F16A7B9930"
"r3-arm64-on","Microsoft.Extensions.Configuration.Binder.dll","73216","D6E2FC966C26F838BAC49D600285F7882F53DA1D6608AAD1AB75B59F059F177A"
"r3-arm64-on","Microsoft.Extensions.Configuration.CommandLine.dll","27136","B1C3332DD0AF0ED9071ACEEF12D2190FBB3FF5F2D56B789D944724DF6F00C37F"
"r3-arm64-on","Microsoft.Extensions.Configuration.dll","82432","2675D8AA170E61B33C9FF7400F345975493520830345DB95F25AF2558734C480"
"r3-arm64-on","Microsoft.Extensions.Configuration.EnvironmentVariables.dll","34304","F9C5811C64A4A9E5EF35C16B4AC537F60AF6B8EC39982FE170BE40FA3764EB4B"
"r3-arm64-on","Microsoft.Extensions.Configuration.FileExtensions.dll","37376","D4930B3C89C17D359BBBD90C46315864C344ECFEF27B618DB032FEAA64E2FFD3"
"r3-arm64-on","Microsoft.Extensions.Configuration.Ini.dll","27136","9F6A377F51002A6D96E20F91FE6C6AE104EEB160A95AF9BB7F68818B2780C784"
"r3-arm64-on","Microsoft.Extensions.Configuration.Json.dll","33792","4A38B8817AFA04789667061877D1123232F926A1ECAEA61DEE61D7E14528913B"
"r3-arm64-on","Microsoft.Extensions.Configuration.KeyPerFile.dll","20480","D62762FD9C8B323DADD799604CEE97D6A4020EE593DC80E2DF9545B78CA63B72"
"r3-arm64-on","Microsoft.Extensions.Configuration.UserSecrets.dll","29184","56722DE1F64CB6B366A59DBB5012A1CD06E681ED52D787013814F436EE1C6C45"
"r3-arm64-on","Microsoft.Extensions.Configuration.Xml.dll","50688","D32E22270A59DDD3F56068E68F8D59B30C5FF9F5DFA89A65B5857A0653D83791"
"r3-arm64-on","Microsoft.Extensions.DependencyInjection.Abstractions.dll","57344","12B3C57AE72CCBCF91585BF69D57C406CF6F06EF6FBA00E49A6E4B2A91250740"
"r3-arm64-on","Microsoft.Extensions.DependencyInjection.Abstractions.xml","223851","1C1704E8DC6BB991C9E8E88C311FB680402CCEF3501D5BAC1A0478EC3FBDBA83"
"r3-arm64-on","Microsoft.Extensions.DependencyInjection.dll","234496","5E1996F8BA3FC62099B94FD7AF68F84E31328D4FF659FE263E9B30FECEE4B17A"
"r3-arm64-on","Microsoft.Extensions.Diagnostics.Abstractions.dll","17920","7E302708E3ADF717E4CC84929A2DC201A2F7A495F6195B3E4CA4162177F74741"
"r3-arm64-on","Microsoft.Extensions.Diagnostics.Abstractions.xml","49415","CC0797F4B1F9873D0DD8956546827F6CABA263E32E8508730D9BA9CF86041286"
"r3-arm64-on","Microsoft.Extensions.Diagnostics.dll","76800","E425BC1CB365FC2D70A69C9001CD08F613313C1AB9B05CC193C27E3E31D05B71"
"r3-arm64-on","Microsoft.Extensions.Diagnostics.HealthChecks.Abstractions.dll","21504","F3F1381CE90BDC8DC2B326D9B7B0061432E8AC5AE76073EF43A03802536EA397"
"r3-arm64-on","Microsoft.Extensions.Diagnostics.HealthChecks.dll","93696","00F123FF77E392C4616C5CF5AA9E065539B91EC64F55E1C192C0991F9313CF22"
"r3-arm64-on","Microsoft.Extensions.Features.dll","26624","C40EFA4044BE2E92A0908E775BDF907E68F262AC1FAB38D8997B4C94F5AD88A0"
"r3-arm64-on","Microsoft.Extensions.FileProviders.Abstractions.dll","11776","D961CD7F2F8644F3BDF3E555C5796A3DB2105EB9764BEC5D8C3F75AB25CC400B"
"r3-arm64-on","Microsoft.Extensions.FileProviders.Abstractions.xml","11148","A020ECF6B78BEA9C527325E8076EC57F9774F629C147F75B2F710CF4C0B6998B"
"r3-arm64-on","Microsoft.Extensions.FileProviders.Composite.dll","14336","628393296633DD3657AB25BA9E2F9429A8776C0F7FBD403FFCCA7A7D3905446E"
"r3-arm64-on","Microsoft.Extensions.FileProviders.Embedded.dll","56832","100F89758AA229E1628B46CD847C14CEDC73723C0C55CDA2D8CDA57D600A0307"
"r3-arm64-on","Microsoft.Extensions.FileProviders.Physical.dll","99840","F803E6A58339BA0DA96CC5221B20C232F4DE558A07F42D530D94D478723BD7C4"
"r3-arm64-on","Microsoft.Extensions.FileSystemGlobbing.dll","93184","1C7F055A78FA83FFCB69FB3CB694633B54A819F75AECA4324A7D2F790D3FF839"
"r3-arm64-on","Microsoft.Extensions.Hosting.Abstractions.dll","22016","153BD526684041420FCCF8AB5731CFD2AF913E28D793F851B929D5E55642A9D1"
"r3-arm64-on","Microsoft.Extensions.Hosting.Abstractions.xml","46893","E6956E144370860D2384AB0F6DAECC2CB0FEC9B1EAE7C9EEACCC1E1D9EA71AB9"
"r3-arm64-on","Microsoft.Extensions.Hosting.dll","150528","3764F43ED53C4242949E5AA2FF59CEB92D3C6F51C56F592A4EA4C4722275A557"
"r3-arm64-on","Microsoft.Extensions.Http.dll","201728","DF75BD8422A15A467BC96062403E811D3502775A113E47F8ACCEFBE9B49277E1"
"r3-arm64-on","Microsoft.Extensions.Identity.Core.dll","448512","51661C56197AA8159AEF099C35D4BE433DF15DE3693E5EDDA893BE5ABA1DCB15"
"r3-arm64-on","Microsoft.Extensions.Identity.Stores.dll","70144","E476C851EF4EB6A85F68049BDC49DAD9CB1A5909CDF9FD9302224B5EB1E3C8C1"
"r3-arm64-on","Microsoft.Extensions.Localization.Abstractions.dll","12288","1DCB0C04540E0192512A751F6E10AF4493667119872400BA9E304066C0DC1972"
"r3-arm64-on","Microsoft.Extensions.Localization.dll","41984","B606482786DF8F0549D16FF4F9A2B8FE72008DC8A4467BC677A37CFD6003A9A4"
"r3-arm64-on","Microsoft.Extensions.Logging.Abstractions.dll","56832","194C080E7CC89F3C8D499C6CD4758BE611A9EA202C40FD24F39F69D13645E7F9"
"r3-arm64-on","Microsoft.Extensions.Logging.Abstractions.xml","91635","F46E30588566ACCD2C530D9B126A4A3D4D6E2021266E54B305F79586367E742C"
"r3-arm64-on","Microsoft.Extensions.Logging.Configuration.dll","30208","42EEBDE71F3248256762D15496E9840744E1D0FD5C0A014283284835A7481910"
"r3-arm64-on","Microsoft.Extensions.Logging.Console.dll","172544","676D6ABE3CF676E6A84F1B240F6AC481F0D762E70BEA4425786965FED5E0FDA4"
"r3-arm64-on","Microsoft.Extensions.Logging.Debug.dll","13312","0BA39525509C512EA94F15FDDFFC5CE5FD5C3D0E92E1F9C3A81F3C322DAC8C8B"
"r3-arm64-on","Microsoft.Extensions.Logging.dll","88576","BF5365670341DE20F18B886EBA6E33C4C2C93FF728B691B7AE9CEC8C2AD4D689"
"r3-arm64-on","Microsoft.Extensions.Logging.EventLog.dll","36352","29AA02834CE36163A3986822052C4EE501E7A3F253E9CC232A8BD611059F15F9"
"r3-arm64-on","Microsoft.Extensions.Logging.EventSource.dll","48128","BE96087E4113568BD78CAEC8B0521B4CA1FBBB1BB2D34F59CC5EC30E9DAFC2AF"
"r3-arm64-on","Microsoft.Extensions.Logging.TraceSource.dll","19968","D30CF3B418CCB9D96DC610F67B54D66D2EEF2451823962CD9810A33D01C8D75C"
"r3-arm64-on","Microsoft.Extensions.ObjectPool.dll","21504","55414DD711E986B1AC5A636CF8677134E2E362AA1CD08DC6F20600B974A73C0C"
"r3-arm64-on","Microsoft.Extensions.Options.ConfigurationExtensions.dll","20480","74689C3A629E300BA2605B50615C4557B7F5DF02CD364898DA1A728FC091214A"
"r3-arm64-on","Microsoft.Extensions.Options.DataAnnotations.dll","31232","D0876B274578BCFE84D6D627B1BF77463E45F28D88C84BED6FE671947B655FE3"
"r3-arm64-on","Microsoft.Extensions.Options.dll","71680","73AA9460D122BF2A9809CC1893EA16A0264A0AC17E964E983AA375DAC6158DF1"
"r3-arm64-on","Microsoft.Extensions.Options.xml","152783","3A6AC7F6B8FB2F5390E2E0389D634541F72523FE84E2385C08C8ADAC760D9803"
"r3-arm64-on","Microsoft.Extensions.Primitives.dll","35840","D17E5947F6432384E581C923BB70A1069BDB58AB1014461024D2B8B5E60275CD"
"r3-arm64-on","Microsoft.Extensions.Primitives.xml","86329","5FFD0C15EE1892CE003D64BE0EF4808D2824469C03D1B3465569275958AF83C7"
"r3-arm64-on","Microsoft.Extensions.Validation.dll","20992","E386A77B72F92C7F755D7319478FFF4054B03D7D9632015068667307A1912BAB"
"r3-arm64-on","Microsoft.Extensions.WebEncoders.dll","19968","897447DF171FE2686FF644FDF75ED8733F530561388D394CA109EAE84E791288"
"r3-arm64-on","Microsoft.JSInterop.dll","151040","46EC7530C214AD3EB56BF94BC3F54E40D2970048BEBDA6C903E914DDC5B5D822"
"r3-arm64-on","Microsoft.Net.Http.Headers.dll","225280","F487C9360921845F875AE10AE27D71D47CB9A96958AF46C50F375E1529791317"
"r3-arm64-on","Microsoft.VisualBasic.Core.dll","418816","EEEECEF4EFE9EB73BE3C1A6A2B0926DC8CEBF8739DAB2A1DF8ED0493B97365BD"
"r3-arm64-on","Microsoft.VisualBasic.dll","7168","44218CA6C6E15E04E765C386D3AD306E16444069D176C37CBF7D1D83C1D59074"
"r3-arm64-on","Microsoft.Win32.Primitives.dll","5120","6DC7E7915577F5B461981BB9F83465A72B604156FB8BC4D57F2BCDC4C7CEDD1A"
"r3-arm64-on","Microsoft.Win32.Primitives.xml","4229","1FA658FA646F6CB221F0839B84386B569B68C920756C266357C427E024B0C735"
"r3-arm64-on","Microsoft.Win32.Registry.dll","23040","C618DECB908E266458B657102065E02F8A5DD5448CB44267BCB7A1EF81C8B90A"
"r3-arm64-on","Microsoft.Win32.Registry.xml","94259","B4992C339974E430417C5464764547506D4AEEC15B02122E9333A0742B0EBACE"
"r3-arm64-on","mscorlib.dll","49152","AB7A332D1DEF130431EFA3964F388923F33CDA6D41D9DB6DEB31B37F7F0AC435"
"r3-arm64-on","netstandard.dll","90624","70357BD0A13B4406515042A2B416AF5828EB1FBBAE45E1A7E61705B531234677"
"r3-arm64-on","System.AppContext.dll","5120","901FA303AC804A714C6F8C3D87BC5D66310F1E69556B7C97510349C315AF47B5"
"r3-arm64-on","System.Buffers.dll","5120","098D767A0D028F7FE2906993BA2FD1B074079BAF9A8208A54A5588E596CBF4DC"
"r3-arm64-on","System.Collections.Concurrent.dll","53760","9210EC0C5682D7AC898DD15C25EDA5ACF7B0409E34DAED821DD4A47C957863CE"
"r3-arm64-on","System.Collections.Concurrent.xml","147974","5BEB3BD3B4C9C50BB059FCD2CF6160C04FD31B549306E4AF42B11E6BEC01D0F6"
"r3-arm64-on","System.Collections.dll","102912","D9002A66AE787CD4A75E569D7DA0DC5B74CC046C1AD1336CC151B409093DE480"
"r3-arm64-on","System.Collections.Immutable.dll","242688","864361CDD21D934FF54D55DCDDAEC11AF7D993B0C2FEBB7F57D9E95A51A1329C"
"r3-arm64-on","System.Collections.Immutable.xml","541757","1F1D2FCC16F3531BE0A86031E5FBC8935A5413813EA20A854CDBB6D1AC2CAEE9"
"r3-arm64-on","System.Collections.NonGeneric.dll","37888","2E6D92891C8BBC117B3E659F45BFA1FAC321871F003E05F81D07320A855B9196"
"r3-arm64-on","System.Collections.NonGeneric.xml","82749","81438BD06CB245D45B715FDADDE5C2D58D997908DDEB1727B316DB2F792B7D77"
"r3-arm64-on","System.Collections.Specialized.dll","37888","299810F51DF92A2CEA59ABDD8E99E8979B744D06F2871C1D81086DF319A7D596"
"r3-arm64-on","System.Collections.Specialized.xml","121871","F11E2713EFEB9E22C6A7FF4B4288D123FD4E6F7C9237731FAB28D9102A8DED52"
"r3-arm64-on","System.Collections.xml","458955","BFCB5E403B2DF5F09F419CBA46DEF611E22DF17C085CAB9D1B9FB2D7D7CD172E"
"r3-arm64-on","System.ComponentModel.Annotations.dll","98816","2A663898C22FE2DC5CCB677610F72F63C8336DF7E34FB80E71567D31583299BA"
"r3-arm64-on","System.ComponentModel.Annotations.xml","113650","B6487F33963B70E0EB68D7CF1EB51AC71F3E562EF3638BAAFF8FA7C16DA387A2"
"r3-arm64-on","System.ComponentModel.DataAnnotations.dll","6656","155B2B41AB2B0BA969C7ED5F5A7719167BC121AD29700674363E3934A048B4D4"
"r3-arm64-on","System.ComponentModel.dll","6144","62466D2A50FAAE9972E440D5D2D50E500E34DB9866354EBE838A80A0BB6DF503"
"r3-arm64-on","System.ComponentModel.EventBasedAsync.dll","16384","AB950A2910ECB46AE8D3833A634D925F226344C05199503068C577B069DAC221"
"r3-arm64-on","System.ComponentModel.EventBasedAsync.xml","19646","02ADFA65AB856BA7A575868B8DE72BFA33FB6357E1D830F9868D824989CC7623"
"r3-arm64-on","System.ComponentModel.Primitives.dll","32256","EF0E543FF622AF47F73A44CB2AE2D4404A1C483CFD6CBB41D01EB39B1365881F"
"r3-arm64-on","System.ComponentModel.Primitives.xml","79999","06CBEA0F6057CC866390D16AFF6C9CB5321833E782B569EE9B350FFE30E25925"
"r3-arm64-on","System.ComponentModel.TypeConverter.dll","307712","006ADB6E92673C32E62D165B791C369972AA03F45B60115A9713EC44366CC746"
"r3-arm64-on","System.ComponentModel.TypeConverter.xml","790869","CCDD0ABAAFC7E3518DD2CF5B915D66E3039C6C3465B55CF1A49A4130B1009502"
"r3-arm64-on","System.ComponentModel.xml","4003","05914C2A98265E0191D160F7EF57511203AADA87A7DA9BEE91DE8503900F9BA4"
"r3-arm64-on","System.Configuration.dll","9216","AF4CC1A7E54817124C9DB5DED2523475BB66BD166A08AE576DE698904CE49A8C"
"r3-arm64-on","System.Console.dll","87552","294D163D1DC628770189C28C5210A7494E896459F1A00E7F64DA6EC919E75B48"
"r3-arm64-on","System.Console.xml","80114","7EFD6A78D233FFD7EE29BD52C3E8807130A980A6BE83AC8CE346A48AC228E0C5"
"r3-arm64-on","System.Core.dll","12800","B25857F8751502E6938DE329EDF63FAC57DAD4C7A94E5E52E6359025EE0FB45F"
"r3-arm64-on","System.Data.Common.dll","998912","0B7ABC637AECFA97DDB81D8FD2F4A0A939906B86F6FCD6A6F29E60833BF09916"
"r3-arm64-on","System.Data.Common.xml","1440763","13E07E558F15386211E58EB577AB93EDD2DF4F5F497030FA8EFE8E17EEE7CB0C"
"r3-arm64-on","System.Data.DataSetExtensions.dll","5632","C0AF59D25051201FA6D0E4E887BDF5571233C915304A8B30B299FC54E6A5D55A"
"r3-arm64-on","System.Data.dll","14848","937F9D5C6773054B2C6EAED8BBD123D783C8F3CE3875D77A4513B9CED6F98CC0"
"r3-arm64-on","System.Diagnostics.Contracts.dll","6144","795F05F3E8AF566230B7EBC6AD5509C6AC3C96CB38828B28EA273463EFB07441"
"r3-arm64-on","System.Diagnostics.Contracts.xml","27963","61F547D73B704523A08BBAB7438DB9599C038E9274BEB88CE7ED83CB5A920949"
"r3-arm64-on","System.Diagnostics.Debug.dll","5632","99244A53AE45E92B212BB50A5DCBB9A82CC4ABC01B1FC0A57BD90622527ADC1C"
"r3-arm64-on","System.Diagnostics.DiagnosticSource.dll","198656","0A5328AD33B9D5B8738F43DCE4FBF157374330BB8E8F982CBE2B52CD8CEB3CC1"
"r3-arm64-on","System.Diagnostics.DiagnosticSource.xml","181376","4938299E197222ED21BBE7FB548ECC27123B651C3E3BAB633AB71793E34A7D0C"
"r3-arm64-on","System.Diagnostics.EventLog.dll","42496","439DA3649683CD1CA7B07BF99DFC21A5ACFF91CFDC0E4C6D06696EC7F6E5D27A"
"r3-arm64-on","System.Diagnostics.FileVersionInfo.dll","18944","57B59391FE88E72FEDD994E043B3DA47C242F2228E73E6845E39B811CC3EA1D6"
"r3-arm64-on","System.Diagnostics.FileVersionInfo.xml","16024","5A39893C42DF2ED08ED4736D6F419A70775148F9B31EFA7E26F1C51BC172F012"
"r3-arm64-on","System.Diagnostics.Process.dll","156160","055AFDC76145C31ACF0D8C9368589B3ECACD107044C0A3256C9667D4E3F2A395"
"r3-arm64-on","System.Diagnostics.Process.xml","109696","425D5AE9719ED3C87745DF50AD5AF5D7CE9AEBCF453CB72D284DC5FFEA311338"
"r3-arm64-on","System.Diagnostics.StackTrace.dll","15872","8123CDEFF8FF5B86D2ABF0C7E3A36A50725C47DF03423A4F3057BDD4EDC48A3E"
"r3-arm64-on","System.Diagnostics.StackTrace.xml","61179","719F24ADCB4BFDE10267C4E1C35B5B6B9A307502CDE7FACF5F732B2AAA541708"
"r3-arm64-on","System.Diagnostics.TextWriterTraceListener.dll","21504","AA93F74DF670BD0E071F45B645EC8BD113236ECD39AD94DEDF68CBB5C26D7303"
"r3-arm64-on","System.Diagnostics.TextWriterTraceListener.xml","25408","DCB73301E0D2A9B1831847D09CFF1CA39B038035495693A63E2140AD22425E81"
"r3-arm64-on","System.Diagnostics.Tools.dll","5120","BABE2CE7F754C8768F6306E39D69FB5B53B5011DAFB26F79022B854130D7F436"
"r3-arm64-on","System.Diagnostics.TraceSource.dll","48640","171C79F12C6AA074341A81C54485BC7433357416C15D6EFB81F94308AAD8DA90"
"r3-arm64-on","System.Diagnostics.TraceSource.xml","90333","E74001900F1DBBDC381EE2AA1515C7BB9F772741BCDC2A30F49162B121D27793"
"r3-arm64-on","System.Diagnostics.Tracing.dll","6144","1CB53BB1BC69ADA17FA46DFFFF7BEF9E437F95992AF2C83FF8CD98D3DB4D5325"
"r3-arm64-on","System.Diagnostics.Tracing.xml","78743","B4249522DE5A335B48CD23EE47F4521FA258F1983324BFC905211BE18454A679"
"r3-arm64-on","System.dll","39936","D3AB0F5B6CC3674C58006A55396BC1DA68CCDADE0E460285644AD97DB22E712F"
"r3-arm64-on","System.Drawing.dll","10240","06D23312969D467C8A7030B45903C6E0BD099C54A65A427B7048B3CE3A9A9570"
"r3-arm64-on","System.Drawing.Primitives.dll","54784","D8F6F2288649609AEAF6CAC594235EF07FFB21C6E09EAE9286035AC9782478DE"
"r3-arm64-on","System.Drawing.Primitives.xml","174882","C82B05FBCBB984340ECEF1DDB5D303F4A97D3C8E6042AA7EDF56FD68A6AD35FF"
"r3-arm64-on","System.Dynamic.Runtime.dll","6144","464606F19CE19FC9F7D2B3E9BACFB2F4421ACCBC4612AB98C6C7EB13D4EDBC83"
"r3-arm64-on","System.Formats.Asn1.dll","97280","017DD059C3463CA30504A6A26F77673851D8B88AFBBA763A11A8E46C26B21FEC"
"r3-arm64-on","System.Formats.Asn1.xml","310733","500C7ABD4115A58EB12423B1196E468E1EA0FE1A634FB6AB93087A0C3BCB0048"
"r3-arm64-on","System.Formats.Cbor.dll","175104","B0F18482FA22BD1B3AF8C24FB908A43D1B5D4648C740FDDFDB713428D10D213D"
"r3-arm64-on","System.Formats.Tar.dll","97792","4608B7D6D3FB56BC3655A50FB1425611CF756259F98031347DAEDFD78856FE0C"
"r3-arm64-on","System.Formats.Tar.xml","53231","E9E8C8FF29BACAC05349B45381C30A6582A75328A244738839E138DDCA25EB4A"
"r3-arm64-on","System.Globalization.Calendars.dll","5632","4BEE800D8215D5AB20E59FBC166913004E092E26817910476DABEB61ABDF142F"
"r3-arm64-on","System.Globalization.dll","5632","D588F18396FDAD9DEC27E60BD9577D104DC8A88D25B29B9AA7CB287E5ECBEE60"
"r3-arm64-on","System.Globalization.Extensions.dll","5120","9E27E42C70AE9A238225BA1B8A5DE6BFAAEB227B77F2D89ECDE2D21C8E5DD0FF"
"r3-arm64-on","System.IO.Compression.Brotli.dll","28160","9B5322B7722BB14BA7A8C6A90BD234C63376EFEAB842C6A0FB79626D2CB17862"
"r3-arm64-on","System.IO.Compression.Brotli.xml","32597","7B255844182838074F6EFC833B2EBDDE80C547EF9D0AB4C8D739EE3619C9FBAE"
"r3-arm64-on","System.IO.Compression.dll","185856","E566A22B11EB63BCD07B603231A1FB6CAE40F0F561456D333253CF639832945C"
"r3-arm64-on","System.IO.Compression.FileSystem.dll","5120","71D4143B24B3F34C3E7052841EB8E919B9E4FF77FDA7619C5B077788EF66F49C"
"r3-arm64-on","System.IO.Compression.xml","96204","FEE9234763C6607B53496F73165FC1555BED03AD6C85BFE6F43CB351829986EF"
"r3-arm64-on","System.IO.Compression.ZipFile.dll","40960","FE84657B406828146D810D039950D2C49B3ED5351CF9F2DF3DDC93A654297A37"
"r3-arm64-on","System.IO.Compression.ZipFile.xml","142048","83D688A2123E050FF91BA9C7D018773B9E5BF7D4595DF3B3F0419D5CD633D272"
"r3-arm64-on","System.IO.dll","5120","A02778809EF894C111E7410EC43D0A74401CAF2B25F395716FF50FD112B5B0D6"
"r3-arm64-on","System.IO.FileSystem.AccessControl.dll","22016","A2E2911F22BCC27EC12DA8BEB409B0236514B621C7ED6E9753028C0748BFE85C"
"r3-arm64-on","System.IO.FileSystem.AccessControl.xml","65019","F06ED2388699ACC2FDBCAEA198B373BC5043702BC1A788E155D1757D48B33BBC"
"r3-arm64-on","System.IO.FileSystem.dll","5632","8E133B0CD03F9718B42A1F6C6A631F7744D00766CB14F167AC94DD6A738AA471"
"r3-arm64-on","System.IO.FileSystem.DriveInfo.dll","38912","764D9E1D7A63366261D178D1123E4776AF35A022648F53CE7F91C6878933C020"
"r3-arm64-on","System.IO.FileSystem.DriveInfo.xml","9690","D9AA6CEEB09AA5A6A8B859A67B9A713626002DB856EB9CD43C13E64B325D7272"
"r3-arm64-on","System.IO.FileSystem.Primitives.dll","5120","B5E52BB8FF71D84D85E0AF9FE21D3892C664C94ABDF64E3777ECAD0B568669B7"
"r3-arm64-on","System.IO.FileSystem.Watcher.dll","53248","BE94145864CAC7EAA965C330993647FFAE1C3C2989CD475022F5DF1FD0170C20"
"r3-arm64-on","System.IO.FileSystem.Watcher.xml","22664","B5011A042D75579F658BB77EA887CF1092320C0443B2C749FE9D03740FD4C3B4"
"r3-arm64-on","System.IO.IsolatedStorage.dll","33792","4570FBF9F25C59F03E154511D76BE477F8CC7B778CD2CC892A0C16217622DF2A"
"r3-arm64-on","System.IO.IsolatedStorage.xml","91932","E2054E13A23EC290F1716B6F521480406C40926E5E6AE605FA2905FB0223B734"
"r3-arm64-on","System.IO.MemoryMappedFiles.dll","38912","32A200CD652C39FE1B0DA871AB812A44ECE9A2F8F96ED7756FA3D0028BC67B2F"
"r3-arm64-on","System.IO.MemoryMappedFiles.xml","48005","117C9472EB9CC3D737B49C0CFC3B63F967DB43FCADD03F957145B1B3429F98BB"
"r3-arm64-on","System.IO.Pipelines.dll","73728","15B3C513D335BCC49445B51DBB16AEBC71B63091206EFFBAF30A87FF8C26F24B"
"r3-arm64-on","System.IO.Pipelines.xml","41108","286D0C502D68A000453F6BE39347AE6C4CC63F7A2C73B1B941C2E25BE365E9AB"
"r3-arm64-on","System.IO.Pipes.AccessControl.dll","13312","5200F443EB3B0654453166CA2D0BDD8FA03990A607A60BDB31C3C160F80A6D33"
"r3-arm64-on","System.IO.Pipes.AccessControl.xml","23844","10D54A171C29838C613C7C33B76DB9CFF539114FE919F9712FE1954B22629913"
"r3-arm64-on","System.IO.Pipes.dll","56320","F0A4C7DB4F02FC6B00F7D47E6393D02C71518802EFB92A91217FF2B027700590"
"r3-arm64-on","System.IO.Pipes.xml","92651","758A3F29D0199E0F02361ACB33B37C149378E8989F57067B7A9714FA5A119985"
"r3-arm64-on","System.IO.UnmanagedMemoryStream.dll","5120","F01117973D89C7093B12B21A12B44B3E6510B34292F4ED7A20068BFEAB1E8099"
"r3-arm64-on","System.Linq.AsyncEnumerable.dll","504320","130F12EF22D9881394E0C793FE2C9E99E439ACB995C780A259E26EF9F533DB6D"
"r3-arm64-on","System.Linq.AsyncEnumerable.xml","319347","CC58175820D25C200D4EA0C321093A9F1BFB44D4BAA532374450CF28E6DAA621"
"r3-arm64-on","System.Linq.dll","202752","587E14814527E0D9B9F3A8DD540D0284835E383378A2DB90E3D6FC49348A9994"
"r3-arm64-on","System.Linq.Expressions.dll","565760","16573E3799B71D30236E36283577A1B3AE61A9BA221F7D4CB257F2EB27BA63F8"
"r3-arm64-on","System.Linq.Expressions.xml","684199","1DE17B9BE915FDED08AFCB580047C0C824E0570D9967BB9C328B14370B7561B4"
"r3-arm64-on","System.Linq.Parallel.dll","215040","290B8CC539E7F5B979C6B2AC366EDA0FF2094F2F6BF1B1818D83BC030F21ABB9"
"r3-arm64-on","System.Linq.Parallel.xml","270782","749602953CAB79AC24ED01D5429933BD3F649DB782B558FE588C7532463D62CD"
"r3-arm64-on","System.Linq.Queryable.dll","71680","79EDAE7C322568BC69362610CCBD049F7FCC3F9F9258793273739DD2C99EABB4"
"r3-arm64-on","System.Linq.Queryable.xml","180185","DC3BFEE67442FBA05E99A314C9A8B7E44F6EF3CE46C9761495849034F50DF899"
"r3-arm64-on","System.Linq.xml","233275","22509117A4330EBED493689111EC4276AEB1E8C25303ACF6A377646975015C28"
"r3-arm64-on","System.Memory.dll","49664","C3F756153D33739F14DFCFED2C69AFB2F4AC4C47682BC8A0E7509EC99A3F3176"
"r3-arm64-on","System.Memory.xml","381205","2B641B64EB0DCD9AF499FE302EEC00BE26D103FEE66B821620428827FF16FE72"
"r3-arm64-on","System.Net.dll","6656","3A020341F36C690A744BAD56A918D0E6AD97A49E93075E38C25B10FB79484249"
"r3-arm64-on","System.Net.Http.dll","574464","4B05F0759FE6687BF340DAEC6A9880A8DAA8A143F2BEC84E12F8243A67133FE3"
"r3-arm64-on","System.Net.Http.Json.dll","46080","F2AF56B7D6B7D20634A3C91D515D65C725C4FD8EC52315F878A5FDEF9B703CED"
"r3-arm64-on","System.Net.Http.Json.xml","71073","070988161138D7A186D086D3E660BAB24CC231F5F3E96B7A309C2A791D32680A"
"r3-arm64-on","System.Net.Http.xml","346625","9223B9DC2BF47D1DCBACDE42B355F075B2E3F5FEF8E927EC0789FD3238355799"
"r3-arm64-on","System.Net.HttpListener.dll","119296","091E67F0DF4746826F3BEB29CB855AC327C34625F6310D32CBF48C76091A8152"
"r3-arm64-on","System.Net.HttpListener.xml","64620","BB4C642CF06210AB81BECF867B537CE4E496FFED778ED57D1FF8DB01F1CB89E8"
"r3-arm64-on","System.Net.Mail.dll","169984","024DE4B0CC5B4F44C62E04942652B261CBA23E37C706EC919D95A9369E5F35FB"
"r3-arm64-on","System.Net.Mail.xml","135871","CEB8EF1EB073DFE7946D4DCA52F14723073830FBB96E8561AABEB3DB5E66D3AA"
"r3-arm64-on","System.Net.NameResolution.dll","61440","B9A9D754B8CF3B2FFC17234BB1A25A019CFD2853EA6F3E5EBFAE8A64A28C3A82"
"r3-arm64-on","System.Net.NameResolution.xml","26150","903462EFF8EAFCB2470E983870AE874691B031DC2DA0E95696BCD89C92F296AF"
"r3-arm64-on","System.Net.NetworkInformation.dll","80896","DA840ABD33D1DA5ED3A5FD3D197E9D825966A2CFD4127E829C6E8B9A18330DBE"
"r3-arm64-on","System.Net.NetworkInformation.xml","142724","8F1FBA3A0FF2C564B1C856F51392EBA46E9D5D7CF87C5FC44C05E177959625E3"
"r3-arm64-on","System.Net.Ping.dll","41984","31462B0DED09E0A275B01C9BAC0B27C6D1B86AB6DE76179D5FA32E3885D2AC65"
"r3-arm64-on","System.Net.Ping.xml","76887","1002A3EC0D5FE8EEBCC1C6ECE0D4CF33D4DFB744F1EDD99A26A94BD5C92A016A"
"r3-arm64-on","System.Net.Primitives.dll","101376","1949171E6F56395E21DFE5C401CA6B0666BF1DE4644F66CC921531C049B30F79"
"r3-arm64-on","System.Net.Primitives.xml","177211","02C0D5754D205C6E4847E9BFEF18019A164ABF95FF64E5998FFCD0E6945CF18D"
"r3-arm64-on","System.Net.Quic.dll","154624","101A1E52AC198BE173F13172E0E7C151366984334208682119D74CBCE0D3B967"
"r3-arm64-on","System.Net.Quic.xml","41079","9CF311E280E74FBCE4DF026BC82EC932A8D6F5BA3E0ACC5E39CEC5B0133FA82B"
"r3-arm64-on","System.Net.Requests.dll","145408","5F74FFC35688CEBAA38763F71A21528E5D64FCDBEDE33384A6CE32565F0D1DDF"
"r3-arm64-on","System.Net.Requests.xml","198738","8F5E670561DD3D8EA659A2359B3B59BE0833799D904DF6C55C5AE699F33D98FB"
"r3-arm64-on","System.Net.Security.dll","357888","DB0780618BEC548C4B483A94641A985B667A2FB60D740F1BE812780EEAB6AE3D"
"r3-arm64-on","System.Net.Security.xml","306155","760F0BBCF3EFCD3B337011BDC6F8953B5745CA4D300B873FB2F88C619B70EB44"
"r3-arm64-on","System.Net.ServerSentEvents.dll","31744","536A9717EC2E52AD4FAD33BDF47743D55162080C9A1DD85A94808E36814863DD"
"r3-arm64-on","System.Net.ServerSentEvents.xml","17759","ADB739A2B47D5595AC971B00EC5802D17BEB80DD28816605DA61133D1BF625FF"
"r3-arm64-on","System.Net.ServicePoint.dll","5120","3F13A714895DA1407636E18449AC10873C011CEA77CB47A0A1ABE0D0CB417766"
"r3-arm64-on","System.Net.Sockets.dll","222208","D35F7B16AB2BE9A1B47389F73E5F94709648187303190B3FB65B507E85745FD5"
"r3-arm64-on","System.Net.Sockets.xml","496478","46C56CD22FA6DAB3B455EDB3F183C869910F66087405EF8C42BFD4D636F47174"
"r3-arm64-on","System.Net.WebClient.dll","59904","7160F09522699A2F1CAE125EE64A9812A25AE2D3B49F4E9D651909350F61FE68"
"r3-arm64-on","System.Net.WebClient.xml","116592","BAA84F5ECE0FDB0182F4BFE73469A30F4A895209895DE327D1C7C6617AC335BE"
"r3-arm64-on","System.Net.WebHeaderCollection.dll","23040","4918308DA9E2E364A078F26FE6840DCB30B13915588D35693828D7177971D617"
"r3-arm64-on","System.Net.WebHeaderCollection.xml","34669","3821F853FBEFC5D8343E25B6D757C21B68C59D319F4B51929BB0F3C344736D64"
"r3-arm64-on","System.Net.WebProxy.dll","13824","0E59D2151A9FEA105A89D21941DE30345E259EF36EC9B9E9EBBA74F9D90DB60D"
"r3-arm64-on","System.Net.WebProxy.xml","18329","ACE6C272FC590F5A155F6FCD6821B835B2ECDF90D49FF588528BEFF1B2652A28"
"r3-arm64-on","System.Net.WebSockets.Client.dll","39424","6D7F48A75582043B09F510090648FB1F82133456AAD87C82C9F68EBA45610ECB"
"r3-arm64-on","System.Net.WebSockets.Client.xml","18390","871746486454DAF125812F038071A9B78024E4855105C07028EC26708F4DEE52"
"r3-arm64-on","System.Net.WebSockets.dll","89088","3AD0E4932B39C5B413500B22F77C3BF0483092E0C9BAB4CDFF51FFF2950862AD"
"r3-arm64-on","System.Net.WebSockets.xml","59977","3467926895C207DBFC9B7947527AB113CA6C13802DB61ADC8BD73019FB7A5E35"
"r3-arm64-on","System.Numerics.dll","5120","197BA2D467B353A9696E20ADD9E67128677CF548823093C5C36495A9C4C28E96"
"r3-arm64-on","System.Numerics.Vectors.dll","6144","4164906ADFAFAE3B41F4198CC975B7989705AA870D0658B8CAB477C8EFA1527A"
"r3-arm64-on","System.Numerics.Vectors.xml","425515","15C97ACBB2DF26037AC4BCDD80FD05F3B5BCE6F46FDC95EFDF5E8FBE6535E874"
"r3-arm64-on","System.ObjectModel.dll","31232","BC0DC7EAE71FDE9DDA5B0293C86BFE0CD5CA01078F2878466335C9A97DA11836"
"r3-arm64-on","System.ObjectModel.xml","46918","99E5DCD740CF87AC3E40BEE23CB03CB644506D7A203C1E46228695EFB3758B8D"
"r3-arm64-on","System.Private.CoreLib.dll","18917376","3B7FDBAD257B29BED352ADDCE1F724D89FDCCAE75FC3E2C1E47F7B1BA471351B"
"r3-arm64-on","System.Private.DataContractSerialization.dll","837120","46ED76A6D26A4BB8965D7F472CB5E5D64F418E148349557453FD5779BBA504C1"
"r3-arm64-on","System.Private.DataContractSerialization.xml","133873","ABF9A9862335F39CAD71BA94DD310EE0AB808D6068560739D02E3ED96025F364"
"r3-arm64-on","System.Private.Uri.dll","93184","189234B6A10F247F391AD7BBCA1ED6C436C503D44BDFCAED456FDD212B90CA1A"
"r3-arm64-on","System.Private.Uri.xml","21110","4B3FF3010755337B82B544A45EC0511C1721F6B9F9F8198E09DAE1F30835B602"
"r3-arm64-on","System.Private.Xml.dll","2844672","03E398AA17FE6320356975A6EF49C44A92647366CB98B67100AF360418BF0B27"
"r3-arm64-on","System.Private.Xml.Linq.dll","123904","6F4384152B4C7EC7122613C09FAC5FE36994CBDB517ACC53B2275DBC86F75540"
"r3-arm64-on","System.Private.Xml.Linq.xml","249795","6867A8B63F473D459F5B7F709B08490BB8A2A157EB7B753241C9A67624692353"
"r3-arm64-on","System.Private.Xml.xml","838446","712FCB2010599107C1A2A8A22997A3E913A8DAB5A7D06EC732C84413D4754E8F"
"r3-arm64-on","System.Reflection.DispatchProxy.dll","28160","4C85D8DBC888BD5BA7058BCD6F32820E08C4224214FDDEEEA43AA2D329F1308B"
"r3-arm64-on","System.Reflection.DispatchProxy.xml","5119","0AA9646013D859BCF7215CCA7B95575E2B7CA339424CE3BEFAB39BF1732E68EC"
"r3-arm64-on","System.Reflection.dll","6144","7EF204D9D12D6B08FD1FB82262662BB5ABFD349EB9BB0AC7CF897E53033E6CF5"
"r3-arm64-on","System.Reflection.Emit.dll","124416","794450370C2B7D773612795B3B2C9056F7660A2F08572ED56F5067A02C04B527"
"r3-arm64-on","System.Reflection.Emit.ILGeneration.dll","5632","1750F5791F5518AFBEBC122013E06AE4EA7D266FC9ECD4BEF3974E5478E5E82E"
"r3-arm64-on","System.Reflection.Emit.ILGeneration.xml","62681","93DEA1853E3CDCA95DDB06E391914E8C98C6262EB8FAE036FCBE21997FF11578"
"r3-arm64-on","System.Reflection.Emit.Lightweight.dll","5632","0D032CD6537D9A33BB4BF0A9E8F555EBC8BC2E424C9BE4B73C0E5A06AB8B9465"
"r3-arm64-on","System.Reflection.Emit.Lightweight.xml","42507","9E5BFA12B4AADB8693DB8CFBF4EA24C2996AD25878929C124B2DAB0CCB4031F8"
"r3-arm64-on","System.Reflection.Emit.xml","367224","4DD82B9F80A689991B99390F8E19D4B3623FBA473141D64F41F0A43B3627CB61"
"r3-arm64-on","System.Reflection.Extensions.dll","5120","1423786A1D80AFCFEC76BA2AED9B82F366D4BA4BC2D17DC12F0B2496B4D64071"
"r3-arm64-on","System.Reflection.Metadata.dll","494080","21D7B4B937D6CA543C56DBE230DE9AA2AE1F7D7C61EDF0391000E3E055C58905"
"r3-arm64-on","System.Reflection.Metadata.xml","674415","70A05B8BD993FC92CC6C0EC9DB623BCD82009806773C559EC5506CB3CFDFCFA8"
"r3-arm64-on","System.Reflection.Primitives.dll","5632","2584ABDFB4A527E2EBE2470999541F7EFABCDF1501320308C1516D2D9F50230C"
"r3-arm64-on","System.Reflection.Primitives.xml","69057","DE04BE9D60B83D1F8A863972A9A93ED1BC7EB70CAE902122FADA223EED159B12"
"r3-arm64-on","System.Reflection.TypeExtensions.dll","14336","DF25349E2994A126958DDB78F9316A08F7D7D9B99D094654F14C4D0EBE0FFF6B"
"r3-arm64-on","System.Reflection.TypeExtensions.xml","10599","F478ECFBC025108225AA90703A0CE9D34AAFB992CB1A384FC1667F1263A3BA53"
"r3-arm64-on","System.Resources.Reader.dll","5120","39ABF5555CE79989AED9CB3F40F55922519AD321065B5E10A7EFC10AEFC4A80E"
"r3-arm64-on","System.Resources.ResourceManager.dll","5632","AAFF6D4A111C75AE92AF306898B58714CC49DC310A72E6EC9007A70A76B9B288"
"r3-arm64-on","System.Resources.Writer.dll","16384","FBDF839BC19A914C2BD014434B6693D6D430EAA6E18F926B2BA586F437976056"
"r3-arm64-on","System.Resources.Writer.xml","11657","48EBB24760B6F97446CE634F065E0B715638E71D6AEDEDB4450BEEE5D0E394A8"
"r3-arm64-on","System.Runtime.CompilerServices.Unsafe.dll","5120","A4236E1178B4815991B74C81D45C64FC3ECC00E8DFDD9D8FF8710B49F718864E"
"r3-arm64-on","System.Runtime.CompilerServices.VisualC.dll","7168","959104015882BF0A838185A8A4CD750A6631A8B298D89CC661A6B4394BD6BA60"
"r3-arm64-on","System.Runtime.CompilerServices.VisualC.xml","5680","151608EE0478149CEAB63A53FCF97FC2A43EB54764E47AA2274E7820260E555D"
"r3-arm64-on","System.Runtime.dll","35840","E7231877715325C96F43DC2B9A33418D54A7B886D2AFC846162E5A984989D633"
"r3-arm64-on","System.Runtime.Extensions.dll","7680","629E96A14185DDC8655F36000728F4D4A22E87D0A31341BEC1DFB786AD8E701D"
"r3-arm64-on","System.Runtime.Handles.dll","5120","034B43B6931F08104D98DACB30B5F0AF0FE4E49B085F29F6C4007FCF61D8B732"
"r3-arm64-on","System.Runtime.InteropServices.dll","54272","CBDDAA2B35792193429E8DCEE0CA3D0E6FFEEBA6E4E68D11992FD85FED634456"
"r3-arm64-on","System.Runtime.InteropServices.JavaScript.dll","28160","88E4D4DC91FCC2758CFF20D28FDBB6A61EE927DFB177366A16D1BD8052902A57"
"r3-arm64-on","System.Runtime.InteropServices.JavaScript.xml","17849","B770AD96806E0D27979E0AB1D536246BD46D0AA896524EA83E557C6C72B7CF05"
"r3-arm64-on","System.Runtime.InteropServices.RuntimeInformation.dll","5120","7A67612279EEDD2A19F261D1EAD39CE9B0FCC6A19ED0132C60AEF2156E756176"
"r3-arm64-on","System.Runtime.InteropServices.xml","717459","F790C90EC98DC12421B2F3B5419F26A0DCAD50C145D066F5B7DBD8F76D9F3DA2"
"r3-arm64-on","System.Runtime.Intrinsics.dll","8704","BE8F76B36E01EE02FC0F02946A173F569B8BB9E76C1691F6A74176A052F10DBD"
"r3-arm64-on","System.Runtime.Intrinsics.xml","4719531","98A4EF05430C2A18BB2DA316D081D98BED0B63E8646024B2F3FC074EC803F538"
"r3-arm64-on","System.Runtime.Loader.dll","5632","488F08E0492656D4D19B10A9C59565568112786506B8ED39340972CD4529B73E"
"r3-arm64-on","System.Runtime.Loader.xml","23047","1BBEE7EAE1304C3FB086883B8372C0159C25FA952172F0793647F6E28B8229FB"
"r3-arm64-on","System.Runtime.Numerics.dll","176640","748CCC43FBC77D44306774DF35D47614B1807F0B078A352CF0A388216F55AB75"
"r3-arm64-on","System.Runtime.Numerics.xml","174198","9F44524F953893FCC8E743FAF0114D572B536FD3D9617A6D5D0910678CAC1FAA"
"r3-arm64-on","System.Runtime.Serialization.dll","6656","2C64E70B40B7A23FBAC8CDAE2F1A942EC2E6E67E23B53B4015B3A460CB02E75F"
"r3-arm64-on","System.Runtime.Serialization.Formatters.dll","55808","C486EB79270D1CFF1295D48C700BF42607C7BCAB0E8D21B0870143D128F6A0CA"
"r3-arm64-on","System.Runtime.Serialization.Formatters.xml","68932","781440B3EC71334FC02A2A35DEE97757BD9164C18795F10862EE9CB9ABCFAFF6"
"r3-arm64-on","System.Runtime.Serialization.Json.dll","5632","D5FADA58514B5CD6A1E4D684AE5A8204DB3A68D58411AF8FD63B798646EC55E0"
"r3-arm64-on","System.Runtime.Serialization.Json.xml","40889","B9559342C00136FCF56AAF77090466FE742DEDFE742173AAB2A9C6C3CEAD6D51"
"r3-arm64-on","System.Runtime.Serialization.Primitives.dll","13312","5509174B0FE12D22F4EE78773598E29166CD845DB94959CD128788C350422D63"
"r3-arm64-on","System.Runtime.Serialization.Primitives.xml","21598","7E5C5CD9C6786D4CFDC74A6F7BD13AD84664F14FA400971C320BE6F959679B08"
"r3-arm64-on","System.Runtime.Serialization.Xml.dll","6656","684357C0E7BB5FA81EDA536D3481269A31EE8391D55BB6A6E0E60DECFA429ED9"
"r3-arm64-on","System.Runtime.Serialization.Xml.xml","223076","CD7F37B8415ACB2E780A373E83F8609DD524139471A974D267CC6124349B27E1"
"r3-arm64-on","System.Runtime.xml","7651301","A6708171773D23000BF45673B97CF0DAAA8D34566C6581DF6833C3A4A14D411A"
"r3-arm64-on","System.Security.AccessControl.dll","47616","8F7FE38BB5C63C85F29AB21C68B775E7901E9CEC32A91EF76424823E145EFF0D"
"r3-arm64-on","System.Security.AccessControl.xml","231410","AA2D7D459FFDE379F3D04CECDE2D24DC31B0FFC822604EC2F49601ABDD4DC23C"
"r3-arm64-on","System.Security.Claims.dll","44544","854F35A67A5FE7F2C7488FCCE86274B5BD084EC845D56A48E69111C6447ECC4A"
"r3-arm64-on","System.Security.Claims.xml","69298","7691AE8E47F3BD890DF0836A8A6A958B60A7A517DB7432B8490866A0A30B3927"
"r3-arm64-on","System.Security.Cryptography.Algorithms.dll","7168","26FA38FAC01F50DD9D7AFFDD71EA719A9D49FAD0832C6A433DDBE27A1C7A9E97"
"r3-arm64-on","System.Security.Cryptography.Cng.dll","6144","60A96422BA6566F3B7F4259486E7BE9C49E2E471A3A178081B07075DDB5CC9D6"
"r3-arm64-on","System.Security.Cryptography.Csp.dll","5632","CA4171EDB0D940CA385B551CAFD4E8F0301C57BA700BB34CC9AB1144B619CD95"
"r3-arm64-on","System.Security.Cryptography.dll","1052672","32207AEB90663D1361791D5F7BD60BF72231E33D9CAAC40FC66FB05E1ABD97E5"
"r3-arm64-on","System.Security.Cryptography.Encoding.dll","5632","BB853D9C99D1A5C03A86357AC878123D52A331388F805F0113F7EF901F9091C8"
"r3-arm64-on","System.Security.Cryptography.OpenSsl.dll","5632","87B8BA0FEE7A9080F53B62F80DC7299831C954137921B9EFD5C3A5A340FE9865"
"r3-arm64-on","System.Security.Cryptography.Pkcs.dll","715264","BA7E920DC8AD175F2581DFCD158F9744ACA987891C504B12C84BA704B4532018"
"r3-arm64-on","System.Security.Cryptography.Primitives.dll","5632","41E1A5DA1527F07720C058B3101BEF2442DA802B2E5559EA8745CA633EA27D80"
"r3-arm64-on","System.Security.Cryptography.X509Certificates.dll","6656","9E21609929A49A945C10C1C7F2E55F14A490B7EA287ABD0EEB73DE1D6022EDE1"
"r3-arm64-on","System.Security.Cryptography.xml","1959515","D5BD5FFBD61E6EB370D89E06721EF3F3029E2E2D75A8E4FCB45DB66B1157078D"
"r3-arm64-on","System.Security.Cryptography.Xml.dll","499200","DC673BDA133775B8A010314A13D54B1EFAE1E0006C18AA5BD3106609D490DED6"
"r3-arm64-on","System.Security.dll","8192","474C6E63CBD1095BA519C68DE9CC0EC519D248F8282BB66FC9B000CBFBCECEB1"
"r3-arm64-on","System.Security.Principal.dll","5120","20AD1368ACFE02E7769C477C00B8E33FF036BB3C5D32706C72BAD4CE3C5757C5"
"r3-arm64-on","System.Security.Principal.Windows.dll","27648","68E8782B83D331CC0B5197A40024CAF21290D2A702C2950DDDAFE520619B8895"
"r3-arm64-on","System.Security.Principal.Windows.xml","91022","FD8D26D4DD73481A0BE08A89C4986B7AF80C050C8D493C1D7D9708FC64C398FA"
"r3-arm64-on","System.Security.SecureString.dll","5120","EDAF93DCA7EF7CDAB9C5FD885BFA6AF5B128A0BFAC94D0C23492E97F99FB66D0"
"r3-arm64-on","System.ServiceModel.Web.dll","6656","E8818F1E95878C4F9C4AC33BD5485D1FD5ABFD45F0FDC03731548766EA1CAE92"
"r3-arm64-on","System.ServiceProcess.dll","5632","A0E6E1F8EFBC5AD69FFB95813DC7517F30E65538DA55CF299861D05C33E79829"
"r3-arm64-on","System.Text.Encoding.CodePages.dll","732160","BEDB023B090D6DE302F7DE55A8C1C82C754302DC5659C5F84DED02F267BED5B4"
"r3-arm64-on","System.Text.Encoding.CodePages.xml","2077","C9352B14FBD3CFC80D8CB467E635A5324D903A7056C779856A2C9C846E3DB13B"
"r3-arm64-on","System.Text.Encoding.dll","5632","7BF7938F78CCFD64200FB30D54952DDE1AF4694AFD4B67DE17203619EF1EE7C0"
"r3-arm64-on","System.Text.Encoding.Extensions.dll","5632","7A16E5923F3887A548D62A0A3C8E58D1C5619A94E1887AA6CC4281452223EEA0"
"r3-arm64-on","System.Text.Encoding.Extensions.xml","120315","AC7FF9A4705EB4A04B00A9129A7CB36C9AE0EC2382780DF7BE4CAE5FC2F94538"
"r3-arm64-on","System.Text.Encodings.Web.dll","56320","E003F1BCE4132C9C447273B22BE568995F55DD53F488D7405FBD997E5A926FCB"
"r3-arm64-on","System.Text.Encodings.Web.xml","63180","1E5AB354F4AB73CDFACFE347FADFED7399E7B7733C6B0C35A875B0B1A9486FD9"
"r3-arm64-on","System.Text.Json.dll","715264","CEF9BE095E35BD1461A614E741128124F4E184321502D963932800AF71BC0F3E"
"r3-arm64-on","System.Text.Json.xml","599660","63342E258274D49EA205580A1F9D526AC41189B8E741314C625A6989CF350BDE"
"r3-arm64-on","System.Text.RegularExpressions.dll","385024","B89D22AAF4961808D836AD1FCCFC9E5BE1A6DC61C7F774011BEC5BC71B8973F2"
"r3-arm64-on","System.Text.RegularExpressions.xml","681150","25F88633B40FB85B917764E4C81050C4E191EC2F1A5B04A86E8E6BFBC2A62CBE"
"r3-arm64-on","System.Threading.AccessControl.dll","23040","C90D3D3325F01E657037614058ED5C7FE08618B8BBDF21D89837C959DA1B0BB7"
"r3-arm64-on","System.Threading.AccessControl.xml","92495","DF56F567ED4C5349A89AF8C727AAD9FA8DFEF8F75EF2875C6F9F4DEDDB1D4510"
"r3-arm64-on","System.Threading.Channels.dll","56320","F506E42EAE65D476A8A02C55DFD802D9DD90403680FD7703C4AB34E42646020A"
"r3-arm64-on","System.Threading.Channels.xml","21430","17C37B99B1FD8763806C183FEFEC1E753487FC14C7C2D28B1012F8FDA831086A"
"r3-arm64-on","System.Threading.dll","34816","B01909666CDE9F356673034DD72C159C2408A6E0D4E481AB2AC4E31199D21E79"
"r3-arm64-on","System.Threading.Overlapped.dll","5632","76E001E4B863107CDF8F3AEE5294D56ECA3B311F9773D65C9EF3BC3E4740BD85"
"r3-arm64-on","System.Threading.Overlapped.xml","22818","31F3A826BD7DF74A6450DA87076B152E991A67C9B109895FD4F9D6CAEEC561F8"
"r3-arm64-on","System.Threading.RateLimiting.dll","174080","908E64085919895A12FC4D9575783D222C8DF73C5015F3C02590B975CC5BD66F"
"r3-arm64-on","System.Threading.Tasks.Dataflow.dll","176128","333DA74EC8F8E8781E0F20606BD023DD1E0173F6629A55BC74C284BA593A2D30"
"r3-arm64-on","System.Threading.Tasks.Dataflow.xml","202749","548FC3272B0788BE8FE1B245B9CD3480671F310D9E8D3BB6836C423931802A07"
"r3-arm64-on","System.Threading.Tasks.dll","6656","BE7AE8DEC2EC1B0F4B15FF56F04E67131A7CDEF7A4837D3AA970D48C94BF88AF"
"r3-arm64-on","System.Threading.Tasks.Extensions.dll","5632","87B0018726A172B93EF7EFFED4AA7C38797F5D4413F5DC62C222EE0892A17988"
"r3-arm64-on","System.Threading.Tasks.Parallel.dll","48128","D000715C022D5774BD3BA03634BAE8DD5C9FDFE2B1E4B4148752EC96E032943E"
"r3-arm64-on","System.Threading.Tasks.Parallel.xml","75131","74D003938F6307153E1C94063D402BE1962CEC44F3DA05D9056A9D9B0F9A2E86"
"r3-arm64-on","System.Threading.Thread.dll","5632","0BA93CB980C8E0D457B612D3A511652EAF5301499029C255CECF5752A3C7DA6F"
"r3-arm64-on","System.Threading.Thread.xml","58913","B8B4305D35285F0EADAD5C2E3D614F2A71D4484B05D0A6B51172CADB46B587C4"
"r3-arm64-on","System.Threading.ThreadPool.dll","5632","F290C7E613C9829D6B57AF51C5CF26E5C09F1CF81B59B97A9970DD8375EB6C66"
"r3-arm64-on","System.Threading.ThreadPool.xml","29900","2C9FAEE415DE6B96F33BF98B6C9A760825FE268C7748C8743AFAC0A51D123FFA"
"r3-arm64-on","System.Threading.Timer.dll","5120","32CCB39215F6AD672E2154A191984AC00AE031C37BCDCF803C1B0F872A9D055A"
"r3-arm64-on","System.Threading.xml","299902","80E8C637A8C376C09A567A7E273AFEAB4E7D69E87A16EEE6F25A52D3BB78AF73"
"r3-arm64-on","System.Transactions.dll","6656","1E82B5E9DB89AC622F1F7BCB23E0FE89E3309047434A595000863545634F5DBC"
"r3-arm64-on","System.Transactions.Local.dll","164864","ABCAC109458A8B98482EAAEDE5BD43853CC3E1ECBC5645BDA3739640DB63930D"
"r3-arm64-on","System.Transactions.Local.xml","77920","165C45B1AC2B6EA668633D1F38483D0A8801FAD23BD97CED3B651FD7B21F47DD"
"r3-arm64-on","System.ValueTuple.dll","5632","F1D9048B5B862F30E61EBE2079F3E8CB6B6B36894E5AA1B8006E02CFA0F2037C"
"r3-arm64-on","System.Web.dll","4608","D8F4AB798872C8A48C83C82F6508F28A7921B40342492B5950583F3F689928DF"
"r3-arm64-on","System.Web.HttpUtility.dll","19968","ACCDE8EE264E7B16C032E96B9BD5736D8AAC7421A0ACB1E95CE3DAD1BDBAFC4C"
"r3-arm64-on","System.Web.HttpUtility.xml","14645","797835159C86A4CCF7047B208983D4469867FA60809A4EB12FEB2D6387A08B14"
"r3-arm64-on","System.Windows.dll","5632","3087190A907B59392E698AF8C03FF2633073276AB21C2392D6601697CC69E4DE"
"r3-arm64-on","System.Xml.dll","12800","9EAD9232D05DD0896977337C8D8C15B61F1AA573337EE00756E9AD6C46076442"
"r3-arm64-on","System.Xml.Linq.dll","5632","860C6C946C8BEFCADBF35323FE910A6500D1FC3B3DDCA22815676C20A42E893C"
"r3-arm64-on","System.Xml.ReaderWriter.dll","11776","28EB06EACB5B350973BDCD5E66C900510180C0D05DBA13A1F6B874E896F6D569"
"r3-arm64-on","System.Xml.ReaderWriter.xml","1092355","3D2F7F25BE1B2D175B8BB37B428D15ADCE9455408DC7C5982455C754FD1066E9"
"r3-arm64-on","System.Xml.Serialization.dll","6144","798DD71A2FDF7A9FDC4C8B24152B0939992BE897E063DB98C9F3DC21A4147293"
"r3-arm64-on","System.Xml.XDocument.dll","5632","D954DE1E2019E7151CCB7BC4821355FE2066834320D41D43D17571ED3339276F"
"r3-arm64-on","System.Xml.XDocument.xml","188008","41153E3F07D0370AAC54404E7ED4F7B0E31FF5671A39018554C0F1DAD469CB7B"
"r3-arm64-on","System.Xml.XmlDocument.dll","5632","8DCBF46AF458EFA22C4F18BC5AFDBFADEFA4670CEEB4CE41EB0CF1C02E9A1C4F"
"r3-arm64-on","System.Xml.XmlSerializer.dll","7680","C3DA03B17AB00D181AA99EE733C4E35F66763C9A1C3431B40A68E20EBD4A75FF"
"r3-arm64-on","System.Xml.XmlSerializer.xml","265080","7729C9D65973E61491CFDC7D6A08724A1BFF7774EF3342E0904BD1577BAE31F1"
"r3-arm64-on","System.Xml.XPath.dll","5632","9A353BA896C63E0B89CAE773945C98E01C08200C6D633C9E21AC4F06EFF4A7DB"
"r3-arm64-on","System.Xml.XPath.XDocument.dll","5632","AC945A912346ED8E04D98C193367CDEAA7B996321056E0D4754865E89DF0E6FD"
"r3-arm64-on","System.Xml.XPath.XDocument.xml","6570","32C8F5D9205424080D010B2E87D8B0166EF68E63CD963BBDBACD626F3901D6E3"
"r3-arm64-on","System.Xml.XPath.xml","8348","7CDD0F0366082EAC989E89D95D5A0C3C38A9C7A00E67CB2836C65394F93A58F2"
"r3-arm64-on","WindowsBase.dll","5632","D0B2199531080AEF39404DC33F88FE1856D26FCAE1CE4A5B865041B407ECFBC6"
"r3-arm64-rton","corerun","854552","B295B6A2788AAA462CC8333930F0CBDBE2A93F0B32B025E006A088ABEEFB51B4"
"r3-arm64-rton","createdump","97408","971F28ED71DAB2688CD35013D0125ED8210412F51AB4966F0E33DC278A1577E6"
"r3-arm64-rton","libclrgc.so","696328","B846CE44D7A6432AB754726B16CA82062B349652A05D6E3D3901AD6D28A3A11B"
"r3-arm64-rton","libclrgcexp.so","748512","54608498D4F53730840D9CBD00D66D4FE52D4C6FB1D1BED279229A4C4E0B3EDB"
"r3-arm64-rton","libclrjit.so","3592456","2853ED31C7847538BF00E4769B2E3CE8804758AEEE2C2687009B97C0B3FDDBB7"
"r3-arm64-rton","libcoreclr.so","5309920","6206CFDFBA3710E598458DDFD808EBA48E6ACF59FF019703BBB3ED0EA0E6FAC4"
"r3-arm64-rton","libcoreclrtraceptprovider.so","528256","C8090E468952A9E9EAB2BD12D40FCCF4431B64388C8E247071938B4D2FC8BFF5"
"r3-arm64-rton","libhostfxr.so","303872","3AE379CCE0C73C4BAF3563BC70CC54E39889E2B73FE785973895CE1E80BDB909"
"r3-arm64-rton","libhostpolicy.so","290224","2DBE06189EA19BDF1DDE65A8CD28E221CEBA9BDE82714493ECAE65B03BAA1FD2"
"r3-arm64-rton","libmscordaccore.so","1725152","640A509F5D675ECF46E81966B757FD2A3A16D0FB070F7DE21C137BE11FC2A6B7"
"r3-arm64-rton","libmscordbi.so","1291960","089A911478A607723D87424982ADA049BA517CFCD9D0FFF27E4D7CBD1D6BAEA8"
"r3-arm64-rton","libSystem.Globalization.Native.so","64968","94BBA7F44AC5FABCEB5CE977B4CF481162F996C4E3BA1A41B8161649F194E441"
"r3-arm64-rton","libSystem.IO.Compression.Native.so","1369472","2B5B8AA67CBF29735A4B91795A4B3BAC106F2B6B6D854DDF718B1C0EC4C5796C"
"r3-arm64-rton","libSystem.IO.Ports.Native.so","14664","2D41308A8321559E34883DE53782EEE1369CA225A2E038084B88979F0A1BECC5"
"r3-arm64-rton","libSystem.Native.so","103896","3F9E3DB4B8311227CE6EAD190ADFFB19737EDF8A1D6664044C8370344A518270"
"r3-arm64-rton","libSystem.Net.Security.Native.so","15432","467A79E20A9D61E6F4246E9E5632A6BCD6E68913E37F214A34730587FF819809"
"r3-arm64-rton","libSystem.Security.Cryptography.Native.OpenSsl.so","240640","BE478F36450FF720455FA6DC6A4FDDCCADC267A210BC88948EC0BE1BE1294B7C"
"r3-arm64-rton","Microsoft.AspNetCore.Antiforgery.dll","133632","903694EAD4EE9EA7159807FF3C9A55B845195F2909482F55352906157FD0ABB5"
"r3-arm64-rton","Microsoft.AspNetCore.App.deps.json","21256","1FE5F1AE638EBC79856624EE52433C3FFCE0D12233078EA9E43B04D1C81DC47A"
"r3-arm64-rton","Microsoft.AspNetCore.App.runtimeconfig.json","190","D8519405CFAFBF7C715C0D8CD6B79C62C6C6AE21C5A7B3E1ABCA28757070F12E"
"r3-arm64-rton","Microsoft.AspNetCore.Authentication.Abstractions.dll","50688","CF09DA3D6A43182940CA88FB02299DD426817F21A6154B4D2B498748FE48DF87"
"r3-arm64-rton","Microsoft.AspNetCore.Authentication.BearerToken.dll","58368","5D9D59C9E7D0369DC78BFBE4B8F360038648CCCECD5C62AF947C079B10E44A5B"
"r3-arm64-rton","Microsoft.AspNetCore.Authentication.Cookies.dll","105984","0B8FCAEB8F460EC2BADA160E21EC6387483D42415A479E7A3EF3F7A11F78E612"
"r3-arm64-rton","Microsoft.AspNetCore.Authentication.Core.dll","105472","85A47EDBB99D5E1B9726DE5F01A4FE60095A777A74B466CB74BF1D30A771F153"
"r3-arm64-rton","Microsoft.AspNetCore.Authentication.dll","145920","D001EEF224ADEA9955127B21F3254BA78D5927B9DA8C8B94A9E610805FDC3096"
"r3-arm64-rton","Microsoft.AspNetCore.Authentication.OAuth.dll","89600","9097FE922354307D3356DDCF3AC948A89C9E68784CDBE62CA80C1F81F1EDD18B"
"r3-arm64-rton","Microsoft.AspNetCore.Authorization.dll","112128","AE7AD05A7CEAD477AA33847D24C4C3972A8756489BA755AC66A1CC17203C731B"
"r3-arm64-rton","Microsoft.AspNetCore.Authorization.Policy.dll","59904","61A9096A21D58059A97934D9BC076ECBF8303370D8FDED36B8A2C4F8CED82694"
"r3-arm64-rton","Microsoft.AspNetCore.Components.Authorization.dll","46592","46F7C2841496D67B1A19A57FF8AA83E6CE742A59FDAB08312D309BC156F2C247"
"r3-arm64-rton","Microsoft.AspNetCore.Components.dll","1070080","E0A0DF59D5004A7B6FE43826E96828F3369D9C66BA16ABD25D07E6DFE5A8FD37"
"r3-arm64-rton","Microsoft.AspNetCore.Components.Endpoints.dll","1271296","05B963201E7257C8561FA62F7CBE526C038CF83FF107BE873BFFA4991B1161E8"
"r3-arm64-rton","Microsoft.AspNetCore.Components.Forms.dll","123904","E7BE42DE9CA3BF6224A3BA60CE317AACFA45916617F28929AB538AFF26CECB15"
"r3-arm64-rton","Microsoft.AspNetCore.Components.Server.dll","1057280","53B6CF093A6E8C810E993D28A39CCA12A26BCB65AE35BFBA29DCC34793EB1D3B"
"r3-arm64-rton","Microsoft.AspNetCore.Components.Web.dll","512000","58C7702FDF82D3C4F5EE898712C55AB3752E432637067D2DADCF130CFD55F305"
"r3-arm64-rton","Microsoft.AspNetCore.Connections.Abstractions.dll","56320","48119E8D74DE9D80C49E15C268B34B2359E4942E53194418DB23697B136F96A0"
"r3-arm64-rton","Microsoft.AspNetCore.CookiePolicy.dll","37888","C590314FB4FE15B3776BFCAF531F7B76B59CC404F19468A0383E096DC4F253DC"
"r3-arm64-rton","Microsoft.AspNetCore.Cors.dll","80384","44E9991CC6E1A3503E3B82B6FB1051924F464C6973EA37A42B60CFC97D108C04"
"r3-arm64-rton","Microsoft.AspNetCore.Cryptography.Internal.dll","94208","36DAB3F1366A1DE78FE7334615AE95E78B56EB62DCBF73FBAF66A66487DA878F"
"r3-arm64-rton","Microsoft.AspNetCore.Cryptography.KeyDerivation.dll","25088","046816BC6D3B588E89CED50C672660E9FCD411E29F6EBB2992A02E4D76FB244E"
"r3-arm64-rton","Microsoft.AspNetCore.DataProtection.Abstractions.dll","32256","1889F96AEA69A415465EA10A833BA3584F534223F587628E61CBAD8B6D6AB53D"
"r3-arm64-rton","Microsoft.AspNetCore.DataProtection.dll","549888","B37D0B7BFB02E01CED96C3B8E471A5D0FB365F462329CD58049F359477EB1446"
"r3-arm64-rton","Microsoft.AspNetCore.DataProtection.Extensions.dll","27648","E855AAF7603A559C216BA97F1F0D74C64C00CCC41BEEF3E3E2FF659D9468B370"
"r3-arm64-rton","Microsoft.AspNetCore.Diagnostics.Abstractions.dll","12288","69F0B0AE6713CDD48664BFAECE41C9C0E64B8DB25836273863E20BFB9890D115"
"r3-arm64-rton","Microsoft.AspNetCore.Diagnostics.dll","478208","1A11EAABC698E50BFCE579AC824F4638B223A66F9DC99EB900482BEF005ACEF7"
"r3-arm64-rton","Microsoft.AspNetCore.Diagnostics.HealthChecks.dll","34304","0063870229E6BEB167E81D8C80176C3522CBF3A422F7D88171FDA738AB1C7ED9"
"r3-arm64-rton","Microsoft.AspNetCore.dll","132096","FD84E9A917E0BAA2F8679CD1729F9EB08B6CC4754CF051326E3819E914A4269A"
"r3-arm64-rton","Microsoft.AspNetCore.HostFiltering.dll","34816","91F1E8C4BE19F72AF5605AA1FB3BE069E68E7A91C79ABF34C775BA9F685CAA66"
"r3-arm64-rton","Microsoft.AspNetCore.Hosting.Abstractions.dll","26112","ED9182B805074FFBF8E326EFF90C9F0FB8DDC3F42E74F0AFA2BCE990AE8F5D59"
"r3-arm64-rton","Microsoft.AspNetCore.Hosting.dll","516096","32D751A911A92D5563442E9D0114E66421BFF4A287C535BAA0E07DA2E1621240"
"r3-arm64-rton","Microsoft.AspNetCore.Hosting.Server.Abstractions.dll","8192","47E088041B94FC36CAAF0586FBACF717E6AF5E9D72D36E11A06A84F9B5D10A57"
"r3-arm64-rton","Microsoft.AspNetCore.Html.Abstractions.dll","20992","17B41F82EF41A977DB0C99BA9E127744BF252773E8297CCFB3D990D6AF8EB9A5"
"r3-arm64-rton","Microsoft.AspNetCore.Http.Abstractions.dll","352768","2B475C812BF928608328C2CB7181FE01A353E3E4ABD5892F27A0512FEE20293B"
"r3-arm64-rton","Microsoft.AspNetCore.Http.Connections.Common.dll","38400","E84B652A5CA89CDB655584218F373BE9F5AA7ABBF8B3BA42A296A681D15517DE"
"r3-arm64-rton","Microsoft.AspNetCore.Http.Connections.dll","377344","7B99D135C0AE5F9456C52CC2818489A3965B321B80A35B3851A70C72CEF8A8EE"
"r3-arm64-rton","Microsoft.AspNetCore.Http.dll","318464","A7C281543073E0B0247477B258BC2905213934ADBFDECABC17D6669C69CC5835"
"r3-arm64-rton","Microsoft.AspNetCore.Http.Extensions.dll","823808","D580EF152851481D37012FFF365E22E75216449891EBF2BF3C2AA6C92A4EE9F4"
"r3-arm64-rton","Microsoft.AspNetCore.Http.Features.dll","59904","F256DF6839714F4C36C6800BC18FC81C5F4B884259988D7AF195A75BDB679DD8"
"r3-arm64-rton","Microsoft.AspNetCore.Http.Results.dll","289280","2FC2AC90159A1BB9A87EACD3418F91DDA6456016A07AEAD33EE1B903978F83E9"
"r3-arm64-rton","Microsoft.AspNetCore.HttpLogging.dll","205312","157BB60E3AFEF8C255268F4FACCC568AF2FDC3B97CCA7464F8A915DDC27275EF"
"r3-arm64-rton","Microsoft.AspNetCore.HttpOverrides.dll","70656","9112618D541EF19F2C2199BA1538453AD3643950347DEA733A329EFBA556332F"
"r3-arm64-rton","Microsoft.AspNetCore.HttpsPolicy.dll","30720","3E06B379AE601839139ED58F90DA26DFD8878CAC0AF07A2ED85F48A4818BB199"
"r3-arm64-rton","Microsoft.AspNetCore.Identity.dll","1118208","BC5788692069732F1B0CA1CCE17236CB0A4285F273AF65EB1B0D9F975EB9C1A9"
"r3-arm64-rton","Microsoft.AspNetCore.Localization.dll","49664","1E3FFDE979C71E25A5800A6C92804619FEB5B4E99F60AAFEBC149BD4896840EF"
"r3-arm64-rton","Microsoft.AspNetCore.Localization.Routing.dll","9728","4C1D6C9A486C2BCB27038D08A1B8740218AFDBE368FE9DDE8E0CA4AFF6D4CC75"
"r3-arm64-rton","Microsoft.AspNetCore.Metadata.dll","5632","DF93BE77F5920040464E88AE5B663BC5D673F53AF68460E71911C9770844E794"
"r3-arm64-rton","Microsoft.AspNetCore.Mvc.Abstractions.dll","275456","0748536932F4269A338A8656824A74F46DEAC29347DD8F982541DA61B5059DD3"
"r3-arm64-rton","Microsoft.AspNetCore.Mvc.ApiExplorer.dll","149504","6C97A49A2D5BF48AB40A1EDA1AF02DB3B9167298D68661BFD6CD0AABECC580ED"
"r3-arm64-rton","Microsoft.AspNetCore.Mvc.Core.dll","2135552","FC4DF6AFA049833BE34D42F217406F4780D1FEEC35A1007379C0F113DE1D39BD"
"r3-arm64-rton","Microsoft.AspNetCore.Mvc.Cors.dll","33280","606C48704E4B72CE4B30E7DE5DE532DBC4B4C81FDE5C66821737C857189CF7D7"
"r3-arm64-rton","Microsoft.AspNetCore.Mvc.DataAnnotations.dll","92672","A0E6D607DB3A6402176BCCA26EFEBF0E9ECE3E8F13B38CA731B472C3C128BC4F"
"r3-arm64-rton","Microsoft.AspNetCore.Mvc.dll","23040","D6E1E2EA6CA8AC44FB0BE581C1E2BC2A8239AEE25C364140A05012BC7EFB58E3"
"r3-arm64-rton","Microsoft.AspNetCore.Mvc.Formatters.Json.dll","5632","B52914A59367537CD2C1582197622D3C6C197EBC1C38050E835A484E268F65AB"
"r3-arm64-rton","Microsoft.AspNetCore.Mvc.Formatters.Xml.dll","109568","20F0D03C183F520C6EC36ED8E91DB716F15925DD3B783C319808B4A603AC29EE"
"r3-arm64-rton","Microsoft.AspNetCore.Mvc.Localization.dll","32256","4F17AF10A62A207F10DA4FC69A95EE8C6447263E6C17F079627B4FCA45F4AF3B"
"r3-arm64-rton","Microsoft.AspNetCore.Mvc.Razor.dll","243712","B8F521A7C7ACCC0DD0ADAB827DBD893916C9DCCA81397CAA889DDAF041F87EDB"
"r3-arm64-rton","Microsoft.AspNetCore.Mvc.RazorPages.dll","484352","FDD8DB627E6725D899A1951A87F5B4B772C8A61CD4DF5B31B60B618F4124D57E"
"r3-arm64-rton","Microsoft.AspNetCore.Mvc.TagHelpers.dll","295936","3111FEB4EF6E99AEE6945A0422D37D25116A817F2050C4A9BE62232D28EE3994"
"r3-arm64-rton","Microsoft.AspNetCore.Mvc.ViewFeatures.dll","809472","D1FC3479C3B5514B13A91DC619C82E25C7373FC5B85BB796CEDE7DEA40C34331"
"r3-arm64-rton","Microsoft.AspNetCore.OutputCaching.dll","263680","0BC480D4FFF64751C59B47E6C525ABFA732FEF1D342BEB1564080F080F12A683"
"r3-arm64-rton","Microsoft.AspNetCore.RateLimiting.dll","93184","AF59082AAB62D4C4F594CA3A23149763A70DC37EC0922D1FE97D323B008E6E7E"
"r3-arm64-rton","Microsoft.AspNetCore.Razor.dll","53760","2AD5AC6D019A0D52C78950C2D62C0200276A7DD44DFAD4D739846FCAB09A7D19"
"r3-arm64-rton","Microsoft.AspNetCore.Razor.Runtime.dll","57344","D5A23CB349B41CB9092D6532F2AE86BF9CC4FE0875BD81B9A077A2885E083966"
"r3-arm64-rton","Microsoft.AspNetCore.RequestDecompression.dll","33280","409C29E1FB54DAD81F8CC75853791296D2BFAB9DA8A5DD527FD0373F6A2949EF"
"r3-arm64-rton","Microsoft.AspNetCore.ResponseCaching.Abstractions.dll","6144","3846C5844FDDDC7898E0EE1200A5BA1F70506DB4313D1489485D0F2772ECF5F9"
"r3-arm64-rton","Microsoft.AspNetCore.ResponseCaching.dll","139264","B17363EDF4DFB9877B1B7161C3CDDFF42A31A73F6F8D15D72B6B3231F22EC713"
"r3-arm64-rton","Microsoft.AspNetCore.ResponseCompression.dll","66048","1EA2BF0E2A57F05363DAC77B5ED69C4DD78C57DF36E8B67AC5FC366E4E18D69D"
"r3-arm64-rton","Microsoft.AspNetCore.Rewrite.dll","221696","81D9F9CC6C834809B514AC2434F2A0CAFAE026B0621A1B2F0FC74828CE74A865"
"r3-arm64-rton","Microsoft.AspNetCore.Routing.Abstractions.dll","42496","7ECF67073B7BC25BB11F21975E75129A5FF2780BAC53A0A79E72BBF3C138FC5C"
"r3-arm64-rton","Microsoft.AspNetCore.Routing.dll","953856","DDD2D29E09A6406BCEA955A41F4EC167AA3CB3FCA77C7A542DC66E762DD74E07"
"r3-arm64-rton","Microsoft.AspNetCore.Server.HttpSys.dll","914944","E88118E03AEABEC0EBB85A525A09A949FA852FE007ACA35922244F698D432054"
"r3-arm64-rton","Microsoft.AspNetCore.Server.IIS.dll","742400","4F9C8C1B00BD39503E17B591D69569320502AEA4E94F669924A5020E5CEC60C7"
"r3-arm64-rton","Microsoft.AspNetCore.Server.IISIntegration.dll","34816","31224928D87583FBE1F4A1C54B3EC3BBA07AB91C058BA41B181D4539376F1549"
"r3-arm64-rton","Microsoft.AspNetCore.Server.Kestrel.Core.dll","2614784","F2FFCC920B47C9F3C0215D1561A294C604FD1EA6CDC8116B6C75426274C78F47"
"r3-arm64-rton","Microsoft.AspNetCore.Server.Kestrel.dll","15872","95F6E97FAC522014CF139FC6689F39D8E9494CC80185526FE12D9A7322EB9677"
"r3-arm64-rton","Microsoft.AspNetCore.Server.Kestrel.Transport.NamedPipes.dll","150528","5457711BAA2C735D106043EC4F6A8CC70BBEED2D1B08B218FC67C9BF3949F547"
"r3-arm64-rton","Microsoft.AspNetCore.Server.Kestrel.Transport.Quic.dll","248320","32FE0C5C2D6602B3B375C679CCAAD8DFC7B7D1887A1A831D6556477BBC7C7B11"
"r3-arm64-rton","Microsoft.AspNetCore.Server.Kestrel.Transport.Sockets.dll","127488","FD7B6C2BFDE0245477E4DE97949E061B6E45EAFC454B6001FF80A3403817F735"
"r3-arm64-rton","Microsoft.AspNetCore.Session.dll","74240","32AA69B3A15E3FD0844C320A2E9CD6CF5895CE16156A71FA635EC59053AF228F"
"r3-arm64-rton","Microsoft.AspNetCore.SignalR.Common.dll","73728","AEF6495E4D442F67CBE2CB0E7788B5B6F3EE83ACF2DF2E84AC3AAB9DEE56B97F"
"r3-arm64-rton","Microsoft.AspNetCore.SignalR.Core.dll","588288","666F64EA9DF08BCD9C2C17415C34B53DE5AC6E240C92D358D3DB9B03F820B8DE"
"r3-arm64-rton","Microsoft.AspNetCore.SignalR.dll","17408","97EA8E61A777CEEA4C79E6521FF9B47358B0795B2C847C8744810FA615271F77"
"r3-arm64-rton","Microsoft.AspNetCore.SignalR.Protocols.Json.dll","67072","C4536B8F0D6F920F3600274FBCAAD13D95FD2C5334B6514E301EFAA9E4288E33"
"r3-arm64-rton","Microsoft.AspNetCore.StaticAssets.dll","201728","BEFC853BD4A962FF3D7812DAADEA4A5A4E50B909D27E7167B1D5D6A05689BEE4"
"r3-arm64-rton","Microsoft.AspNetCore.StaticFiles.dll","154624","C9B8E093C185653764AA232BE3065404A19D71407721B159DD7978ABDC24430B"
"r3-arm64-rton","Microsoft.AspNetCore.WebSockets.dll","60928","73F47D3F710DFD7B1689851775A9E791E88FE5774DD42E44446EFD4E07EF2EE2"
"r3-arm64-rton","Microsoft.AspNetCore.WebUtilities.dll","262656","A6DC9BC57B8E93CC373DF790F4A567A19372D9573C06CFC8A2CFB19B0F2BBBA9"
"r3-arm64-rton","Microsoft.CSharp.dll","301056","CEF5B5D699A8C5B8F511CA6A2ABDAB8BCDB20DEA93D84CDB187331D45E0716A0"
"r3-arm64-rton","Microsoft.CSharp.xml","18050","B712D12C5DE74926122A368DC92329AB3215555E44BCB46F2DAEF146EC0986AC"
"r3-arm64-rton","Microsoft.Extensions.Caching.Abstractions.dll","33280","AE1837B04B5968EE153F78870AED4EA2321AA30E2824D92A9B74B0CB99E601E5"
"r3-arm64-rton","Microsoft.Extensions.Caching.Abstractions.xml","90809","20FE0F821F2DB08D353F669E172EBE4D3C7075422CC06D7C4C83C5592B35CE8A"
"r3-arm64-rton","Microsoft.Extensions.Caching.Memory.dll","109056","E5B33DF8C030D8976E58711B2A3BBC988AB5A65F4D2DAE9B9768D6DF56D485E4"
"r3-arm64-rton","Microsoft.Extensions.Configuration.Abstractions.dll","16896","48EF93995E27EF47C7E972252DF928E303EFAED7819F4E276352E618680DBA7C"
"r3-arm64-rton","Microsoft.Extensions.Configuration.Abstractions.xml","20253","9AD60D91D34A8E347306843DD1A4AB74CEAFF7682500DE1A9EF327F16A7B9930"
"r3-arm64-rton","Microsoft.Extensions.Configuration.Binder.dll","73216","D6E2FC966C26F838BAC49D600285F7882F53DA1D6608AAD1AB75B59F059F177A"
"r3-arm64-rton","Microsoft.Extensions.Configuration.CommandLine.dll","27136","B1C3332DD0AF0ED9071ACEEF12D2190FBB3FF5F2D56B789D944724DF6F00C37F"
"r3-arm64-rton","Microsoft.Extensions.Configuration.dll","82432","2675D8AA170E61B33C9FF7400F345975493520830345DB95F25AF2558734C480"
"r3-arm64-rton","Microsoft.Extensions.Configuration.EnvironmentVariables.dll","34304","F9C5811C64A4A9E5EF35C16B4AC537F60AF6B8EC39982FE170BE40FA3764EB4B"
"r3-arm64-rton","Microsoft.Extensions.Configuration.FileExtensions.dll","37376","D4930B3C89C17D359BBBD90C46315864C344ECFEF27B618DB032FEAA64E2FFD3"
"r3-arm64-rton","Microsoft.Extensions.Configuration.Ini.dll","27136","9F6A377F51002A6D96E20F91FE6C6AE104EEB160A95AF9BB7F68818B2780C784"
"r3-arm64-rton","Microsoft.Extensions.Configuration.Json.dll","33792","4A38B8817AFA04789667061877D1123232F926A1ECAEA61DEE61D7E14528913B"
"r3-arm64-rton","Microsoft.Extensions.Configuration.KeyPerFile.dll","20480","CBC859027F155256B5DB7BC03667FEED846E319126403AA883ED5506401AA2F0"
"r3-arm64-rton","Microsoft.Extensions.Configuration.UserSecrets.dll","29184","56722DE1F64CB6B366A59DBB5012A1CD06E681ED52D787013814F436EE1C6C45"
"r3-arm64-rton","Microsoft.Extensions.Configuration.Xml.dll","50688","D32E22270A59DDD3F56068E68F8D59B30C5FF9F5DFA89A65B5857A0653D83791"
"r3-arm64-rton","Microsoft.Extensions.DependencyInjection.Abstractions.dll","57344","12B3C57AE72CCBCF91585BF69D57C406CF6F06EF6FBA00E49A6E4B2A91250740"
"r3-arm64-rton","Microsoft.Extensions.DependencyInjection.Abstractions.xml","223851","1C1704E8DC6BB991C9E8E88C311FB680402CCEF3501D5BAC1A0478EC3FBDBA83"
"r3-arm64-rton","Microsoft.Extensions.DependencyInjection.dll","234496","5E1996F8BA3FC62099B94FD7AF68F84E31328D4FF659FE263E9B30FECEE4B17A"
"r3-arm64-rton","Microsoft.Extensions.Diagnostics.Abstractions.dll","17920","7E302708E3ADF717E4CC84929A2DC201A2F7A495F6195B3E4CA4162177F74741"
"r3-arm64-rton","Microsoft.Extensions.Diagnostics.Abstractions.xml","49415","CC0797F4B1F9873D0DD8956546827F6CABA263E32E8508730D9BA9CF86041286"
"r3-arm64-rton","Microsoft.Extensions.Diagnostics.dll","76800","E425BC1CB365FC2D70A69C9001CD08F613313C1AB9B05CC193C27E3E31D05B71"
"r3-arm64-rton","Microsoft.Extensions.Diagnostics.HealthChecks.Abstractions.dll","21504","4CA10A2A108CEF08A5BAB532C1C2D9537FE1A38EE5EE70CE9711C7582F263E21"
"r3-arm64-rton","Microsoft.Extensions.Diagnostics.HealthChecks.dll","97792","AD9B8803F55C5ABAB04FAF95593D661983A9916F49D297FC46193524C4F2B383"
"r3-arm64-rton","Microsoft.Extensions.Features.dll","26624","F2738E0231B1326629F66A2736B72D3BDF1D7EA7B25540C13A1E4676D65E5450"
"r3-arm64-rton","Microsoft.Extensions.FileProviders.Abstractions.dll","11776","D961CD7F2F8644F3BDF3E555C5796A3DB2105EB9764BEC5D8C3F75AB25CC400B"
"r3-arm64-rton","Microsoft.Extensions.FileProviders.Abstractions.xml","11148","A020ECF6B78BEA9C527325E8076EC57F9774F629C147F75B2F710CF4C0B6998B"
"r3-arm64-rton","Microsoft.Extensions.FileProviders.Composite.dll","14336","628393296633DD3657AB25BA9E2F9429A8776C0F7FBD403FFCCA7A7D3905446E"
"r3-arm64-rton","Microsoft.Extensions.FileProviders.Embedded.dll","56832","A47DC5B5A2642C052BC3F7AD98AB77FB285F43D43D152DB2C87727C01996EC5A"
"r3-arm64-rton","Microsoft.Extensions.FileProviders.Physical.dll","99840","F803E6A58339BA0DA96CC5221B20C232F4DE558A07F42D530D94D478723BD7C4"
"r3-arm64-rton","Microsoft.Extensions.FileSystemGlobbing.dll","93184","1C7F055A78FA83FFCB69FB3CB694633B54A819F75AECA4324A7D2F790D3FF839"
"r3-arm64-rton","Microsoft.Extensions.Hosting.Abstractions.dll","22016","153BD526684041420FCCF8AB5731CFD2AF913E28D793F851B929D5E55642A9D1"
"r3-arm64-rton","Microsoft.Extensions.Hosting.Abstractions.xml","46893","E6956E144370860D2384AB0F6DAECC2CB0FEC9B1EAE7C9EEACCC1E1D9EA71AB9"
"r3-arm64-rton","Microsoft.Extensions.Hosting.dll","150528","3764F43ED53C4242949E5AA2FF59CEB92D3C6F51C56F592A4EA4C4722275A557"
"r3-arm64-rton","Microsoft.Extensions.Http.dll","201728","DF75BD8422A15A467BC96062403E811D3502775A113E47F8ACCEFBE9B49277E1"
"r3-arm64-rton","Microsoft.Extensions.Identity.Core.dll","576512","00DD756BDBD260DA118B82B794F375263E196F970975A279D739665D6B7E02FD"
"r3-arm64-rton","Microsoft.Extensions.Identity.Stores.dll","77824","916FEF7E57D2D67A34C2B41271122901370F82091F9F1A133EF0F61EA7913666"
"r3-arm64-rton","Microsoft.Extensions.Localization.Abstractions.dll","12288","FC27643B83321D3138F53774047780DAAD98351B32161B242E3483577C63B2A5"
"r3-arm64-rton","Microsoft.Extensions.Localization.dll","41984","8C603B072C782CE6783B2F97606E4FCBF589CF858BD0F14AE327A5EC4622E8AE"
"r3-arm64-rton","Microsoft.Extensions.Logging.Abstractions.dll","56832","194C080E7CC89F3C8D499C6CD4758BE611A9EA202C40FD24F39F69D13645E7F9"
"r3-arm64-rton","Microsoft.Extensions.Logging.Abstractions.xml","91635","F46E30588566ACCD2C530D9B126A4A3D4D6E2021266E54B305F79586367E742C"
"r3-arm64-rton","Microsoft.Extensions.Logging.Configuration.dll","30208","42EEBDE71F3248256762D15496E9840744E1D0FD5C0A014283284835A7481910"
"r3-arm64-rton","Microsoft.Extensions.Logging.Console.dll","172544","676D6ABE3CF676E6A84F1B240F6AC481F0D762E70BEA4425786965FED5E0FDA4"
"r3-arm64-rton","Microsoft.Extensions.Logging.Debug.dll","13312","0BA39525509C512EA94F15FDDFFC5CE5FD5C3D0E92E1F9C3A81F3C322DAC8C8B"
"r3-arm64-rton","Microsoft.Extensions.Logging.dll","88576","BF5365670341DE20F18B886EBA6E33C4C2C93FF728B691B7AE9CEC8C2AD4D689"
"r3-arm64-rton","Microsoft.Extensions.Logging.EventLog.dll","36352","29AA02834CE36163A3986822052C4EE501E7A3F253E9CC232A8BD611059F15F9"
"r3-arm64-rton","Microsoft.Extensions.Logging.EventSource.dll","48128","BE96087E4113568BD78CAEC8B0521B4CA1FBBB1BB2D34F59CC5EC30E9DAFC2AF"
"r3-arm64-rton","Microsoft.Extensions.Logging.TraceSource.dll","19968","D30CF3B418CCB9D96DC610F67B54D66D2EEF2451823962CD9810A33D01C8D75C"
"r3-arm64-rton","Microsoft.Extensions.ObjectPool.dll","21504","84B05CB29B1C0973155E4D3828A47B403A8D0988D617879D2B8D62FDC2AFA05E"
"r3-arm64-rton","Microsoft.Extensions.Options.ConfigurationExtensions.dll","20480","74689C3A629E300BA2605B50615C4557B7F5DF02CD364898DA1A728FC091214A"
"r3-arm64-rton","Microsoft.Extensions.Options.DataAnnotations.dll","31232","D0876B274578BCFE84D6D627B1BF77463E45F28D88C84BED6FE671947B655FE3"
"r3-arm64-rton","Microsoft.Extensions.Options.dll","71680","73AA9460D122BF2A9809CC1893EA16A0264A0AC17E964E983AA375DAC6158DF1"
"r3-arm64-rton","Microsoft.Extensions.Options.xml","152783","3A6AC7F6B8FB2F5390E2E0389D634541F72523FE84E2385C08C8ADAC760D9803"
"r3-arm64-rton","Microsoft.Extensions.Primitives.dll","35840","D17E5947F6432384E581C923BB70A1069BDB58AB1014461024D2B8B5E60275CD"
"r3-arm64-rton","Microsoft.Extensions.Primitives.xml","86329","5FFD0C15EE1892CE003D64BE0EF4808D2824469C03D1B3465569275958AF83C7"
"r3-arm64-rton","Microsoft.Extensions.Validation.dll","20992","3539C03C32509BB5F8A6DF8504D86721D386D1CE93DDD71099EC27E2696C40D6"
"r3-arm64-rton","Microsoft.Extensions.WebEncoders.dll","19968","C3DDDCB84D5C03647E7F6B49760C65F72DC1BAEA346449F42B57022F11F052B1"
"r3-arm64-rton","Microsoft.JSInterop.dll","162304","A218929B8444F313331BF84B2927F4FA58D13DE8FE2F5A1E2496FABCA41CFDA7"
"r3-arm64-rton","Microsoft.Net.Http.Headers.dll","225280","8F49EFE636E633E5326542FAE403DCE9B05E17FEB5B978EE8B2AC3E8A33072C2"
"r3-arm64-rton","Microsoft.VisualBasic.Core.dll","418816","EEEECEF4EFE9EB73BE3C1A6A2B0926DC8CEBF8739DAB2A1DF8ED0493B97365BD"
"r3-arm64-rton","Microsoft.VisualBasic.dll","7168","44218CA6C6E15E04E765C386D3AD306E16444069D176C37CBF7D1D83C1D59074"
"r3-arm64-rton","Microsoft.Win32.Primitives.dll","5120","6DC7E7915577F5B461981BB9F83465A72B604156FB8BC4D57F2BCDC4C7CEDD1A"
"r3-arm64-rton","Microsoft.Win32.Primitives.xml","4229","1FA658FA646F6CB221F0839B84386B569B68C920756C266357C427E024B0C735"
"r3-arm64-rton","Microsoft.Win32.Registry.dll","23040","C618DECB908E266458B657102065E02F8A5DD5448CB44267BCB7A1EF81C8B90A"
"r3-arm64-rton","Microsoft.Win32.Registry.xml","94259","B4992C339974E430417C5464764547506D4AEEC15B02122E9333A0742B0EBACE"
"r3-arm64-rton","mscorlib.dll","49152","AB7A332D1DEF130431EFA3964F388923F33CDA6D41D9DB6DEB31B37F7F0AC435"
"r3-arm64-rton","netstandard.dll","90624","70357BD0A13B4406515042A2B416AF5828EB1FBBAE45E1A7E61705B531234677"
"r3-arm64-rton","System.AppContext.dll","5120","901FA303AC804A714C6F8C3D87BC5D66310F1E69556B7C97510349C315AF47B5"
"r3-arm64-rton","System.Buffers.dll","5120","098D767A0D028F7FE2906993BA2FD1B074079BAF9A8208A54A5588E596CBF4DC"
"r3-arm64-rton","System.Collections.Concurrent.dll","53760","9210EC0C5682D7AC898DD15C25EDA5ACF7B0409E34DAED821DD4A47C957863CE"
"r3-arm64-rton","System.Collections.Concurrent.xml","147974","5BEB3BD3B4C9C50BB059FCD2CF6160C04FD31B549306E4AF42B11E6BEC01D0F6"
"r3-arm64-rton","System.Collections.dll","102912","D9002A66AE787CD4A75E569D7DA0DC5B74CC046C1AD1336CC151B409093DE480"
"r3-arm64-rton","System.Collections.Immutable.dll","242688","864361CDD21D934FF54D55DCDDAEC11AF7D993B0C2FEBB7F57D9E95A51A1329C"
"r3-arm64-rton","System.Collections.Immutable.xml","541757","1F1D2FCC16F3531BE0A86031E5FBC8935A5413813EA20A854CDBB6D1AC2CAEE9"
"r3-arm64-rton","System.Collections.NonGeneric.dll","37888","2E6D92891C8BBC117B3E659F45BFA1FAC321871F003E05F81D07320A855B9196"
"r3-arm64-rton","System.Collections.NonGeneric.xml","82749","81438BD06CB245D45B715FDADDE5C2D58D997908DDEB1727B316DB2F792B7D77"
"r3-arm64-rton","System.Collections.Specialized.dll","37888","299810F51DF92A2CEA59ABDD8E99E8979B744D06F2871C1D81086DF319A7D596"
"r3-arm64-rton","System.Collections.Specialized.xml","121871","F11E2713EFEB9E22C6A7FF4B4288D123FD4E6F7C9237731FAB28D9102A8DED52"
"r3-arm64-rton","System.Collections.xml","458955","BFCB5E403B2DF5F09F419CBA46DEF611E22DF17C085CAB9D1B9FB2D7D7CD172E"
"r3-arm64-rton","System.ComponentModel.Annotations.dll","98816","2A663898C22FE2DC5CCB677610F72F63C8336DF7E34FB80E71567D31583299BA"
"r3-arm64-rton","System.ComponentModel.Annotations.xml","113650","B6487F33963B70E0EB68D7CF1EB51AC71F3E562EF3638BAAFF8FA7C16DA387A2"
"r3-arm64-rton","System.ComponentModel.DataAnnotations.dll","6656","155B2B41AB2B0BA969C7ED5F5A7719167BC121AD29700674363E3934A048B4D4"
"r3-arm64-rton","System.ComponentModel.dll","6144","62466D2A50FAAE9972E440D5D2D50E500E34DB9866354EBE838A80A0BB6DF503"
"r3-arm64-rton","System.ComponentModel.EventBasedAsync.dll","16384","AB950A2910ECB46AE8D3833A634D925F226344C05199503068C577B069DAC221"
"r3-arm64-rton","System.ComponentModel.EventBasedAsync.xml","19646","02ADFA65AB856BA7A575868B8DE72BFA33FB6357E1D830F9868D824989CC7623"
"r3-arm64-rton","System.ComponentModel.Primitives.dll","32256","EF0E543FF622AF47F73A44CB2AE2D4404A1C483CFD6CBB41D01EB39B1365881F"
"r3-arm64-rton","System.ComponentModel.Primitives.xml","79999","06CBEA0F6057CC866390D16AFF6C9CB5321833E782B569EE9B350FFE30E25925"
"r3-arm64-rton","System.ComponentModel.TypeConverter.dll","307712","006ADB6E92673C32E62D165B791C369972AA03F45B60115A9713EC44366CC746"
"r3-arm64-rton","System.ComponentModel.TypeConverter.xml","790869","CCDD0ABAAFC7E3518DD2CF5B915D66E3039C6C3465B55CF1A49A4130B1009502"
"r3-arm64-rton","System.ComponentModel.xml","4003","05914C2A98265E0191D160F7EF57511203AADA87A7DA9BEE91DE8503900F9BA4"
"r3-arm64-rton","System.Configuration.dll","9216","AF4CC1A7E54817124C9DB5DED2523475BB66BD166A08AE576DE698904CE49A8C"
"r3-arm64-rton","System.Console.dll","87552","294D163D1DC628770189C28C5210A7494E896459F1A00E7F64DA6EC919E75B48"
"r3-arm64-rton","System.Console.xml","80114","7EFD6A78D233FFD7EE29BD52C3E8807130A980A6BE83AC8CE346A48AC228E0C5"
"r3-arm64-rton","System.Core.dll","12800","B25857F8751502E6938DE329EDF63FAC57DAD4C7A94E5E52E6359025EE0FB45F"
"r3-arm64-rton","System.Data.Common.dll","998912","0B7ABC637AECFA97DDB81D8FD2F4A0A939906B86F6FCD6A6F29E60833BF09916"
"r3-arm64-rton","System.Data.Common.xml","1440763","13E07E558F15386211E58EB577AB93EDD2DF4F5F497030FA8EFE8E17EEE7CB0C"
"r3-arm64-rton","System.Data.DataSetExtensions.dll","5632","C0AF59D25051201FA6D0E4E887BDF5571233C915304A8B30B299FC54E6A5D55A"
"r3-arm64-rton","System.Data.dll","14848","937F9D5C6773054B2C6EAED8BBD123D783C8F3CE3875D77A4513B9CED6F98CC0"
"r3-arm64-rton","System.Diagnostics.Contracts.dll","6144","795F05F3E8AF566230B7EBC6AD5509C6AC3C96CB38828B28EA273463EFB07441"
"r3-arm64-rton","System.Diagnostics.Contracts.xml","27963","61F547D73B704523A08BBAB7438DB9599C038E9274BEB88CE7ED83CB5A920949"
"r3-arm64-rton","System.Diagnostics.Debug.dll","5632","99244A53AE45E92B212BB50A5DCBB9A82CC4ABC01B1FC0A57BD90622527ADC1C"
"r3-arm64-rton","System.Diagnostics.DiagnosticSource.dll","198656","0A5328AD33B9D5B8738F43DCE4FBF157374330BB8E8F982CBE2B52CD8CEB3CC1"
"r3-arm64-rton","System.Diagnostics.DiagnosticSource.xml","181376","4938299E197222ED21BBE7FB548ECC27123B651C3E3BAB633AB71793E34A7D0C"
"r3-arm64-rton","System.Diagnostics.EventLog.dll","42496","439DA3649683CD1CA7B07BF99DFC21A5ACFF91CFDC0E4C6D06696EC7F6E5D27A"
"r3-arm64-rton","System.Diagnostics.FileVersionInfo.dll","18944","57B59391FE88E72FEDD994E043B3DA47C242F2228E73E6845E39B811CC3EA1D6"
"r3-arm64-rton","System.Diagnostics.FileVersionInfo.xml","16024","5A39893C42DF2ED08ED4736D6F419A70775148F9B31EFA7E26F1C51BC172F012"
"r3-arm64-rton","System.Diagnostics.Process.dll","156160","055AFDC76145C31ACF0D8C9368589B3ECACD107044C0A3256C9667D4E3F2A395"
"r3-arm64-rton","System.Diagnostics.Process.xml","109696","425D5AE9719ED3C87745DF50AD5AF5D7CE9AEBCF453CB72D284DC5FFEA311338"
"r3-arm64-rton","System.Diagnostics.StackTrace.dll","15872","8123CDEFF8FF5B86D2ABF0C7E3A36A50725C47DF03423A4F3057BDD4EDC48A3E"
"r3-arm64-rton","System.Diagnostics.StackTrace.xml","61179","719F24ADCB4BFDE10267C4E1C35B5B6B9A307502CDE7FACF5F732B2AAA541708"
"r3-arm64-rton","System.Diagnostics.TextWriterTraceListener.dll","21504","AA93F74DF670BD0E071F45B645EC8BD113236ECD39AD94DEDF68CBB5C26D7303"
"r3-arm64-rton","System.Diagnostics.TextWriterTraceListener.xml","25408","DCB73301E0D2A9B1831847D09CFF1CA39B038035495693A63E2140AD22425E81"
"r3-arm64-rton","System.Diagnostics.Tools.dll","5120","BABE2CE7F754C8768F6306E39D69FB5B53B5011DAFB26F79022B854130D7F436"
"r3-arm64-rton","System.Diagnostics.TraceSource.dll","48640","171C79F12C6AA074341A81C54485BC7433357416C15D6EFB81F94308AAD8DA90"
"r3-arm64-rton","System.Diagnostics.TraceSource.xml","90333","E74001900F1DBBDC381EE2AA1515C7BB9F772741BCDC2A30F49162B121D27793"
"r3-arm64-rton","System.Diagnostics.Tracing.dll","6144","1CB53BB1BC69ADA17FA46DFFFF7BEF9E437F95992AF2C83FF8CD98D3DB4D5325"
"r3-arm64-rton","System.Diagnostics.Tracing.xml","78743","B4249522DE5A335B48CD23EE47F4521FA258F1983324BFC905211BE18454A679"
"r3-arm64-rton","System.dll","39936","D3AB0F5B6CC3674C58006A55396BC1DA68CCDADE0E460285644AD97DB22E712F"
"r3-arm64-rton","System.Drawing.dll","10240","06D23312969D467C8A7030B45903C6E0BD099C54A65A427B7048B3CE3A9A9570"
"r3-arm64-rton","System.Drawing.Primitives.dll","54784","D8F6F2288649609AEAF6CAC594235EF07FFB21C6E09EAE9286035AC9782478DE"
"r3-arm64-rton","System.Drawing.Primitives.xml","174882","C82B05FBCBB984340ECEF1DDB5D303F4A97D3C8E6042AA7EDF56FD68A6AD35FF"
"r3-arm64-rton","System.Dynamic.Runtime.dll","6144","464606F19CE19FC9F7D2B3E9BACFB2F4421ACCBC4612AB98C6C7EB13D4EDBC83"
"r3-arm64-rton","System.Formats.Asn1.dll","97280","017DD059C3463CA30504A6A26F77673851D8B88AFBBA763A11A8E46C26B21FEC"
"r3-arm64-rton","System.Formats.Asn1.xml","310733","500C7ABD4115A58EB12423B1196E468E1EA0FE1A634FB6AB93087A0C3BCB0048"
"r3-arm64-rton","System.Formats.Cbor.dll","175104","B0F18482FA22BD1B3AF8C24FB908A43D1B5D4648C740FDDFDB713428D10D213D"
"r3-arm64-rton","System.Formats.Tar.dll","97792","4608B7D6D3FB56BC3655A50FB1425611CF756259F98031347DAEDFD78856FE0C"
"r3-arm64-rton","System.Formats.Tar.xml","53231","E9E8C8FF29BACAC05349B45381C30A6582A75328A244738839E138DDCA25EB4A"
"r3-arm64-rton","System.Globalization.Calendars.dll","5632","4BEE800D8215D5AB20E59FBC166913004E092E26817910476DABEB61ABDF142F"
"r3-arm64-rton","System.Globalization.dll","5632","D588F18396FDAD9DEC27E60BD9577D104DC8A88D25B29B9AA7CB287E5ECBEE60"
"r3-arm64-rton","System.Globalization.Extensions.dll","5120","9E27E42C70AE9A238225BA1B8A5DE6BFAAEB227B77F2D89ECDE2D21C8E5DD0FF"
"r3-arm64-rton","System.IO.Compression.Brotli.dll","28160","9B5322B7722BB14BA7A8C6A90BD234C63376EFEAB842C6A0FB79626D2CB17862"
"r3-arm64-rton","System.IO.Compression.Brotli.xml","32597","7B255844182838074F6EFC833B2EBDDE80C547EF9D0AB4C8D739EE3619C9FBAE"
"r3-arm64-rton","System.IO.Compression.dll","185856","E566A22B11EB63BCD07B603231A1FB6CAE40F0F561456D333253CF639832945C"
"r3-arm64-rton","System.IO.Compression.FileSystem.dll","5120","71D4143B24B3F34C3E7052841EB8E919B9E4FF77FDA7619C5B077788EF66F49C"
"r3-arm64-rton","System.IO.Compression.xml","96204","FEE9234763C6607B53496F73165FC1555BED03AD6C85BFE6F43CB351829986EF"
"r3-arm64-rton","System.IO.Compression.ZipFile.dll","40960","FE84657B406828146D810D039950D2C49B3ED5351CF9F2DF3DDC93A654297A37"
"r3-arm64-rton","System.IO.Compression.ZipFile.xml","142048","83D688A2123E050FF91BA9C7D018773B9E5BF7D4595DF3B3F0419D5CD633D272"
"r3-arm64-rton","System.IO.dll","5120","A02778809EF894C111E7410EC43D0A74401CAF2B25F395716FF50FD112B5B0D6"
"r3-arm64-rton","System.IO.FileSystem.AccessControl.dll","22016","A2E2911F22BCC27EC12DA8BEB409B0236514B621C7ED6E9753028C0748BFE85C"
"r3-arm64-rton","System.IO.FileSystem.AccessControl.xml","65019","F06ED2388699ACC2FDBCAEA198B373BC5043702BC1A788E155D1757D48B33BBC"
"r3-arm64-rton","System.IO.FileSystem.dll","5632","8E133B0CD03F9718B42A1F6C6A631F7744D00766CB14F167AC94DD6A738AA471"
"r3-arm64-rton","System.IO.FileSystem.DriveInfo.dll","38912","764D9E1D7A63366261D178D1123E4776AF35A022648F53CE7F91C6878933C020"
"r3-arm64-rton","System.IO.FileSystem.DriveInfo.xml","9690","D9AA6CEEB09AA5A6A8B859A67B9A713626002DB856EB9CD43C13E64B325D7272"
"r3-arm64-rton","System.IO.FileSystem.Primitives.dll","5120","B5E52BB8FF71D84D85E0AF9FE21D3892C664C94ABDF64E3777ECAD0B568669B7"
"r3-arm64-rton","System.IO.FileSystem.Watcher.dll","53248","BE94145864CAC7EAA965C330993647FFAE1C3C2989CD475022F5DF1FD0170C20"
"r3-arm64-rton","System.IO.FileSystem.Watcher.xml","22664","B5011A042D75579F658BB77EA887CF1092320C0443B2C749FE9D03740FD4C3B4"
"r3-arm64-rton","System.IO.IsolatedStorage.dll","33792","4570FBF9F25C59F03E154511D76BE477F8CC7B778CD2CC892A0C16217622DF2A"
"r3-arm64-rton","System.IO.IsolatedStorage.xml","91932","E2054E13A23EC290F1716B6F521480406C40926E5E6AE605FA2905FB0223B734"
"r3-arm64-rton","System.IO.MemoryMappedFiles.dll","38912","32A200CD652C39FE1B0DA871AB812A44ECE9A2F8F96ED7756FA3D0028BC67B2F"
"r3-arm64-rton","System.IO.MemoryMappedFiles.xml","48005","117C9472EB9CC3D737B49C0CFC3B63F967DB43FCADD03F957145B1B3429F98BB"
"r3-arm64-rton","System.IO.Pipelines.dll","73728","15B3C513D335BCC49445B51DBB16AEBC71B63091206EFFBAF30A87FF8C26F24B"
"r3-arm64-rton","System.IO.Pipelines.xml","41108","286D0C502D68A000453F6BE39347AE6C4CC63F7A2C73B1B941C2E25BE365E9AB"
"r3-arm64-rton","System.IO.Pipes.AccessControl.dll","13312","5200F443EB3B0654453166CA2D0BDD8FA03990A607A60BDB31C3C160F80A6D33"
"r3-arm64-rton","System.IO.Pipes.AccessControl.xml","23844","10D54A171C29838C613C7C33B76DB9CFF539114FE919F9712FE1954B22629913"
"r3-arm64-rton","System.IO.Pipes.dll","56320","F0A4C7DB4F02FC6B00F7D47E6393D02C71518802EFB92A91217FF2B027700590"
"r3-arm64-rton","System.IO.Pipes.xml","92651","758A3F29D0199E0F02361ACB33B37C149378E8989F57067B7A9714FA5A119985"
"r3-arm64-rton","System.IO.UnmanagedMemoryStream.dll","5120","F01117973D89C7093B12B21A12B44B3E6510B34292F4ED7A20068BFEAB1E8099"
"r3-arm64-rton","System.Linq.AsyncEnumerable.dll","504320","130F12EF22D9881394E0C793FE2C9E99E439ACB995C780A259E26EF9F533DB6D"
"r3-arm64-rton","System.Linq.AsyncEnumerable.xml","319347","CC58175820D25C200D4EA0C321093A9F1BFB44D4BAA532374450CF28E6DAA621"
"r3-arm64-rton","System.Linq.dll","202752","587E14814527E0D9B9F3A8DD540D0284835E383378A2DB90E3D6FC49348A9994"
"r3-arm64-rton","System.Linq.Expressions.dll","565760","16573E3799B71D30236E36283577A1B3AE61A9BA221F7D4CB257F2EB27BA63F8"
"r3-arm64-rton","System.Linq.Expressions.xml","684199","1DE17B9BE915FDED08AFCB580047C0C824E0570D9967BB9C328B14370B7561B4"
"r3-arm64-rton","System.Linq.Parallel.dll","215040","290B8CC539E7F5B979C6B2AC366EDA0FF2094F2F6BF1B1818D83BC030F21ABB9"
"r3-arm64-rton","System.Linq.Parallel.xml","270782","749602953CAB79AC24ED01D5429933BD3F649DB782B558FE588C7532463D62CD"
"r3-arm64-rton","System.Linq.Queryable.dll","71680","79EDAE7C322568BC69362610CCBD049F7FCC3F9F9258793273739DD2C99EABB4"
"r3-arm64-rton","System.Linq.Queryable.xml","180185","DC3BFEE67442FBA05E99A314C9A8B7E44F6EF3CE46C9761495849034F50DF899"
"r3-arm64-rton","System.Linq.xml","233275","22509117A4330EBED493689111EC4276AEB1E8C25303ACF6A377646975015C28"
"r3-arm64-rton","System.Memory.dll","49664","C3F756153D33739F14DFCFED2C69AFB2F4AC4C47682BC8A0E7509EC99A3F3176"
"r3-arm64-rton","System.Memory.xml","381205","2B641B64EB0DCD9AF499FE302EEC00BE26D103FEE66B821620428827FF16FE72"
"r3-arm64-rton","System.Net.dll","6656","3A020341F36C690A744BAD56A918D0E6AD97A49E93075E38C25B10FB79484249"
"r3-arm64-rton","System.Net.Http.dll","574464","4B05F0759FE6687BF340DAEC6A9880A8DAA8A143F2BEC84E12F8243A67133FE3"
"r3-arm64-rton","System.Net.Http.Json.dll","46080","F2AF56B7D6B7D20634A3C91D515D65C725C4FD8EC52315F878A5FDEF9B703CED"
"r3-arm64-rton","System.Net.Http.Json.xml","71073","070988161138D7A186D086D3E660BAB24CC231F5F3E96B7A309C2A791D32680A"
"r3-arm64-rton","System.Net.Http.xml","346625","9223B9DC2BF47D1DCBACDE42B355F075B2E3F5FEF8E927EC0789FD3238355799"
"r3-arm64-rton","System.Net.HttpListener.dll","119296","091E67F0DF4746826F3BEB29CB855AC327C34625F6310D32CBF48C76091A8152"
"r3-arm64-rton","System.Net.HttpListener.xml","64620","BB4C642CF06210AB81BECF867B537CE4E496FFED778ED57D1FF8DB01F1CB89E8"
"r3-arm64-rton","System.Net.Mail.dll","169984","024DE4B0CC5B4F44C62E04942652B261CBA23E37C706EC919D95A9369E5F35FB"
"r3-arm64-rton","System.Net.Mail.xml","135871","CEB8EF1EB073DFE7946D4DCA52F14723073830FBB96E8561AABEB3DB5E66D3AA"
"r3-arm64-rton","System.Net.NameResolution.dll","61440","B9A9D754B8CF3B2FFC17234BB1A25A019CFD2853EA6F3E5EBFAE8A64A28C3A82"
"r3-arm64-rton","System.Net.NameResolution.xml","26150","903462EFF8EAFCB2470E983870AE874691B031DC2DA0E95696BCD89C92F296AF"
"r3-arm64-rton","System.Net.NetworkInformation.dll","80896","DA840ABD33D1DA5ED3A5FD3D197E9D825966A2CFD4127E829C6E8B9A18330DBE"
"r3-arm64-rton","System.Net.NetworkInformation.xml","142724","8F1FBA3A0FF2C564B1C856F51392EBA46E9D5D7CF87C5FC44C05E177959625E3"
"r3-arm64-rton","System.Net.Ping.dll","41984","31462B0DED09E0A275B01C9BAC0B27C6D1B86AB6DE76179D5FA32E3885D2AC65"
"r3-arm64-rton","System.Net.Ping.xml","76887","1002A3EC0D5FE8EEBCC1C6ECE0D4CF33D4DFB744F1EDD99A26A94BD5C92A016A"
"r3-arm64-rton","System.Net.Primitives.dll","101376","1949171E6F56395E21DFE5C401CA6B0666BF1DE4644F66CC921531C049B30F79"
"r3-arm64-rton","System.Net.Primitives.xml","177211","02C0D5754D205C6E4847E9BFEF18019A164ABF95FF64E5998FFCD0E6945CF18D"
"r3-arm64-rton","System.Net.Quic.dll","154624","101A1E52AC198BE173F13172E0E7C151366984334208682119D74CBCE0D3B967"
"r3-arm64-rton","System.Net.Quic.xml","41079","9CF311E280E74FBCE4DF026BC82EC932A8D6F5BA3E0ACC5E39CEC5B0133FA82B"
"r3-arm64-rton","System.Net.Requests.dll","145408","5F74FFC35688CEBAA38763F71A21528E5D64FCDBEDE33384A6CE32565F0D1DDF"
"r3-arm64-rton","System.Net.Requests.xml","198738","8F5E670561DD3D8EA659A2359B3B59BE0833799D904DF6C55C5AE699F33D98FB"
"r3-arm64-rton","System.Net.Security.dll","357888","DB0780618BEC548C4B483A94641A985B667A2FB60D740F1BE812780EEAB6AE3D"
"r3-arm64-rton","System.Net.Security.xml","306155","760F0BBCF3EFCD3B337011BDC6F8953B5745CA4D300B873FB2F88C619B70EB44"
"r3-arm64-rton","System.Net.ServerSentEvents.dll","31744","536A9717EC2E52AD4FAD33BDF47743D55162080C9A1DD85A94808E36814863DD"
"r3-arm64-rton","System.Net.ServerSentEvents.xml","17759","ADB739A2B47D5595AC971B00EC5802D17BEB80DD28816605DA61133D1BF625FF"
"r3-arm64-rton","System.Net.ServicePoint.dll","5120","3F13A714895DA1407636E18449AC10873C011CEA77CB47A0A1ABE0D0CB417766"
"r3-arm64-rton","System.Net.Sockets.dll","222208","D35F7B16AB2BE9A1B47389F73E5F94709648187303190B3FB65B507E85745FD5"
"r3-arm64-rton","System.Net.Sockets.xml","496478","46C56CD22FA6DAB3B455EDB3F183C869910F66087405EF8C42BFD4D636F47174"
"r3-arm64-rton","System.Net.WebClient.dll","59904","7160F09522699A2F1CAE125EE64A9812A25AE2D3B49F4E9D651909350F61FE68"
"r3-arm64-rton","System.Net.WebClient.xml","116592","BAA84F5ECE0FDB0182F4BFE73469A30F4A895209895DE327D1C7C6617AC335BE"
"r3-arm64-rton","System.Net.WebHeaderCollection.dll","23040","4918308DA9E2E364A078F26FE6840DCB30B13915588D35693828D7177971D617"
"r3-arm64-rton","System.Net.WebHeaderCollection.xml","34669","3821F853FBEFC5D8343E25B6D757C21B68C59D319F4B51929BB0F3C344736D64"
"r3-arm64-rton","System.Net.WebProxy.dll","13824","0E59D2151A9FEA105A89D21941DE30345E259EF36EC9B9E9EBBA74F9D90DB60D"
"r3-arm64-rton","System.Net.WebProxy.xml","18329","ACE6C272FC590F5A155F6FCD6821B835B2ECDF90D49FF588528BEFF1B2652A28"
"r3-arm64-rton","System.Net.WebSockets.Client.dll","39424","6D7F48A75582043B09F510090648FB1F82133456AAD87C82C9F68EBA45610ECB"
"r3-arm64-rton","System.Net.WebSockets.Client.xml","18390","871746486454DAF125812F038071A9B78024E4855105C07028EC26708F4DEE52"
"r3-arm64-rton","System.Net.WebSockets.dll","89088","3AD0E4932B39C5B413500B22F77C3BF0483092E0C9BAB4CDFF51FFF2950862AD"
"r3-arm64-rton","System.Net.WebSockets.xml","59977","3467926895C207DBFC9B7947527AB113CA6C13802DB61ADC8BD73019FB7A5E35"
"r3-arm64-rton","System.Numerics.dll","5120","197BA2D467B353A9696E20ADD9E67128677CF548823093C5C36495A9C4C28E96"
"r3-arm64-rton","System.Numerics.Vectors.dll","6144","4164906ADFAFAE3B41F4198CC975B7989705AA870D0658B8CAB477C8EFA1527A"
"r3-arm64-rton","System.Numerics.Vectors.xml","425515","15C97ACBB2DF26037AC4BCDD80FD05F3B5BCE6F46FDC95EFDF5E8FBE6535E874"
"r3-arm64-rton","System.ObjectModel.dll","31232","BC0DC7EAE71FDE9DDA5B0293C86BFE0CD5CA01078F2878466335C9A97DA11836"
"r3-arm64-rton","System.ObjectModel.xml","46918","99E5DCD740CF87AC3E40BEE23CB03CB644506D7A203C1E46228695EFB3758B8D"
"r3-arm64-rton","System.Private.CoreLib.dll","18917376","3B7FDBAD257B29BED352ADDCE1F724D89FDCCAE75FC3E2C1E47F7B1BA471351B"
"r3-arm64-rton","System.Private.DataContractSerialization.dll","837120","46ED76A6D26A4BB8965D7F472CB5E5D64F418E148349557453FD5779BBA504C1"
"r3-arm64-rton","System.Private.DataContractSerialization.xml","133873","ABF9A9862335F39CAD71BA94DD310EE0AB808D6068560739D02E3ED96025F364"
"r3-arm64-rton","System.Private.Uri.dll","93184","189234B6A10F247F391AD7BBCA1ED6C436C503D44BDFCAED456FDD212B90CA1A"
"r3-arm64-rton","System.Private.Uri.xml","21110","4B3FF3010755337B82B544A45EC0511C1721F6B9F9F8198E09DAE1F30835B602"
"r3-arm64-rton","System.Private.Xml.dll","2844672","03E398AA17FE6320356975A6EF49C44A92647366CB98B67100AF360418BF0B27"
"r3-arm64-rton","System.Private.Xml.Linq.dll","123904","6F4384152B4C7EC7122613C09FAC5FE36994CBDB517ACC53B2275DBC86F75540"
"r3-arm64-rton","System.Private.Xml.Linq.xml","249795","6867A8B63F473D459F5B7F709B08490BB8A2A157EB7B753241C9A67624692353"
"r3-arm64-rton","System.Private.Xml.xml","838446","712FCB2010599107C1A2A8A22997A3E913A8DAB5A7D06EC732C84413D4754E8F"
"r3-arm64-rton","System.Reflection.DispatchProxy.dll","28160","4C85D8DBC888BD5BA7058BCD6F32820E08C4224214FDDEEEA43AA2D329F1308B"
"r3-arm64-rton","System.Reflection.DispatchProxy.xml","5119","0AA9646013D859BCF7215CCA7B95575E2B7CA339424CE3BEFAB39BF1732E68EC"
"r3-arm64-rton","System.Reflection.dll","6144","7EF204D9D12D6B08FD1FB82262662BB5ABFD349EB9BB0AC7CF897E53033E6CF5"
"r3-arm64-rton","System.Reflection.Emit.dll","124416","794450370C2B7D773612795B3B2C9056F7660A2F08572ED56F5067A02C04B527"
"r3-arm64-rton","System.Reflection.Emit.ILGeneration.dll","5632","1750F5791F5518AFBEBC122013E06AE4EA7D266FC9ECD4BEF3974E5478E5E82E"
"r3-arm64-rton","System.Reflection.Emit.ILGeneration.xml","62681","93DEA1853E3CDCA95DDB06E391914E8C98C6262EB8FAE036FCBE21997FF11578"
"r3-arm64-rton","System.Reflection.Emit.Lightweight.dll","5632","0D032CD6537D9A33BB4BF0A9E8F555EBC8BC2E424C9BE4B73C0E5A06AB8B9465"
"r3-arm64-rton","System.Reflection.Emit.Lightweight.xml","42507","9E5BFA12B4AADB8693DB8CFBF4EA24C2996AD25878929C124B2DAB0CCB4031F8"
"r3-arm64-rton","System.Reflection.Emit.xml","367224","4DD82B9F80A689991B99390F8E19D4B3623FBA473141D64F41F0A43B3627CB61"
"r3-arm64-rton","System.Reflection.Extensions.dll","5120","1423786A1D80AFCFEC76BA2AED9B82F366D4BA4BC2D17DC12F0B2496B4D64071"
"r3-arm64-rton","System.Reflection.Metadata.dll","494080","21D7B4B937D6CA543C56DBE230DE9AA2AE1F7D7C61EDF0391000E3E055C58905"
"r3-arm64-rton","System.Reflection.Metadata.xml","674415","70A05B8BD993FC92CC6C0EC9DB623BCD82009806773C559EC5506CB3CFDFCFA8"
"r3-arm64-rton","System.Reflection.Primitives.dll","5632","2584ABDFB4A527E2EBE2470999541F7EFABCDF1501320308C1516D2D9F50230C"
"r3-arm64-rton","System.Reflection.Primitives.xml","69057","DE04BE9D60B83D1F8A863972A9A93ED1BC7EB70CAE902122FADA223EED159B12"
"r3-arm64-rton","System.Reflection.TypeExtensions.dll","14336","DF25349E2994A126958DDB78F9316A08F7D7D9B99D094654F14C4D0EBE0FFF6B"
"r3-arm64-rton","System.Reflection.TypeExtensions.xml","10599","F478ECFBC025108225AA90703A0CE9D34AAFB992CB1A384FC1667F1263A3BA53"
"r3-arm64-rton","System.Resources.Reader.dll","5120","39ABF5555CE79989AED9CB3F40F55922519AD321065B5E10A7EFC10AEFC4A80E"
"r3-arm64-rton","System.Resources.ResourceManager.dll","5632","AAFF6D4A111C75AE92AF306898B58714CC49DC310A72E6EC9007A70A76B9B288"
"r3-arm64-rton","System.Resources.Writer.dll","16384","FBDF839BC19A914C2BD014434B6693D6D430EAA6E18F926B2BA586F437976056"
"r3-arm64-rton","System.Resources.Writer.xml","11657","48EBB24760B6F97446CE634F065E0B715638E71D6AEDEDB4450BEEE5D0E394A8"
"r3-arm64-rton","System.Runtime.CompilerServices.Unsafe.dll","5120","A4236E1178B4815991B74C81D45C64FC3ECC00E8DFDD9D8FF8710B49F718864E"
"r3-arm64-rton","System.Runtime.CompilerServices.VisualC.dll","7168","959104015882BF0A838185A8A4CD750A6631A8B298D89CC661A6B4394BD6BA60"
"r3-arm64-rton","System.Runtime.CompilerServices.VisualC.xml","5680","151608EE0478149CEAB63A53FCF97FC2A43EB54764E47AA2274E7820260E555D"
"r3-arm64-rton","System.Runtime.dll","35840","E7231877715325C96F43DC2B9A33418D54A7B886D2AFC846162E5A984989D633"
"r3-arm64-rton","System.Runtime.Extensions.dll","7680","629E96A14185DDC8655F36000728F4D4A22E87D0A31341BEC1DFB786AD8E701D"
"r3-arm64-rton","System.Runtime.Handles.dll","5120","034B43B6931F08104D98DACB30B5F0AF0FE4E49B085F29F6C4007FCF61D8B732"
"r3-arm64-rton","System.Runtime.InteropServices.dll","54272","CBDDAA2B35792193429E8DCEE0CA3D0E6FFEEBA6E4E68D11992FD85FED634456"
"r3-arm64-rton","System.Runtime.InteropServices.JavaScript.dll","28160","88E4D4DC91FCC2758CFF20D28FDBB6A61EE927DFB177366A16D1BD8052902A57"
"r3-arm64-rton","System.Runtime.InteropServices.JavaScript.xml","17849","B770AD96806E0D27979E0AB1D536246BD46D0AA896524EA83E557C6C72B7CF05"
"r3-arm64-rton","System.Runtime.InteropServices.RuntimeInformation.dll","5120","7A67612279EEDD2A19F261D1EAD39CE9B0FCC6A19ED0132C60AEF2156E756176"
"r3-arm64-rton","System.Runtime.InteropServices.xml","717459","F790C90EC98DC12421B2F3B5419F26A0DCAD50C145D066F5B7DBD8F76D9F3DA2"
"r3-arm64-rton","System.Runtime.Intrinsics.dll","8704","BE8F76B36E01EE02FC0F02946A173F569B8BB9E76C1691F6A74176A052F10DBD"
"r3-arm64-rton","System.Runtime.Intrinsics.xml","4719531","98A4EF05430C2A18BB2DA316D081D98BED0B63E8646024B2F3FC074EC803F538"
"r3-arm64-rton","System.Runtime.Loader.dll","5632","488F08E0492656D4D19B10A9C59565568112786506B8ED39340972CD4529B73E"
"r3-arm64-rton","System.Runtime.Loader.xml","23047","1BBEE7EAE1304C3FB086883B8372C0159C25FA952172F0793647F6E28B8229FB"
"r3-arm64-rton","System.Runtime.Numerics.dll","176640","748CCC43FBC77D44306774DF35D47614B1807F0B078A352CF0A388216F55AB75"
"r3-arm64-rton","System.Runtime.Numerics.xml","174198","9F44524F953893FCC8E743FAF0114D572B536FD3D9617A6D5D0910678CAC1FAA"
"r3-arm64-rton","System.Runtime.Serialization.dll","6656","2C64E70B40B7A23FBAC8CDAE2F1A942EC2E6E67E23B53B4015B3A460CB02E75F"
"r3-arm64-rton","System.Runtime.Serialization.Formatters.dll","55808","C486EB79270D1CFF1295D48C700BF42607C7BCAB0E8D21B0870143D128F6A0CA"
"r3-arm64-rton","System.Runtime.Serialization.Formatters.xml","68932","781440B3EC71334FC02A2A35DEE97757BD9164C18795F10862EE9CB9ABCFAFF6"
"r3-arm64-rton","System.Runtime.Serialization.Json.dll","5632","D5FADA58514B5CD6A1E4D684AE5A8204DB3A68D58411AF8FD63B798646EC55E0"
"r3-arm64-rton","System.Runtime.Serialization.Json.xml","40889","B9559342C00136FCF56AAF77090466FE742DEDFE742173AAB2A9C6C3CEAD6D51"
"r3-arm64-rton","System.Runtime.Serialization.Primitives.dll","13312","5509174B0FE12D22F4EE78773598E29166CD845DB94959CD128788C350422D63"
"r3-arm64-rton","System.Runtime.Serialization.Primitives.xml","21598","7E5C5CD9C6786D4CFDC74A6F7BD13AD84664F14FA400971C320BE6F959679B08"
"r3-arm64-rton","System.Runtime.Serialization.Xml.dll","6656","684357C0E7BB5FA81EDA536D3481269A31EE8391D55BB6A6E0E60DECFA429ED9"
"r3-arm64-rton","System.Runtime.Serialization.Xml.xml","223076","CD7F37B8415ACB2E780A373E83F8609DD524139471A974D267CC6124349B27E1"
"r3-arm64-rton","System.Runtime.xml","7651301","A6708171773D23000BF45673B97CF0DAAA8D34566C6581DF6833C3A4A14D411A"
"r3-arm64-rton","System.Security.AccessControl.dll","47616","8F7FE38BB5C63C85F29AB21C68B775E7901E9CEC32A91EF76424823E145EFF0D"
"r3-arm64-rton","System.Security.AccessControl.xml","231410","AA2D7D459FFDE379F3D04CECDE2D24DC31B0FFC822604EC2F49601ABDD4DC23C"
"r3-arm64-rton","System.Security.Claims.dll","44544","854F35A67A5FE7F2C7488FCCE86274B5BD084EC845D56A48E69111C6447ECC4A"
"r3-arm64-rton","System.Security.Claims.xml","69298","7691AE8E47F3BD890DF0836A8A6A958B60A7A517DB7432B8490866A0A30B3927"
"r3-arm64-rton","System.Security.Cryptography.Algorithms.dll","7168","26FA38FAC01F50DD9D7AFFDD71EA719A9D49FAD0832C6A433DDBE27A1C7A9E97"
"r3-arm64-rton","System.Security.Cryptography.Cng.dll","6144","60A96422BA6566F3B7F4259486E7BE9C49E2E471A3A178081B07075DDB5CC9D6"
"r3-arm64-rton","System.Security.Cryptography.Csp.dll","5632","CA4171EDB0D940CA385B551CAFD4E8F0301C57BA700BB34CC9AB1144B619CD95"
"r3-arm64-rton","System.Security.Cryptography.dll","1052672","32207AEB90663D1361791D5F7BD60BF72231E33D9CAAC40FC66FB05E1ABD97E5"
"r3-arm64-rton","System.Security.Cryptography.Encoding.dll","5632","BB853D9C99D1A5C03A86357AC878123D52A331388F805F0113F7EF901F9091C8"
"r3-arm64-rton","System.Security.Cryptography.OpenSsl.dll","5632","87B8BA0FEE7A9080F53B62F80DC7299831C954137921B9EFD5C3A5A340FE9865"
"r3-arm64-rton","System.Security.Cryptography.Pkcs.dll","715264","BA7E920DC8AD175F2581DFCD158F9744ACA987891C504B12C84BA704B4532018"
"r3-arm64-rton","System.Security.Cryptography.Primitives.dll","5632","41E1A5DA1527F07720C058B3101BEF2442DA802B2E5559EA8745CA633EA27D80"
"r3-arm64-rton","System.Security.Cryptography.X509Certificates.dll","6656","9E21609929A49A945C10C1C7F2E55F14A490B7EA287ABD0EEB73DE1D6022EDE1"
"r3-arm64-rton","System.Security.Cryptography.xml","1959515","D5BD5FFBD61E6EB370D89E06721EF3F3029E2E2D75A8E4FCB45DB66B1157078D"
"r3-arm64-rton","System.Security.Cryptography.Xml.dll","499200","DC673BDA133775B8A010314A13D54B1EFAE1E0006C18AA5BD3106609D490DED6"
"r3-arm64-rton","System.Security.dll","8192","474C6E63CBD1095BA519C68DE9CC0EC519D248F8282BB66FC9B000CBFBCECEB1"
"r3-arm64-rton","System.Security.Principal.dll","5120","20AD1368ACFE02E7769C477C00B8E33FF036BB3C5D32706C72BAD4CE3C5757C5"
"r3-arm64-rton","System.Security.Principal.Windows.dll","27648","68E8782B83D331CC0B5197A40024CAF21290D2A702C2950DDDAFE520619B8895"
"r3-arm64-rton","System.Security.Principal.Windows.xml","91022","FD8D26D4DD73481A0BE08A89C4986B7AF80C050C8D493C1D7D9708FC64C398FA"
"r3-arm64-rton","System.Security.SecureString.dll","5120","EDAF93DCA7EF7CDAB9C5FD885BFA6AF5B128A0BFAC94D0C23492E97F99FB66D0"
"r3-arm64-rton","System.ServiceModel.Web.dll","6656","E8818F1E95878C4F9C4AC33BD5485D1FD5ABFD45F0FDC03731548766EA1CAE92"
"r3-arm64-rton","System.ServiceProcess.dll","5632","A0E6E1F8EFBC5AD69FFB95813DC7517F30E65538DA55CF299861D05C33E79829"
"r3-arm64-rton","System.Text.Encoding.CodePages.dll","732160","BEDB023B090D6DE302F7DE55A8C1C82C754302DC5659C5F84DED02F267BED5B4"
"r3-arm64-rton","System.Text.Encoding.CodePages.xml","2077","C9352B14FBD3CFC80D8CB467E635A5324D903A7056C779856A2C9C846E3DB13B"
"r3-arm64-rton","System.Text.Encoding.dll","5632","7BF7938F78CCFD64200FB30D54952DDE1AF4694AFD4B67DE17203619EF1EE7C0"
"r3-arm64-rton","System.Text.Encoding.Extensions.dll","5632","7A16E5923F3887A548D62A0A3C8E58D1C5619A94E1887AA6CC4281452223EEA0"
"r3-arm64-rton","System.Text.Encoding.Extensions.xml","120315","AC7FF9A4705EB4A04B00A9129A7CB36C9AE0EC2382780DF7BE4CAE5FC2F94538"
"r3-arm64-rton","System.Text.Encodings.Web.dll","56320","E003F1BCE4132C9C447273B22BE568995F55DD53F488D7405FBD997E5A926FCB"
"r3-arm64-rton","System.Text.Encodings.Web.xml","63180","1E5AB354F4AB73CDFACFE347FADFED7399E7B7733C6B0C35A875B0B1A9486FD9"
"r3-arm64-rton","System.Text.Json.dll","715264","CEF9BE095E35BD1461A614E741128124F4E184321502D963932800AF71BC0F3E"
"r3-arm64-rton","System.Text.Json.xml","599660","63342E258274D49EA205580A1F9D526AC41189B8E741314C625A6989CF350BDE"
"r3-arm64-rton","System.Text.RegularExpressions.dll","385024","B89D22AAF4961808D836AD1FCCFC9E5BE1A6DC61C7F774011BEC5BC71B8973F2"
"r3-arm64-rton","System.Text.RegularExpressions.xml","681150","25F88633B40FB85B917764E4C81050C4E191EC2F1A5B04A86E8E6BFBC2A62CBE"
"r3-arm64-rton","System.Threading.AccessControl.dll","23040","C90D3D3325F01E657037614058ED5C7FE08618B8BBDF21D89837C959DA1B0BB7"
"r3-arm64-rton","System.Threading.AccessControl.xml","92495","DF56F567ED4C5349A89AF8C727AAD9FA8DFEF8F75EF2875C6F9F4DEDDB1D4510"
"r3-arm64-rton","System.Threading.Channels.dll","56320","F506E42EAE65D476A8A02C55DFD802D9DD90403680FD7703C4AB34E42646020A"
"r3-arm64-rton","System.Threading.Channels.xml","21430","17C37B99B1FD8763806C183FEFEC1E753487FC14C7C2D28B1012F8FDA831086A"
"r3-arm64-rton","System.Threading.dll","34816","B01909666CDE9F356673034DD72C159C2408A6E0D4E481AB2AC4E31199D21E79"
"r3-arm64-rton","System.Threading.Overlapped.dll","5632","76E001E4B863107CDF8F3AEE5294D56ECA3B311F9773D65C9EF3BC3E4740BD85"
"r3-arm64-rton","System.Threading.Overlapped.xml","22818","31F3A826BD7DF74A6450DA87076B152E991A67C9B109895FD4F9D6CAEEC561F8"
"r3-arm64-rton","System.Threading.RateLimiting.dll","174080","908E64085919895A12FC4D9575783D222C8DF73C5015F3C02590B975CC5BD66F"
"r3-arm64-rton","System.Threading.Tasks.Dataflow.dll","176128","333DA74EC8F8E8781E0F20606BD023DD1E0173F6629A55BC74C284BA593A2D30"
"r3-arm64-rton","System.Threading.Tasks.Dataflow.xml","202749","548FC3272B0788BE8FE1B245B9CD3480671F310D9E8D3BB6836C423931802A07"
"r3-arm64-rton","System.Threading.Tasks.dll","6656","BE7AE8DEC2EC1B0F4B15FF56F04E67131A7CDEF7A4837D3AA970D48C94BF88AF"
"r3-arm64-rton","System.Threading.Tasks.Extensions.dll","5632","87B0018726A172B93EF7EFFED4AA7C38797F5D4413F5DC62C222EE0892A17988"
"r3-arm64-rton","System.Threading.Tasks.Parallel.dll","48128","D000715C022D5774BD3BA03634BAE8DD5C9FDFE2B1E4B4148752EC96E032943E"
"r3-arm64-rton","System.Threading.Tasks.Parallel.xml","75131","74D003938F6307153E1C94063D402BE1962CEC44F3DA05D9056A9D9B0F9A2E86"
"r3-arm64-rton","System.Threading.Thread.dll","5632","0BA93CB980C8E0D457B612D3A511652EAF5301499029C255CECF5752A3C7DA6F"
"r3-arm64-rton","System.Threading.Thread.xml","58913","B8B4305D35285F0EADAD5C2E3D614F2A71D4484B05D0A6B51172CADB46B587C4"
"r3-arm64-rton","System.Threading.ThreadPool.dll","5632","F290C7E613C9829D6B57AF51C5CF26E5C09F1CF81B59B97A9970DD8375EB6C66"
"r3-arm64-rton","System.Threading.ThreadPool.xml","29900","2C9FAEE415DE6B96F33BF98B6C9A760825FE268C7748C8743AFAC0A51D123FFA"
"r3-arm64-rton","System.Threading.Timer.dll","5120","32CCB39215F6AD672E2154A191984AC00AE031C37BCDCF803C1B0F872A9D055A"
"r3-arm64-rton","System.Threading.xml","299902","80E8C637A8C376C09A567A7E273AFEAB4E7D69E87A16EEE6F25A52D3BB78AF73"
"r3-arm64-rton","System.Transactions.dll","6656","1E82B5E9DB89AC622F1F7BCB23E0FE89E3309047434A595000863545634F5DBC"
"r3-arm64-rton","System.Transactions.Local.dll","164864","ABCAC109458A8B98482EAAEDE5BD43853CC3E1ECBC5645BDA3739640DB63930D"
"r3-arm64-rton","System.Transactions.Local.xml","77920","165C45B1AC2B6EA668633D1F38483D0A8801FAD23BD97CED3B651FD7B21F47DD"
"r3-arm64-rton","System.ValueTuple.dll","5632","F1D9048B5B862F30E61EBE2079F3E8CB6B6B36894E5AA1B8006E02CFA0F2037C"
"r3-arm64-rton","System.Web.dll","4608","D8F4AB798872C8A48C83C82F6508F28A7921B40342492B5950583F3F689928DF"
"r3-arm64-rton","System.Web.HttpUtility.dll","19968","ACCDE8EE264E7B16C032E96B9BD5736D8AAC7421A0ACB1E95CE3DAD1BDBAFC4C"
"r3-arm64-rton","System.Web.HttpUtility.xml","14645","797835159C86A4CCF7047B208983D4469867FA60809A4EB12FEB2D6387A08B14"
"r3-arm64-rton","System.Windows.dll","5632","3087190A907B59392E698AF8C03FF2633073276AB21C2392D6601697CC69E4DE"
"r3-arm64-rton","System.Xml.dll","12800","9EAD9232D05DD0896977337C8D8C15B61F1AA573337EE00756E9AD6C46076442"
"r3-arm64-rton","System.Xml.Linq.dll","5632","860C6C946C8BEFCADBF35323FE910A6500D1FC3B3DDCA22815676C20A42E893C"
"r3-arm64-rton","System.Xml.ReaderWriter.dll","11776","28EB06EACB5B350973BDCD5E66C900510180C0D05DBA13A1F6B874E896F6D569"
"r3-arm64-rton","System.Xml.ReaderWriter.xml","1092355","3D2F7F25BE1B2D175B8BB37B428D15ADCE9455408DC7C5982455C754FD1066E9"
"r3-arm64-rton","System.Xml.Serialization.dll","6144","798DD71A2FDF7A9FDC4C8B24152B0939992BE897E063DB98C9F3DC21A4147293"
"r3-arm64-rton","System.Xml.XDocument.dll","5632","D954DE1E2019E7151CCB7BC4821355FE2066834320D41D43D17571ED3339276F"
"r3-arm64-rton","System.Xml.XDocument.xml","188008","41153E3F07D0370AAC54404E7ED4F7B0E31FF5671A39018554C0F1DAD469CB7B"
"r3-arm64-rton","System.Xml.XmlDocument.dll","5632","8DCBF46AF458EFA22C4F18BC5AFDBFADEFA4670CEEB4CE41EB0CF1C02E9A1C4F"
"r3-arm64-rton","System.Xml.XmlSerializer.dll","7680","C3DA03B17AB00D181AA99EE733C4E35F66763C9A1C3431B40A68E20EBD4A75FF"
"r3-arm64-rton","System.Xml.XmlSerializer.xml","265080","7729C9D65973E61491CFDC7D6A08724A1BFF7774EF3342E0904BD1577BAE31F1"
"r3-arm64-rton","System.Xml.XPath.dll","5632","9A353BA896C63E0B89CAE773945C98E01C08200C6D633C9E21AC4F06EFF4A7DB"
"r3-arm64-rton","System.Xml.XPath.XDocument.dll","5632","AC945A912346ED8E04D98C193367CDEAA7B996321056E0D4754865E89DF0E6FD"
"r3-arm64-rton","System.Xml.XPath.XDocument.xml","6570","32C8F5D9205424080D010B2E87D8B0166EF68E63CD963BBDBACD626F3901D6E3"
"r3-arm64-rton","System.Xml.XPath.xml","8348","7CDD0F0366082EAC989E89D95D5A0C3C38A9C7A00E67CB2836C65394F93A58F2"
"r3-arm64-rton","WindowsBase.dll","5632","D0B2199531080AEF39404DC33F88FE1856D26FCAE1CE4A5B865041B407ECFBC6"
